sourceId|company|title|category|location|workMode|stipend|experience|skills|description|daysAgo
seed:f3fed9e30c57ad26|3M|Engineering Intern|INTERNSHIP|Multiple locations|Hybrid|₹12,000 / month|Internship|autocad,matlab,solidworks,communication|3M is looking for fresh graduates and early-career candidates for the Engineering Intern role in the industrial conglomerates space. Skills typically asked for this role: autocad, matlab, solidworks, communication. This is a sample role built from typical industry requirements, not a confirmed vacancy. Check the company's careers page for the real opening.|5
seed:61804baf07b29f37|3M|Design Engineer|FULL_TIME|Multiple locations|Remote|3-7 Lacs PA|0-2 Yrs|autocad,solidworks,catia,cad,ansys|3M is looking for fresh graduates and early-career candidates for the Design Engineer role in the industrial conglomerates space. Skills typically asked for this role: autocad, solidworks, catia, cad, ansys. This is a sample role built from typical industry requirements, not a confirmed vacancy. Check the company's careers page for the real opening.|6
seed:dc0b3e5a25ea3957|A. O. Smith|Embedded Software Engineer|FULL_TIME|Multiple locations|Remote|5-9 Lacs PA|0-2 Yrs|embedded c,c++,iot,arduino,linux|A. O. Smith is looking for fresh graduates and early-career candidates for the Embedded Software Engineer role in the building products space. Skills typically asked for this role: embedded c, c++, iot, arduino, linux. This is a sample role built from typical industry requirements, not a confirmed vacancy. Check the company's careers page for the real opening.|11
seed:2d9a2093ebd9cb14|A. O. Smith|Production Engineer|FULL_TIME|Multiple locations|Onsite|4-8 Lacs PA|0-2 Yrs|lean manufacturing,six sigma,quality control,cnc,cad|A. O. Smith is looking for fresh graduates and early-career candidates for the Production Engineer role in the building products space. Skills typically asked for this role: lean manufacturing, six sigma, quality control, cnc, cad. This is a sample role built from typical industry requirements, not a confirmed vacancy. Check the company's careers page for the real opening.|3
seed:e7d4602e8bfeb52f|AES Corporation|Data Analyst (Operations)|FULL_TIME|Multiple locations|Remote|3-7 Lacs PA|0-2 Yrs|sql,excel,python,power bi,statistics|AES Corporation is looking for fresh graduates and early-career candidates for the Data Analyst (Operations) role in the independent power producers & energy traders space. Skills typically asked for this role: sql, excel, python, power bi, statistics. This is a sample role built from typical industry requirements, not a confirmed vacancy. Check the company's careers page for the real opening.|6
seed:65fa5383116f5fc5|AES Corporation|Engineering Intern|INTERNSHIP|Multiple locations|Onsite|₹12,000 / month|Internship|process design,matlab,excel,project management|AES Corporation is looking for fresh graduates and early-career candidates for the Engineering Intern role in the independent power producers & energy traders space. Skills typically asked for this role: process design, matlab, excel, project management. This is a sample role built from typical industry requirements, not a confirmed vacancy. Check the company's careers page for the real opening.|11
seed:c8e9be9f1cd607ce|APA Corporation|Process Engineer Trainee|FULL_TIME|Multiple locations|Remote|4-7 Lacs PA|0-2 Yrs|process design,thermodynamics,aspen plus,matlab|APA Corporation is looking for fresh graduates and early-career candidates for the Process Engineer Trainee role in the oil & gas exploration & production space. Skills typically asked for this role: process design, thermodynamics, aspen plus, matlab. This is a sample role built from typical industry requirements, not a confirmed vacancy. Check the company's careers page for the real opening.|14
seed:167fb48b9bd66340|APA Corporation|Graduate Engineer Trainee (Electrical)|FULL_TIME|Multiple locations|Onsite|3-6 Lacs PA|0-1 Yrs|plc,scada,matlab,project management|APA Corporation is looking for fresh graduates and early-career candidates for the Graduate Engineer Trainee (Electrical) role in the oil & gas exploration & production space. Skills typically asked for this role: plc, scada, matlab, project management. This is a sample role built from typical industry requirements, not a confirmed vacancy. Check the company's careers page for the real opening.|1
seed:3581794f9cb268cd|AT&T|Network Engineer Trainee|FULL_TIME|Multiple locations|Remote|3-6 Lacs PA|0-2 Yrs|linux,iot,python,communication|AT&T is looking for fresh graduates and early-career candidates for the Network Engineer Trainee role in the integrated telecommunication services space. Skills typically asked for this role: linux, iot, python, communication. This is a sample role built from typical industry requirements, not a confirmed vacancy. Check the company's careers page for the real opening.|2
seed:eb4b710b40305d7e|AT&T|Software Engineer|FULL_TIME|Multiple locations|Onsite|3-6 Lacs PA|0-2 Yrs|java,python,sql,rest api,git|AT&T is looking for fresh graduates and early-career candidates for the Software Engineer role in the integrated telecommunication services space. Skills typically asked for this role: java, python, sql, rest api, git. This is a sample role built from typical industry requirements, not a confirmed vacancy. Check the company's careers page for the real opening.|13
seed:a75dd83a47b91cb8|AbbVie|Quality Control Analyst|FULL_TIME|Multiple locations|Remote|2-5 Lacs PA|0-2 Yrs|quality control,lab techniques,spectroscopy,research|AbbVie is looking for fresh graduates and early-career candidates for the Quality Control Analyst role in the biotechnology space. Skills typically asked for this role: quality control, lab techniques, spectroscopy, research. This is a sample role built from typical industry requirements, not a confirmed vacancy. Check the company's careers page for the real opening.|12
seed:2dc3f41553a930f0|AbbVie|Research Associate|FULL_TIME|Multiple locations|Remote|2-6 Lacs PA|0-2 Yrs|research,lab techniques,pcr,pharmacology|AbbVie is looking for fresh graduates and early-career candidates for the Research Associate role in the biotechnology space. Skills typically asked for this role: research, lab techniques, pcr, pharmacology. This is a sample role built from typical industry requirements, not a confirmed vacancy. Check the company's careers page for the real opening.|9
seed:8de2fbb831df549b|Abbott Laboratories|Quality Control Analyst|FULL_TIME|Multiple locations|Hybrid|1-4 Lacs PA|0-2 Yrs|quality control,lab techniques,spectroscopy,research|Abbott Laboratories is looking for fresh graduates and early-career candidates for the Quality Control Analyst role in the health care equipment space. Skills typically asked for this role: quality control, lab techniques, spectroscopy, research. This is a sample role built from typical industry requirements, not a confirmed vacancy. Check the company's careers page for the real opening.|8
seed:74f4a5e127264f37|Abbott Laboratories|Medical Representative Trainee|FULL_TIME|Multiple locations|Remote|3-5 Lacs PA|0-1 Yrs|sales,communication,pharmacology|Abbott Laboratories is looking for fresh graduates and early-career candidates for the Medical Representative Trainee role in the health care equipment space. Skills typically asked for this role: sales, communication, pharmacology. This is a sample role built from typical industry requirements, not a confirmed vacancy. Check the company's careers page for the real opening.|14
seed:a83d9de420c8a004|Adobe Inc.|Software Engineer Trainee|FULL_TIME|Multiple locations|Remote|3-5 Lacs PA|0-1 Yrs|java,sql,data structures,git,rest api|Adobe Inc. is looking for fresh graduates and early-career candidates for the Software Engineer Trainee role in the application software space. Skills typically asked for this role: java, sql, data structures, git, rest api. This is a sample role built from typical industry requirements, not a confirmed vacancy. Check the company's careers page for the real opening.|8
seed:c7dfebac4f3938bd|Adobe Inc.|Machine Learning Engineer|FULL_TIME|Multiple locations|Onsite|5-8 Lacs PA|0-2 Yrs|python,machine learning,tensorflow,pandas,numpy,scikit-learn|Adobe Inc. is looking for fresh graduates and early-career candidates for the Machine Learning Engineer role in the application software space. Skills typically asked for this role: python, machine learning, tensorflow, pandas, numpy, scikit-learn. This is a sample role built from typical industry requirements, not a confirmed vacancy. Check the company's careers page for the real opening.|10
seed:2e505d9f387488fc|Adobe Inc.|Software Development Intern|INTERNSHIP|Multiple locations|Hybrid|₹20,000 / month|Internship|python,java,data structures,git|Adobe Inc. is looking for fresh graduates and early-career candidates for the Software Development Intern role in the application software space. Skills typically asked for this role: python, java, data structures, git. This is a sample role built from typical industry requirements, not a confirmed vacancy. Check the company's careers page for the real opening.|12
seed:d23bd79032fe43b1|Advanced Micro Devices|Python Developer|FULL_TIME|Multiple locations|Remote|2-6 Lacs PA|0-2 Yrs|python,sql,rest api,git,pandas|Advanced Micro Devices is looking for fresh graduates and early-career candidates for the Python Developer role in the semiconductors space. Skills typically asked for this role: python, sql, rest api, git, pandas. This is a sample role built from typical industry requirements, not a confirmed vacancy. Check the company's careers page for the real opening.|12
seed:64f9804b66fe7208|Advanced Micro Devices|Software Development Intern|INTERNSHIP|Multiple locations|Onsite|₹8,000 / month|Internship|python,java,data structures,git|Advanced Micro Devices is looking for fresh graduates and early-career candidates for the Software Development Intern role in the semiconductors space. Skills typically asked for this role: python, java, data structures, git. This is a sample role built from typical industry requirements, not a confirmed vacancy. Check the company's careers page for the real opening.|6
seed:1ca012a44f4d1ead|Advanced Micro Devices|Cyber Security Analyst|FULL_TIME|Multiple locations|Onsite|5-9 Lacs PA|0-2 Yrs|cyber security,linux,python,communication|Advanced Micro Devices is looking for fresh graduates and early-career candidates for the Cyber Security Analyst role in the semiconductors space. Skills typically asked for this role: cyber security, linux, python, communication. This is a sample role built from typical industry requirements, not a confirmed vacancy. Check the company's careers page for the real opening.|8
seed:da549d47d14fbe04|Aflac|Research Associate|FULL_TIME|Multiple locations|Onsite|2-5 Lacs PA|0-2 Yrs|research,lab techniques,pcr,pharmacology|Aflac is looking for fresh graduates and early-career candidates for the Research Associate role in the life & health insurance space. Skills typically asked for this role: research, lab techniques, pcr, pharmacology. This is a sample role built from typical industry requirements, not a confirmed vacancy. Check the company's careers page for the real opening.|13
seed:a40b1282a684dedf|Aflac|Quality Control Analyst|FULL_TIME|Multiple locations|Onsite|1-4 Lacs PA|0-2 Yrs|quality control,lab techniques,spectroscopy,research|Aflac is looking for fresh graduates and early-career candidates for the Quality Control Analyst role in the life & health insurance space. Skills typically asked for this role: quality control, lab techniques, spectroscopy, research. This is a sample role built from typical industry requirements, not a confirmed vacancy. Check the company's careers page for the real opening.|2
seed:72a5583c2661da58|Agilent Technologies|Quality Control Analyst|FULL_TIME|Multiple locations|Onsite|3-6 Lacs PA|0-2 Yrs|quality control,lab techniques,spectroscopy,research|Agilent Technologies is looking for fresh graduates and early-career candidates for the Quality Control Analyst role in the life sciences tools & services space. Skills typically asked for this role: quality control, lab techniques, spectroscopy, research. This is a sample role built from typical industry requirements, not a confirmed vacancy. Check the company's careers page for the real opening.|6
seed:0dabc61be1dab95f|Agilent Technologies|Medical Representative Trainee|FULL_TIME|Multiple locations|Onsite|3-6 Lacs PA|0-1 Yrs|sales,communication,pharmacology|Agilent Technologies is looking for fresh graduates and early-career candidates for the Medical Representative Trainee role in the life sciences tools & services space. Skills typically asked for this role: sales, communication, pharmacology. This is a sample role built from typical industry requirements, not a confirmed vacancy. Check the company's careers page for the real opening.|6
seed:e61ce7be98498e00|Air Products|Quality Engineer|FULL_TIME|Multiple locations|Onsite|3-7 Lacs PA|0-2 Yrs|quality control,six sigma,lean manufacturing,excel|Air Products is looking for fresh graduates and early-career candidates for the Quality Engineer role in the industrial gases space. Skills typically asked for this role: quality control, six sigma, lean manufacturing, excel. This is a sample role built from typical industry requirements, not a confirmed vacancy. Check the company's careers page for the real opening.|9
seed:f6deb56d777b02c3|Air Products|Plant Intern|INTERNSHIP|Multiple locations|Hybrid|₹20,000 / month|Internship|process design,quality control,excel|Air Products is looking for fresh graduates and early-career candidates for the Plant Intern role in the industrial gases space. Skills typically asked for this role: process design, quality control, excel. This is a sample role built from typical industry requirements, not a confirmed vacancy. Check the company's careers page for the real opening.|6
seed:4d9e2687fbc9f8eb|Airbnb|Supply Chain Analyst|FULL_TIME|Multiple locations|Hybrid|3-6 Lacs PA|0-2 Yrs|supply chain,excel,sql,sap,business analysis|Airbnb is looking for fresh graduates and early-career candidates for the Supply Chain Analyst role in the hotels, resorts & cruise lines space. Skills typically asked for this role: supply chain, excel, sql, sap, business analysis. This is a sample role built from typical industry requirements, not a confirmed vacancy. Check the company's careers page for the real opening.|14
seed:16e4d02e1f8e6bab|Airbnb|Digital Marketing Executive|FULL_TIME|Multiple locations|Remote|2-6 Lacs PA|0-2 Yrs|digital marketing,seo,content writing,excel,communication|Airbnb is looking for fresh graduates and early-career candidates for the Digital Marketing Executive role in the hotels, resorts & cruise lines space. Skills typically asked for this role: digital marketing, seo, content writing, excel, communication. This is a sample role built from typical industry requirements, not a confirmed vacancy. Check the company's careers page for the real opening.|6
seed:d460a325c83849d1|Akamai Technologies|Software Engineer Trainee|FULL_TIME|Multiple locations|Hybrid|3-6 Lacs PA|0-1 Yrs|java,sql,data structures,git,rest api|Akamai Technologies is looking for fresh graduates and early-career candidates for the Software Engineer Trainee role in the internet services & infrastructure space. Skills typically asked for this role: java, sql, data structures, git, rest api. This is a sample role built from typical industry requirements, not a confirmed vacancy. Check the company's careers page for the real opening.|8
seed:06dc2ae0ad344ca4|Akamai Technologies|Cyber Security Analyst|FULL_TIME|Multiple locations|Onsite|4-8 Lacs PA|0-2 Yrs|cyber security,linux,python,communication|Akamai Technologies is looking for fresh graduates and early-career candidates for the Cyber Security Analyst role in the internet services & infrastructure space. Skills typically asked for this role: cyber security, linux, python, communication. This is a sample role built from typical industry requirements, not a confirmed vacancy. Check the company's careers page for the real opening.|2
seed:064a4fce30370a18|Akamai Technologies|Python Developer|FULL_TIME|Multiple locations|Onsite|3-5 Lacs PA|0-2 Yrs|python,sql,rest api,git,pandas|Akamai Technologies is looking for fresh graduates and early-career candidates for the Python Developer role in the internet services & infrastructure space. Skills typically asked for this role: python, sql, rest api, git, pandas. This is a sample role built from typical industry requirements, not a confirmed vacancy. Check the company's careers page for the real opening.|14
seed:364388c6013cc308|Albemarle Corporation|Quality Engineer|FULL_TIME|Multiple locations|Onsite|3-5 Lacs PA|0-2 Yrs|quality control,six sigma,lean manufacturing,excel|Albemarle Corporation is looking for fresh graduates and early-career candidates for the Quality Engineer role in the specialty chemicals space. Skills typically asked for this role: quality control, six sigma, lean manufacturing, excel. This is a sample role built from typical industry requirements, not a confirmed vacancy. Check the company's careers page for the real opening.|4
seed:0af3487e777131a4|Albemarle Corporation|Plant Intern|INTERNSHIP|Multiple locations|Remote|₹15,000 / month|Internship|process design,quality control,excel|Albemarle Corporation is looking for fresh graduates and early-career candidates for the Plant Intern role in the specialty chemicals space. Skills typically asked for this role: process design, quality control, excel. This is a sample role built from typical industry requirements, not a confirmed vacancy. Check the company's careers page for the real opening.|0
seed:5809843db3f3e294|Alexandria Real Estate Equities|Business Analyst|FULL_TIME|Multiple locations|Hybrid|3-5 Lacs PA|0-2 Yrs|excel,financial modeling,sql,business analysis|Alexandria Real Estate Equities is looking for fresh graduates and early-career candidates for the Business Analyst role in the office reits space. Skills typically asked for this role: excel, financial modeling, sql, business analysis. This is a sample role built from typical industry requirements, not a confirmed vacancy. Check the company's careers page for the real opening.|6
seed:566749d9332ca664|Alexandria Real Estate Equities|Planning Engineer|FULL_TIME|Multiple locations|Hybrid|3-7 Lacs PA|0-2 Yrs|project management,autocad,excel,revit|Alexandria Real Estate Equities is looking for fresh graduates and early-career candidates for the Planning Engineer role in the office reits space. Skills typically asked for this role: project management, autocad, excel, revit. This is a sample role built from typical industry requirements, not a confirmed vacancy. Check the company's careers page for the real opening.|4
seed:7db2531554021514|Align Technology|Research Intern|INTERNSHIP|Multiple locations|Onsite|₹15,000 / month|Internship|research,lab techniques,statistics|Align Technology is looking for fresh graduates and early-career candidates for the Research Intern role in the health care supplies space. Skills typically asked for this role: research, lab techniques, statistics. This is a sample role built from typical industry requirements, not a confirmed vacancy. Check the company's careers page for the real opening.|12
seed:d71060e564cc3be2|Align Technology|Clinical Research Associate|FULL_TIME|Multiple locations|Hybrid|3-6 Lacs PA|0-2 Yrs|clinical research,research,statistics,communication|Align Technology is looking for fresh graduates and early-career candidates for the Clinical Research Associate role in the health care supplies space. Skills typically asked for this role: clinical research, research, statistics, communication. This is a sample role built from typical industry requirements, not a confirmed vacancy. Check the company's careers page for the real opening.|6
seed:7fe567fff4e8fed6|Allegion|Supply Chain Analyst|FULL_TIME|Multiple locations|Onsite|2-5 Lacs PA|0-2 Yrs|supply chain,excel,sql,sap,business analysis|Allegion is looking for fresh graduates and early-career candidates for the Supply Chain Analyst role in the building products space. Skills typically asked for this role: supply chain, excel, sql, sap, business analysis. This is a sample role built from typical industry requirements, not a confirmed vacancy. Check the company's careers page for the real opening.|11
seed:87c8bce4a81b92fe|Allegion|Production Engineer|FULL_TIME|Multiple locations|Remote|3-7 Lacs PA|0-2 Yrs|lean manufacturing,six sigma,quality control,cnc,cad|Allegion is looking for fresh graduates and early-career candidates for the Production Engineer role in the building products space. Skills typically asked for this role: lean manufacturing, six sigma, quality control, cnc, cad. This is a sample role built from typical industry requirements, not a confirmed vacancy. Check the company's careers page for the real opening.|4
seed:32a60b8afae7650b|Alliant Energy|Engineering Intern|INTERNSHIP|Multiple locations|Hybrid|₹15,000 / month|Internship|process design,matlab,excel,project management|Alliant Energy is looking for fresh graduates and early-career candidates for the Engineering Intern role in the electric utilities space. Skills typically asked for this role: process design, matlab, excel, project management. This is a sample role built from typical industry requirements, not a confirmed vacancy. Check the company's careers page for the real opening.|11
seed:31e28f7c95667b8e|Alliant Energy|Data Analyst (Operations)|FULL_TIME|Multiple locations|Remote|4-7 Lacs PA|0-2 Yrs|sql,excel,python,power bi,statistics|Alliant Energy is looking for fresh graduates and early-career candidates for the Data Analyst (Operations) role in the electric utilities space. Skills typically asked for this role: sql, excel, python, power bi, statistics. This is a sample role built from typical industry requirements, not a confirmed vacancy. Check the company's careers page for the real opening.|1
seed:9f5c421e18a68434|Allstate|Management Trainee|FULL_TIME|Multiple locations|Onsite|3-5 Lacs PA|0-1 Yrs|communication,excel,sales,business analysis|Allstate is looking for fresh graduates and early-career candidates for the Management Trainee role in the property & casualty insurance space. Skills typically asked for this role: communication, excel, sales, business analysis. This is a sample role built from typical industry requirements, not a confirmed vacancy. Check the company's careers page for the real opening.|2
seed:5d1f43451855f1e5|Allstate|Operations Executive|FULL_TIME|Multiple locations|Onsite|1-5 Lacs PA|0-2 Yrs|excel,communication,accounting,tally,gst|Allstate is looking for fresh graduates and early-career candidates for the Operations Executive role in the property & casualty insurance space. Skills typically asked for this role: excel, communication, accounting, tally, gst. This is a sample role built from typical industry requirements, not a confirmed vacancy. Check the company's careers page for the real opening.|1
seed:0a04416052a5d8bc|Alphabet Inc.|Software Engineer|FULL_TIME|Multiple locations|Hybrid|5-7 Lacs PA|0-2 Yrs|java,python,sql,rest api,git|Alphabet Inc. is looking for fresh graduates and early-career candidates for the Software Engineer role in the interactive media & services space. Skills typically asked for this role: java, python, sql, rest api, git. This is a sample role built from typical industry requirements, not a confirmed vacancy. Check the company's careers page for the real opening.|8
seed:44e01179d195eff9|Alphabet Inc.|Content Intern|INTERNSHIP|Multiple locations|Remote|₹12,000 / month|Internship|content writing,seo,communication|Alphabet Inc. is looking for fresh graduates and early-career candidates for the Content Intern role in the interactive media & services space. Skills typically asked for this role: content writing, seo, communication. This is a sample role built from typical industry requirements, not a confirmed vacancy. Check the company's careers page for the real opening.|9
seed:155b33e0268ddde2|Altria|Management Trainee|FULL_TIME|Multiple locations|Remote|4-8 Lacs PA|0-1 Yrs|sales,communication,excel,business analysis,supply chain|Altria is looking for fresh graduates and early-career candidates for the Management Trainee role in the tobacco space. Skills typically asked for this role: sales, communication, excel, business analysis, supply chain. This is a sample role built from typical industry requirements, not a confirmed vacancy. Check the company's careers page for the real opening.|13
seed:f493c2405639957c|Altria|Business Analyst|FULL_TIME|Multiple locations|Hybrid|3-6 Lacs PA|0-2 Yrs|sql,excel,power bi,business analysis,communication|Altria is looking for fresh graduates and early-career candidates for the Business Analyst role in the tobacco space. Skills typically asked for this role: sql, excel, power bi, business analysis, communication. This is a sample role built from typical industry requirements, not a confirmed vacancy. Check the company's careers page for the real opening.|4
seed:d3ed0d008f03ffe8|Amazon|Marketing Intern|INTERNSHIP|Multiple locations|Hybrid|₹15,000 / month|Internship|digital marketing,seo,content writing,communication|Amazon is looking for fresh graduates and early-career candidates for the Marketing Intern role in the broadline retail space. Skills typically asked for this role: digital marketing, seo, content writing, communication. This is a sample role built from typical industry requirements, not a confirmed vacancy. Check the company's careers page for the real opening.|1
seed:14f66ee161c9a171|Amazon|Digital Marketing Executive|FULL_TIME|Multiple locations|Hybrid|2-5 Lacs PA|0-2 Yrs|digital marketing,seo,content writing,excel,communication|Amazon is looking for fresh graduates and early-career candidates for the Digital Marketing Executive role in the broadline retail space. Skills typically asked for this role: digital marketing, seo, content writing, excel, communication. This is a sample role built from typical industry requirements, not a confirmed vacancy. Check the company's careers page for the real opening.|3
seed:c2a0da5ee42d0d4b|Amcor|Process Engineer Trainee|FULL_TIME|Multiple locations|Remote|2-5 Lacs PA|0-2 Yrs|process design,thermodynamics,quality control,six sigma|Amcor is looking for fresh graduates and early-career candidates for the Process Engineer Trainee role in the paper & plastic packaging products & materials space. Skills typically asked for this role: process design, thermodynamics, quality control, six sigma. This is a sample role built from typical industry requirements, not a confirmed vacancy. Check the company's careers page for the real opening.|11
seed:e618162e73b98bba|Amcor|Quality Engineer|FULL_TIME|Multiple locations|Onsite|4-7 Lacs PA|0-2 Yrs|quality control,six sigma,lean manufacturing,excel|Amcor is looking for fresh graduates and early-career candidates for the Quality Engineer role in the paper & plastic packaging products & materials space. Skills typically asked for this role: quality control, six sigma, lean manufacturing, excel. This is a sample role built from typical industry requirements, not a confirmed vacancy. Check the company's careers page for the real opening.|3
seed:e3903e44820bcbef|Ameren|Graduate Engineer Trainee (Electrical)|FULL_TIME|Multiple locations|Onsite|4-6 Lacs PA|0-1 Yrs|plc,scada,matlab,project management|Ameren is looking for fresh graduates and early-career candidates for the Graduate Engineer Trainee (Electrical) role in the multi-utilities space. Skills typically asked for this role: plc, scada, matlab, project management. This is a sample role built from typical industry requirements, not a confirmed vacancy. Check the company's careers page for the real opening.|1
seed:8cfe00c6c79a5b73|Ameren|Process Engineer Trainee|FULL_TIME|Multiple locations|Onsite|5-9 Lacs PA|0-2 Yrs|process design,thermodynamics,aspen plus,matlab|Ameren is looking for fresh graduates and early-career candidates for the Process Engineer Trainee role in the multi-utilities space. Skills typically asked for this role: process design, thermodynamics, aspen plus, matlab. This is a sample role built from typical industry requirements, not a confirmed vacancy. Check the company's careers page for the real opening.|11
seed:0884b14f3eeb997b|American Electric Power|Data Analyst (Operations)|FULL_TIME|Multiple locations|Remote|4-6 Lacs PA|0-2 Yrs|sql,excel,python,power bi,statistics|American Electric Power is looking for fresh graduates and early-career candidates for the Data Analyst (Operations) role in the electric utilities space. Skills typically asked for this role: sql, excel, python, power bi, statistics. This is a sample role built from typical industry requirements, not a confirmed vacancy. Check the company's careers page for the real opening.|5
seed:f9958a9fee19d081|American Electric Power|Process Engineer Trainee|FULL_TIME|Multiple locations|Remote|4-7 Lacs PA|0-2 Yrs|process design,thermodynamics,aspen plus,matlab|American Electric Power is looking for fresh graduates and early-career candidates for the Process Engineer Trainee role in the electric utilities space. Skills typically asked for this role: process design, thermodynamics, aspen plus, matlab. This is a sample role built from typical industry requirements, not a confirmed vacancy. Check the company's careers page for the real opening.|14
seed:a43ce421b29fe0ce|American Express|Management Trainee|FULL_TIME|Multiple locations|Hybrid|4-7 Lacs PA|0-1 Yrs|communication,excel,sales,business analysis|American Express is looking for fresh graduates and early-career candidates for the Management Trainee role in the consumer finance space. Skills typically asked for this role: communication, excel, sales, business analysis. This is a sample role built from typical industry requirements, not a confirmed vacancy. Check the company's careers page for the real opening.|0
seed:b576b5b84d87deaf|American Express|Software Engineer (Banking Tech)|FULL_TIME|Multiple locations|Onsite|5-7 Lacs PA|0-2 Yrs|java,sql,spring boot,rest api,git|American Express is looking for fresh graduates and early-career candidates for the Software Engineer (Banking Tech) role in the consumer finance space. Skills typically asked for this role: java, sql, spring boot, rest api, git. This is a sample role built from typical industry requirements, not a confirmed vacancy. Check the company's careers page for the real opening.|12
seed:0f7408930bd7ce5a|American International Group|Operations Executive|FULL_TIME|Multiple locations|Remote|2-5 Lacs PA|0-2 Yrs|excel,communication,accounting,tally,gst|American International Group is looking for fresh graduates and early-career candidates for the Operations Executive role in the multi-line insurance space. Skills typically asked for this role: excel, communication, accounting, tally, gst. This is a sample role built from typical industry requirements, not a confirmed vacancy. Check the company's careers page for the real opening.|13
seed:98decec1000f61d8|American International Group|Financial Analyst Trainee|FULL_TIME|Multiple locations|Remote|3-6 Lacs PA|0-2 Yrs|excel,financial modeling,accounting,statistics,communication|American International Group is looking for fresh graduates and early-career candidates for the Financial Analyst Trainee role in the multi-line insurance space. Skills typically asked for this role: excel, financial modeling, accounting, statistics, communication. This is a sample role built from typical industry requirements, not a confirmed vacancy. Check the company's careers page for the real opening.|12
seed:4b87cd2e5976a6de|American Tower|Data Analyst|FULL_TIME|Multiple locations|Remote|3-5 Lacs PA|0-2 Yrs|sql,excel,python,tableau,statistics|American Tower is looking for fresh graduates and early-career candidates for the Data Analyst role in the telecom tower reits space. Skills typically asked for this role: sql, excel, python, tableau, statistics. This is a sample role built from typical industry requirements, not a confirmed vacancy. Check the company's careers page for the real opening.|7
seed:1657d0c37d117ce2|American Tower|Digital Marketing Specialist|FULL_TIME|Multiple locations|Hybrid|3-5 Lacs PA|0-2 Yrs|digital marketing,seo,content writing,figma|American Tower is looking for fresh graduates and early-career candidates for the Digital Marketing Specialist role in the telecom tower reits space. Skills typically asked for this role: digital marketing, seo, content writing, figma. This is a sample role built from typical industry requirements, not a confirmed vacancy. Check the company's careers page for the real opening.|12
seed:b718c6e0e739e4c2|American Water Works|Data Analyst (Operations)|FULL_TIME|Multiple locations|Hybrid|4-8 Lacs PA|0-2 Yrs|sql,excel,python,power bi,statistics|American Water Works is looking for fresh graduates and early-career candidates for the Data Analyst (Operations) role in the water utilities space. Skills typically asked for this role: sql, excel, python, power bi, statistics. This is a sample role built from typical industry requirements, not a confirmed vacancy. Check the company's careers page for the real opening.|7
seed:9f815da7a089bd44|American Water Works|Engineering Intern|INTERNSHIP|Multiple locations|Remote|₹20,000 / month|Internship|process design,matlab,excel,project management|American Water Works is looking for fresh graduates and early-career candidates for the Engineering Intern role in the water utilities space. Skills typically asked for this role: process design, matlab, excel, project management. This is a sample role built from typical industry requirements, not a confirmed vacancy. Check the company's careers page for the real opening.|13
seed:c82aa1981989fb81|Ameriprise Financial|Risk Analyst|FULL_TIME|Multiple locations|Onsite|4-8 Lacs PA|0-2 Yrs|excel,statistics,sql,python,financial modeling|Ameriprise Financial is looking for fresh graduates and early-career candidates for the Risk Analyst role in the asset management & custody banks space. Skills typically asked for this role: excel, statistics, sql, python, financial modeling. This is a sample role built from typical industry requirements, not a confirmed vacancy. Check the company's careers page for the real opening.|12
seed:19221b4888ccbebd|Ameriprise Financial|Management Trainee|FULL_TIME|Multiple locations|Remote|3-6 Lacs PA|0-1 Yrs|communication,excel,sales,business analysis|Ameriprise Financial is looking for fresh graduates and early-career candidates for the Management Trainee role in the asset management & custody banks space. Skills typically asked for this role: communication, excel, sales, business analysis. This is a sample role built from typical industry requirements, not a confirmed vacancy. Check the company's careers page for the real opening.|0
seed:d43a705bf11c1f11|Ametek|Civil Site Engineer|FULL_TIME|Multiple locations|Remote|2-6 Lacs PA|0-2 Yrs|autocad,revit,staad pro,project management|Ametek is looking for fresh graduates and early-career candidates for the Civil Site Engineer role in the electrical components & equipment space. Skills typically asked for this role: autocad, revit, staad pro, project management. This is a sample role built from typical industry requirements, not a confirmed vacancy. Check the company's careers page for the real opening.|6
seed:790fefc9d97b3773|Ametek|Design Engineer|FULL_TIME|Multiple locations|Hybrid|4-7 Lacs PA|0-2 Yrs|autocad,solidworks,catia,cad,ansys|Ametek is looking for fresh graduates and early-career candidates for the Design Engineer role in the electrical components & equipment space. Skills typically asked for this role: autocad, solidworks, catia, cad, ansys. This is a sample role built from typical industry requirements, not a confirmed vacancy. Check the company's careers page for the real opening.|1
seed:04255a8ff5246625|Amgen|Data Analyst (Healthcare)|FULL_TIME|Multiple locations|Remote|3-7 Lacs PA|0-2 Yrs|sql,excel,statistics,python,power bi|Amgen is looking for fresh graduates and early-career candidates for the Data Analyst (Healthcare) role in the biotechnology space. Skills typically asked for this role: sql, excel, statistics, python, power bi. This is a sample role built from typical industry requirements, not a confirmed vacancy. Check the company's careers page for the real opening.|14
seed:805c8f1c9a3c6fa5|Amgen|Research Intern|INTERNSHIP|Multiple locations|Remote|₹25,000 / month|Internship|research,lab techniques,statistics|Amgen is looking for fresh graduates and early-career candidates for the Research Intern role in the biotechnology space. Skills typically asked for this role: research, lab techniques, statistics. This is a sample role built from typical industry requirements, not a confirmed vacancy. Check the company's careers page for the real opening.|8
seed:b67f9885a303cba0|Amphenol|Machine Learning Engineer|FULL_TIME|Multiple locations|Remote|6-9 Lacs PA|0-2 Yrs|python,machine learning,tensorflow,pandas,numpy,scikit-learn|Amphenol is looking for fresh graduates and early-career candidates for the Machine Learning Engineer role in the electronic components space. Skills typically asked for this role: python, machine learning, tensorflow, pandas, numpy, scikit-learn. This is a sample role built from typical industry requirements, not a confirmed vacancy. Check the company's careers page for the real opening.|13
seed:936eac719135f042|Amphenol|Data Analyst|FULL_TIME|Multiple locations|Onsite|2-5 Lacs PA|0-2 Yrs|sql,excel,python,power bi,statistics|Amphenol is looking for fresh graduates and early-career candidates for the Data Analyst role in the electronic components space. Skills typically asked for this role: sql, excel, python, power bi, statistics. This is a sample role built from typical industry requirements, not a confirmed vacancy. Check the company's careers page for the real opening.|4
seed:1f64264f9a0b2a10|Amphenol|Software Engineer Trainee|FULL_TIME|Multiple locations|Remote|3-6 Lacs PA|0-1 Yrs|java,sql,data structures,git,rest api|Amphenol is looking for fresh graduates and early-career candidates for the Software Engineer Trainee role in the electronic components space. Skills typically asked for this role: java, sql, data structures, git, rest api. This is a sample role built from typical industry requirements, not a confirmed vacancy. Check the company's careers page for the real opening.|11
seed:96f6a4bf7881c203|Analog Devices|Python Developer|FULL_TIME|Multiple locations|Remote|2-5 Lacs PA|0-2 Yrs|python,sql,rest api,git,pandas|Analog Devices is looking for fresh graduates and early-career candidates for the Python Developer role in the semiconductors space. Skills typically asked for this role: python, sql, rest api, git, pandas. This is a sample role built from typical industry requirements, not a confirmed vacancy. Check the company's careers page for the real opening.|4
seed:bdaeee70167011db|Analog Devices|Software Development Intern|INTERNSHIP|Multiple locations|Hybrid|₹12,000 / month|Internship|python,java,data structures,git|Analog Devices is looking for fresh graduates and early-career candidates for the Software Development Intern role in the semiconductors space. Skills typically asked for this role: python, java, data structures, git. This is a sample role built from typical industry requirements, not a confirmed vacancy. Check the company's careers page for the real opening.|4
seed:befe28953d87fb08|Analog Devices|Full Stack Developer|FULL_TIME|Multiple locations|Onsite|5-9 Lacs PA|0-2 Yrs|javascript,react,node.js,html,css,mongodb,git|Analog Devices is looking for fresh graduates and early-career candidates for the Full Stack Developer role in the semiconductors space. Skills typically asked for this role: javascript, react, node.js, html, css, mongodb, git. This is a sample role built from typical industry requirements, not a confirmed vacancy. Check the company's careers page for the real opening.|7
seed:317c514936df546a|Aon plc|Operations Executive|FULL_TIME|Multiple locations|Hybrid|3-7 Lacs PA|0-2 Yrs|excel,communication,accounting,tally,gst|Aon plc is looking for fresh graduates and early-career candidates for the Operations Executive role in the insurance brokers space. Skills typically asked for this role: excel, communication, accounting, tally, gst. This is a sample role built from typical industry requirements, not a confirmed vacancy. Check the company's careers page for the real opening.|6
seed:ca90e4034fde07de|Aon plc|Risk Analyst|FULL_TIME|Multiple locations|Remote|4-8 Lacs PA|0-2 Yrs|excel,statistics,sql,python,financial modeling|Aon plc is looking for fresh graduates and early-career candidates for the Risk Analyst role in the insurance brokers space. Skills typically asked for this role: excel, statistics, sql, python, financial modeling. This is a sample role built from typical industry requirements, not a confirmed vacancy. Check the company's careers page for the real opening.|11
seed:d0c857ae39850bd3|Apollo Global Management|Business Analyst|FULL_TIME|Multiple locations|Hybrid|3-5 Lacs PA|0-2 Yrs|sql,excel,business analysis,power bi,communication|Apollo Global Management is looking for fresh graduates and early-career candidates for the Business Analyst role in the asset management & custody banks space. Skills typically asked for this role: sql, excel, business analysis, power bi, communication. This is a sample role built from typical industry requirements, not a confirmed vacancy. Check the company's careers page for the real opening.|14
seed:f3d6a165bfa80fe4|Apollo Global Management|Financial Analyst Trainee|FULL_TIME|Multiple locations|Hybrid|3-6 Lacs PA|0-2 Yrs|excel,financial modeling,accounting,statistics,communication|Apollo Global Management is looking for fresh graduates and early-career candidates for the Financial Analyst Trainee role in the asset management & custody banks space. Skills typically asked for this role: excel, financial modeling, accounting, statistics, communication. This is a sample role built from typical industry requirements, not a confirmed vacancy. Check the company's careers page for the real opening.|4
seed:c328f53d532b88fc|AppLovin|UI/UX Designer|FULL_TIME|Multiple locations|Hybrid|3-6 Lacs PA|0-2 Yrs|figma,ui/ux,photoshop,illustrator|AppLovin is looking for fresh graduates and early-career candidates for the UI/UX Designer role in the advertising space. Skills typically asked for this role: figma, ui/ux, photoshop, illustrator. This is a sample role built from typical industry requirements, not a confirmed vacancy. Check the company's careers page for the real opening.|14
seed:1c7b6fa4cb8649c2|AppLovin|Data Analyst|FULL_TIME|Multiple locations|Remote|4-7 Lacs PA|0-2 Yrs|sql,excel,python,tableau,statistics|AppLovin is looking for fresh graduates and early-career candidates for the Data Analyst role in the advertising space. Skills typically asked for this role: sql, excel, python, tableau, statistics. This is a sample role built from typical industry requirements, not a confirmed vacancy. Check the company's careers page for the real opening.|12
seed:2c4e2d1ca7e94aa4|Apple Inc.|Full Stack Developer|FULL_TIME|Multiple locations|Remote|3-6 Lacs PA|0-2 Yrs|javascript,react,node.js,html,css,mongodb,git|Apple Inc. is looking for fresh graduates and early-career candidates for the Full Stack Developer role in the technology hardware, storage & peripherals space. Skills typically asked for this role: javascript, react, node.js, html, css, mongodb, git. This is a sample role built from typical industry requirements, not a confirmed vacancy. Check the company's careers page for the real opening.|5
seed:2f96087c45558040|Apple Inc.|Associate Software Engineer|FULL_TIME|Multiple locations|Remote|3-7 Lacs PA|0-2 Yrs|python,sql,data structures,git,linux|Apple Inc. is looking for fresh graduates and early-career candidates for the Associate Software Engineer role in the technology hardware, storage & peripherals space. Skills typically asked for this role: python, sql, data structures, git, linux. This is a sample role built from typical industry requirements, not a confirmed vacancy. Check the company's careers page for the real opening.|2
seed:281c645db5277fd1|Apple Inc.|Data Analyst|FULL_TIME|Multiple locations|Hybrid|3-5 Lacs PA|0-2 Yrs|sql,excel,python,power bi,statistics|Apple Inc. is looking for fresh graduates and early-career candidates for the Data Analyst role in the technology hardware, storage & peripherals space. Skills typically asked for this role: sql, excel, python, power bi, statistics. This is a sample role built from typical industry requirements, not a confirmed vacancy. Check the company's careers page for the real opening.|5
seed:4650b090ef22b274|Applied Materials|Associate Software Engineer|FULL_TIME|Multiple locations|Onsite|3-5 Lacs PA|0-2 Yrs|python,sql,data structures,git,linux|Applied Materials is looking for fresh graduates and early-career candidates for the Associate Software Engineer role in the semiconductor materials & equipment space. Skills typically asked for this role: python, sql, data structures, git, linux. This is a sample role built from typical industry requirements, not a confirmed vacancy. Check the company's careers page for the real opening.|7
seed:a674d28944076dae|Applied Materials|QA / Test Engineer|FULL_TIME|Multiple locations|Remote|4-7 Lacs PA|0-2 Yrs|java,sql,git,rest api|Applied Materials is looking for fresh graduates and early-career candidates for the QA / Test Engineer role in the semiconductor materials & equipment space. Skills typically asked for this role: java, sql, git, rest api. This is a sample role built from typical industry requirements, not a confirmed vacancy. Check the company's careers page for the real opening.|14
seed:06ce6abf62deb8d3|Applied Materials|Machine Learning Engineer|FULL_TIME|Multiple locations|Remote|5-9 Lacs PA|0-2 Yrs|python,machine learning,tensorflow,pandas,numpy,scikit-learn|Applied Materials is looking for fresh graduates and early-career candidates for the Machine Learning Engineer role in the semiconductor materials & equipment space. Skills typically asked for this role: python, machine learning, tensorflow, pandas, numpy, scikit-learn. This is a sample role built from typical industry requirements, not a confirmed vacancy. Check the company's careers page for the real opening.|0
seed:eddcd2290493f5ee|Aptiv|Design Engineer|FULL_TIME|Multiple locations|Hybrid|2-4 Lacs PA|0-2 Yrs|autocad,solidworks,catia,cad,ansys|Aptiv is looking for fresh graduates and early-career candidates for the Design Engineer role in the automotive parts & equipment space. Skills typically asked for this role: autocad, solidworks, catia, cad, ansys. This is a sample role built from typical industry requirements, not a confirmed vacancy. Check the company's careers page for the real opening.|1
seed:29d05625c03584db|Aptiv|Civil Site Engineer|FULL_TIME|Multiple locations|Hybrid|3-6 Lacs PA|0-2 Yrs|autocad,revit,staad pro,project management|Aptiv is looking for fresh graduates and early-career candidates for the Civil Site Engineer role in the automotive parts & equipment space. Skills typically asked for this role: autocad, revit, staad pro, project management. This is a sample role built from typical industry requirements, not a confirmed vacancy. Check the company's careers page for the real opening.|12
seed:307b454868f4777a|Arch Capital Group|Operations Executive|FULL_TIME|Multiple locations|Remote|2-5 Lacs PA|0-2 Yrs|excel,communication,accounting,tally,gst|Arch Capital Group is looking for fresh graduates and early-career candidates for the Operations Executive role in the property & casualty insurance space. Skills typically asked for this role: excel, communication, accounting, tally, gst. This is a sample role built from typical industry requirements, not a confirmed vacancy. Check the company's careers page for the real opening.|5
seed:7fa79af74e5b9cc8|Arch Capital Group|Financial Analyst Trainee|FULL_TIME|Multiple locations|Remote|3-6 Lacs PA|0-2 Yrs|excel,financial modeling,accounting,statistics,communication|Arch Capital Group is looking for fresh graduates and early-career candidates for the Financial Analyst Trainee role in the property & casualty insurance space. Skills typically asked for this role: excel, financial modeling, accounting, statistics, communication. This is a sample role built from typical industry requirements, not a confirmed vacancy. Check the company's careers page for the real opening.|14
seed:d198f0445dcd25cc|Archer Daniels Midland|Sales Executive|FULL_TIME|Multiple locations|Hybrid|1-4 Lacs PA|0-2 Yrs|sales,communication,excel|Archer Daniels Midland is looking for fresh graduates and early-career candidates for the Sales Executive role in the agricultural products & services space. Skills typically asked for this role: sales, communication, excel. This is a sample role built from typical industry requirements, not a confirmed vacancy. Check the company's careers page for the real opening.|4
seed:dd43032ad581fe5a|Archer Daniels Midland|Digital Marketing Executive|FULL_TIME|Multiple locations|Onsite|2-6 Lacs PA|0-2 Yrs|digital marketing,seo,content writing,excel,communication|Archer Daniels Midland is looking for fresh graduates and early-career candidates for the Digital Marketing Executive role in the agricultural products & services space. Skills typically asked for this role: digital marketing, seo, content writing, excel, communication. This is a sample role built from typical industry requirements, not a confirmed vacancy. Check the company's careers page for the real opening.|0
seed:af67521aece261a5|Ares Management|Operations Executive|FULL_TIME|Multiple locations|Remote|2-6 Lacs PA|0-2 Yrs|excel,communication,accounting,tally,gst|Ares Management is looking for fresh graduates and early-career candidates for the Operations Executive role in the asset management & custody banks space. Skills typically asked for this role: excel, communication, accounting, tally, gst. This is a sample role built from typical industry requirements, not a confirmed vacancy. Check the company's careers page for the real opening.|14
seed:ce98ba8c0021d191|Ares Management|Financial Analyst Trainee|FULL_TIME|Multiple locations|Hybrid|2-6 Lacs PA|0-2 Yrs|excel,financial modeling,accounting,statistics,communication|Ares Management is looking for fresh graduates and early-career candidates for the Financial Analyst Trainee role in the asset management & custody banks space. Skills typically asked for this role: excel, financial modeling, accounting, statistics, communication. This is a sample role built from typical industry requirements, not a confirmed vacancy. Check the company's careers page for the real opening.|7
seed:466ed39502a03804|Arista Networks|Cloud Support Associate|FULL_TIME|Multiple locations|Remote|4-7 Lacs PA|0-1 Yrs|aws,linux,sql,communication|Arista Networks is looking for fresh graduates and early-career candidates for the Cloud Support Associate role in the communications equipment space. Skills typically asked for this role: aws, linux, sql, communication. This is a sample role built from typical industry requirements, not a confirmed vacancy. Check the company's careers page for the real opening.|12
seed:ea70d87fd3c01bf8|Arista Networks|Data Analyst|FULL_TIME|Multiple locations|Onsite|3-6 Lacs PA|0-2 Yrs|sql,excel,python,power bi,statistics|Arista Networks is looking for fresh graduates and early-career candidates for the Data Analyst role in the communications equipment space. Skills typically asked for this role: sql, excel, python, power bi, statistics. This is a sample role built from typical industry requirements, not a confirmed vacancy. Check the company's careers page for the real opening.|6
seed:3e139deaa1d78c5e|Arista Networks|Associate Software Engineer|FULL_TIME|Multiple locations|Remote|3-6 Lacs PA|0-2 Yrs|python,sql,data structures,git,linux|Arista Networks is looking for fresh graduates and early-career candidates for the Associate Software Engineer role in the communications equipment space. Skills typically asked for this role: python, sql, data structures, git, linux. This is a sample role built from typical industry requirements, not a confirmed vacancy. Check the company's careers page for the real opening.|9
seed:ba8db96836a59713|Arthur J. Gallagher & Co.|Software Engineer (Banking Tech)|FULL_TIME|Multiple locations|Hybrid|4-6 Lacs PA|0-2 Yrs|java,sql,spring boot,rest api,git|Arthur J. Gallagher & Co. is looking for fresh graduates and early-career candidates for the Software Engineer (Banking Tech) role in the insurance brokers space. Skills typically asked for this role: java, sql, spring boot, rest api, git. This is a sample role built from typical industry requirements, not a confirmed vacancy. Check the company's careers page for the real opening.|12
seed:bdd406695ca1c3ce|Arthur J. Gallagher & Co.|Business Analyst|FULL_TIME|Multiple locations|Remote|4-7 Lacs PA|0-2 Yrs|sql,excel,business analysis,power bi,communication|Arthur J. Gallagher & Co. is looking for fresh graduates and early-career candidates for the Business Analyst role in the insurance brokers space. Skills typically asked for this role: sql, excel, business analysis, power bi, communication. This is a sample role built from typical industry requirements, not a confirmed vacancy. Check the company's careers page for the real opening.|2
seed:432106dbb5ac033d|Asian Paints|Supply Chain Executive|FULL_TIME|Kolkata, Pune|Hybrid|3-5 Lacs PA|0-2 Yrs|supply chain,excel,sap,communication|Asian Paints is looking for fresh graduates and early-career candidates for the Supply Chain Executive role in the paints and coatings space. Skills typically asked for this role: supply chain, excel, sap, communication. This is a sample role built from typical industry requirements, not a confirmed vacancy. Check the company's careers page for the real opening.|7
seed:2727e65883a265d2|Asian Paints|Process Engineer Trainee|FULL_TIME|Delhi NCR, Noida|Hybrid|3-6 Lacs PA|0-2 Yrs|process design,thermodynamics,quality control,six sigma|Asian Paints is looking for fresh graduates and early-career candidates for the Process Engineer Trainee role in the paints and coatings space. Skills typically asked for this role: process design, thermodynamics, quality control, six sigma. This is a sample role built from typical industry requirements, not a confirmed vacancy. Check the company's careers page for the real opening.|6
seed:4a610926d36e5d07|Assurant|Finance Intern|INTERNSHIP|Multiple locations|Hybrid|₹10,000 / month|Internship|excel,accounting,financial modeling,communication|Assurant is looking for fresh graduates and early-career candidates for the Finance Intern role in the multi-line insurance space. Skills typically asked for this role: excel, accounting, financial modeling, communication. This is a sample role built from typical industry requirements, not a confirmed vacancy. Check the company's careers page for the real opening.|1
seed:dda49ac3f4c5bb86|Assurant|Risk Analyst|FULL_TIME|Multiple locations|Onsite|4-7 Lacs PA|0-2 Yrs|excel,statistics,sql,python,financial modeling|Assurant is looking for fresh graduates and early-career candidates for the Risk Analyst role in the multi-line insurance space. Skills typically asked for this role: excel, statistics, sql, python, financial modeling. This is a sample role built from typical industry requirements, not a confirmed vacancy. Check the company's careers page for the real opening.|3
seed:37d74648c7f3bc48|Atmos Energy|Graduate Engineer Trainee (Electrical)|FULL_TIME|Multiple locations|Remote|3-5 Lacs PA|0-1 Yrs|plc,scada,matlab,project management|Atmos Energy is looking for fresh graduates and early-career candidates for the Graduate Engineer Trainee (Electrical) role in the gas utilities space. Skills typically asked for this role: plc, scada, matlab, project management. This is a sample role built from typical industry requirements, not a confirmed vacancy. Check the company's careers page for the real opening.|9
seed:0607952fe516c6ab|Atmos Energy|Maintenance Engineer|FULL_TIME|Multiple locations|Onsite|2-4 Lacs PA|0-2 Yrs|quality control,plc,autocad,six sigma|Atmos Energy is looking for fresh graduates and early-career candidates for the Maintenance Engineer role in the gas utilities space. Skills typically asked for this role: quality control, plc, autocad, six sigma. This is a sample role built from typical industry requirements, not a confirmed vacancy. Check the company's careers page for the real opening.|0
seed:7428cfb968632d03|AutoZone|Production Engineer|FULL_TIME|Multiple locations|Remote|4-8 Lacs PA|0-2 Yrs|lean manufacturing,six sigma,quality control,cnc,cad|AutoZone is looking for fresh graduates and early-career candidates for the Production Engineer role in the automotive retail space. Skills typically asked for this role: lean manufacturing, six sigma, quality control, cnc, cad. This is a sample role built from typical industry requirements, not a confirmed vacancy. Check the company's careers page for the real opening.|10
seed:785ae7d7adee5528|AutoZone|Graduate Engineer Trainee|FULL_TIME|Multiple locations|Remote|4-7 Lacs PA|0-1 Yrs|autocad,solidworks,matlab,project management,quality control|AutoZone is looking for fresh graduates and early-career candidates for the Graduate Engineer Trainee role in the automotive retail space. Skills typically asked for this role: autocad, solidworks, matlab, project management, quality control. This is a sample role built from typical industry requirements, not a confirmed vacancy. Check the company's careers page for the real opening.|4
seed:c59bbfeec0afdb91|Autodesk|DevOps Engineer|FULL_TIME|Multiple locations|Hybrid|4-7 Lacs PA|0-2 Yrs|linux,docker,kubernetes,aws,git|Autodesk is looking for fresh graduates and early-career candidates for the DevOps Engineer role in the application software space. Skills typically asked for this role: linux, docker, kubernetes, aws, git. This is a sample role built from typical industry requirements, not a confirmed vacancy. Check the company's careers page for the real opening.|13
seed:749344142181b8ec|Autodesk|Full Stack Developer|FULL_TIME|Multiple locations|Hybrid|4-7 Lacs PA|0-2 Yrs|javascript,react,node.js,html,css,mongodb,git|Autodesk is looking for fresh graduates and early-career candidates for the Full Stack Developer role in the application software space. Skills typically asked for this role: javascript, react, node.js, html, css, mongodb, git. This is a sample role built from typical industry requirements, not a confirmed vacancy. Check the company's careers page for the real opening.|9
seed:f2de325bd6766e4e|Autodesk|Cloud Support Associate|FULL_TIME|Multiple locations|Hybrid|2-5 Lacs PA|0-1 Yrs|aws,linux,sql,communication|Autodesk is looking for fresh graduates and early-career candidates for the Cloud Support Associate role in the application software space. Skills typically asked for this role: aws, linux, sql, communication. This is a sample role built from typical industry requirements, not a confirmed vacancy. Check the company's careers page for the real opening.|8
seed:a9944aca06c8417a|Automatic Data Processing|Graduate Engineer Trainee|FULL_TIME|Multiple locations|Remote|2-4 Lacs PA|0-1 Yrs|autocad,solidworks,matlab,project management,quality control|Automatic Data Processing is looking for fresh graduates and early-career candidates for the Graduate Engineer Trainee role in the human resource & employment services space. Skills typically asked for this role: autocad, solidworks, matlab, project management, quality control. This is a sample role built from typical industry requirements, not a confirmed vacancy. Check the company's careers page for the real opening.|3
seed:86777ebbfdb63d41|Automatic Data Processing|Supply Chain Analyst|FULL_TIME|Multiple locations|Hybrid|3-6 Lacs PA|0-2 Yrs|supply chain,excel,sql,sap,business analysis|Automatic Data Processing is looking for fresh graduates and early-career candidates for the Supply Chain Analyst role in the human resource & employment services space. Skills typically asked for this role: supply chain, excel, sql, sap, business analysis. This is a sample role built from typical industry requirements, not a confirmed vacancy. Check the company's careers page for the real opening.|12
seed:3485360f1452ab64|Avery Dennison|Supply Chain Executive|FULL_TIME|Multiple locations|Hybrid|4-6 Lacs PA|0-2 Yrs|supply chain,excel,sap,communication|Avery Dennison is looking for fresh graduates and early-career candidates for the Supply Chain Executive role in the paper & plastic packaging products & materials space. Skills typically asked for this role: supply chain, excel, sap, communication. This is a sample role built from typical industry requirements, not a confirmed vacancy. Check the company's careers page for the real opening.|4
seed:8a1ce41603a91efd|Avery Dennison|Plant Intern|INTERNSHIP|Multiple locations|Hybrid|₹8,000 / month|Internship|process design,quality control,excel|Avery Dennison is looking for fresh graduates and early-career candidates for the Plant Intern role in the paper & plastic packaging products & materials space. Skills typically asked for this role: process design, quality control, excel. This is a sample role built from typical industry requirements, not a confirmed vacancy. Check the company's careers page for the real opening.|9
seed:6f3d73e643242930|Axis Bank|Finance Intern|INTERNSHIP|Kochi|Hybrid|₹15,000 / month|Internship|excel,accounting,financial modeling,communication|Axis Bank is looking for fresh graduates and early-career candidates for the Finance Intern role in the banking space. Skills typically asked for this role: excel, accounting, financial modeling, communication. This is a sample role built from typical industry requirements, not a confirmed vacancy. Check the company's careers page for the real opening.|5
seed:a87392729bfa71c9|Axis Bank|Software Engineer (Banking Tech)|FULL_TIME|Noida|Onsite|4-8 Lacs PA|0-2 Yrs|java,sql,spring boot,rest api,git|Axis Bank is looking for fresh graduates and early-career candidates for the Software Engineer (Banking Tech) role in the banking space. Skills typically asked for this role: java, sql, spring boot, rest api, git. This is a sample role built from typical industry requirements, not a confirmed vacancy. Check the company's careers page for the real opening.|8
seed:b4d58f9e7dbb4f3f|Axon Enterprise|Engineering Intern|INTERNSHIP|Multiple locations|Onsite|₹20,000 / month|Internship|autocad,matlab,solidworks,communication|Axon Enterprise is looking for fresh graduates and early-career candidates for the Engineering Intern role in the aerospace & defense space. Skills typically asked for this role: autocad, matlab, solidworks, communication. This is a sample role built from typical industry requirements, not a confirmed vacancy. Check the company's careers page for the real opening.|3
seed:46b6a958cab9a834|Axon Enterprise|Design Engineer|FULL_TIME|Multiple locations|Onsite|4-7 Lacs PA|0-2 Yrs|autocad,solidworks,catia,cad,ansys|Axon Enterprise is looking for fresh graduates and early-career candidates for the Design Engineer role in the aerospace & defense space. Skills typically asked for this role: autocad, solidworks, catia, cad, ansys. This is a sample role built from typical industry requirements, not a confirmed vacancy. Check the company's careers page for the real opening.|6
seed:f4732a6c4cdfbaa4|BNY Mellon|Business Analyst|FULL_TIME|Multiple locations|Remote|4-7 Lacs PA|0-2 Yrs|sql,excel,business analysis,power bi,communication|BNY Mellon is looking for fresh graduates and early-career candidates for the Business Analyst role in the asset management & custody banks space. Skills typically asked for this role: sql, excel, business analysis, power bi, communication. This is a sample role built from typical industry requirements, not a confirmed vacancy. Check the company's careers page for the real opening.|2
seed:8330c0330c0ce26a|BNY Mellon|Financial Analyst Trainee|FULL_TIME|Multiple locations|Remote|4-7 Lacs PA|0-2 Yrs|excel,financial modeling,accounting,statistics,communication|BNY Mellon is looking for fresh graduates and early-career candidates for the Financial Analyst Trainee role in the asset management & custody banks space. Skills typically asked for this role: excel, financial modeling, accounting, statistics, communication. This is a sample role built from typical industry requirements, not a confirmed vacancy. Check the company's careers page for the real opening.|6
seed:ff525d9d2543c847|BXP, Inc.|Planning Engineer|FULL_TIME|Multiple locations|Onsite|4-7 Lacs PA|0-2 Yrs|project management,autocad,excel,revit|BXP, Inc. is looking for fresh graduates and early-career candidates for the Planning Engineer role in the office reits space. Skills typically asked for this role: project management, autocad, excel, revit. This is a sample role built from typical industry requirements, not a confirmed vacancy. Check the company's careers page for the real opening.|14
seed:f6e8e42f317a8a13|BXP, Inc.|Civil Engineer Trainee|FULL_TIME|Multiple locations|Remote|4-7 Lacs PA|0-2 Yrs|autocad,revit,staad pro,project management|BXP, Inc. is looking for fresh graduates and early-career candidates for the Civil Engineer Trainee role in the office reits space. Skills typically asked for this role: autocad, revit, staad pro, project management. This is a sample role built from typical industry requirements, not a confirmed vacancy. Check the company's careers page for the real opening.|11
seed:1bc93374ed10a607|Bajaj Auto|Civil Site Engineer|FULL_TIME|Chennai, Visakhapatnam, Kochi|Hybrid|2-6 Lacs PA|0-2 Yrs|autocad,revit,staad pro,project management|Bajaj Auto is looking for fresh graduates and early-career candidates for the Civil Site Engineer role in the automobile space. Skills typically asked for this role: autocad, revit, staad pro, project management. This is a sample role built from typical industry requirements, not a confirmed vacancy. Check the company's careers page for the real opening.|6
seed:5bd0a017262009ef|Bajaj Auto|Engineering Intern|INTERNSHIP|Bengaluru, Chennai, Kolkata|Hybrid|₹20,000 / month|Internship|autocad,matlab,solidworks,communication|Bajaj Auto is looking for fresh graduates and early-career candidates for the Engineering Intern role in the automobile space. Skills typically asked for this role: autocad, matlab, solidworks, communication. This is a sample role built from typical industry requirements, not a confirmed vacancy. Check the company's careers page for the real opening.|5
seed:643dbf9af4485853|Baker Hughes|Graduate Engineer Trainee (Electrical)|FULL_TIME|Multiple locations|Hybrid|4-6 Lacs PA|0-1 Yrs|plc,scada,matlab,project management|Baker Hughes is looking for fresh graduates and early-career candidates for the Graduate Engineer Trainee (Electrical) role in the oil & gas equipment & services space. Skills typically asked for this role: plc, scada, matlab, project management. This is a sample role built from typical industry requirements, not a confirmed vacancy. Check the company's careers page for the real opening.|8
seed:39e2b9531d754607|Baker Hughes|Process Engineer Trainee|FULL_TIME|Multiple locations|Hybrid|4-7 Lacs PA|0-2 Yrs|process design,thermodynamics,aspen plus,matlab|Baker Hughes is looking for fresh graduates and early-career candidates for the Process Engineer Trainee role in the oil & gas equipment & services space. Skills typically asked for this role: process design, thermodynamics, aspen plus, matlab. This is a sample role built from typical industry requirements, not a confirmed vacancy. Check the company's careers page for the real opening.|3
seed:15db129dab6bf1ef|Ball Corporation|R&D Chemist|FULL_TIME|Multiple locations|Hybrid|2-6 Lacs PA|0-2 Yrs|research,lab techniques,spectroscopy,quality control|Ball Corporation is looking for fresh graduates and early-career candidates for the R&D Chemist role in the metal, glass & plastic containers space. Skills typically asked for this role: research, lab techniques, spectroscopy, quality control. This is a sample role built from typical industry requirements, not a confirmed vacancy. Check the company's careers page for the real opening.|11
seed:53afa31e53c21d0f|Ball Corporation|Process Engineer Trainee|FULL_TIME|Multiple locations|Remote|4-6 Lacs PA|0-2 Yrs|process design,thermodynamics,quality control,six sigma|Ball Corporation is looking for fresh graduates and early-career candidates for the Process Engineer Trainee role in the metal, glass & plastic containers space. Skills typically asked for this role: process design, thermodynamics, quality control, six sigma. This is a sample role built from typical industry requirements, not a confirmed vacancy. Check the company's careers page for the real opening.|14
seed:8fa7c1f42b3fb804|Bank of America|Financial Analyst Trainee|FULL_TIME|Multiple locations|Remote|4-7 Lacs PA|0-2 Yrs|excel,financial modeling,accounting,statistics,communication|Bank of America is looking for fresh graduates and early-career candidates for the Financial Analyst Trainee role in the diversified banks space. Skills typically asked for this role: excel, financial modeling, accounting, statistics, communication. This is a sample role built from typical industry requirements, not a confirmed vacancy. Check the company's careers page for the real opening.|5
seed:b2ff81ea428c01e3|Bank of America|Finance Intern|INTERNSHIP|Multiple locations|Onsite|₹15,000 / month|Internship|excel,accounting,financial modeling,communication|Bank of America is looking for fresh graduates and early-career candidates for the Finance Intern role in the diversified banks space. Skills typically asked for this role: excel, accounting, financial modeling, communication. This is a sample role built from typical industry requirements, not a confirmed vacancy. Check the company's careers page for the real opening.|8
seed:1b7a8f6d00dc4b68|Baxter International|Clinical Research Associate|FULL_TIME|Multiple locations|Onsite|2-5 Lacs PA|0-2 Yrs|clinical research,research,statistics,communication|Baxter International is looking for fresh graduates and early-career candidates for the Clinical Research Associate role in the health care equipment space. Skills typically asked for this role: clinical research, research, statistics, communication. This is a sample role built from typical industry requirements, not a confirmed vacancy. Check the company's careers page for the real opening.|1
seed:c0caefdf35ef2ccb|Baxter International|Medical Representative Trainee|FULL_TIME|Multiple locations|Onsite|2-4 Lacs PA|0-1 Yrs|sales,communication,pharmacology|Baxter International is looking for fresh graduates and early-career candidates for the Medical Representative Trainee role in the health care equipment space. Skills typically asked for this role: sales, communication, pharmacology. This is a sample role built from typical industry requirements, not a confirmed vacancy. Check the company's careers page for the real opening.|11
seed:dadfeff985c2bac0|Becton Dickinson|Research Intern|INTERNSHIP|Multiple locations|Remote|₹8,000 / month|Internship|research,lab techniques,statistics|Becton Dickinson is looking for fresh graduates and early-career candidates for the Research Intern role in the health care equipment space. Skills typically asked for this role: research, lab techniques, statistics. This is a sample role built from typical industry requirements, not a confirmed vacancy. Check the company's careers page for the real opening.|12
seed:3656c60fa915bfc0|Becton Dickinson|Research Associate|FULL_TIME|Multiple locations|Onsite|2-4 Lacs PA|0-2 Yrs|research,lab techniques,pcr,pharmacology|Becton Dickinson is looking for fresh graduates and early-career candidates for the Research Associate role in the health care equipment space. Skills typically asked for this role: research, lab techniques, pcr, pharmacology. This is a sample role built from typical industry requirements, not a confirmed vacancy. Check the company's careers page for the real opening.|2
seed:a30a02b62689cb0c|Berkshire Hathaway|Finance Intern|INTERNSHIP|Multiple locations|Remote|₹20,000 / month|Internship|excel,accounting,financial modeling,communication|Berkshire Hathaway is looking for fresh graduates and early-career candidates for the Finance Intern role in the multi-sector holdings space. Skills typically asked for this role: excel, accounting, financial modeling, communication. This is a sample role built from typical industry requirements, not a confirmed vacancy. Check the company's careers page for the real opening.|1
seed:5ff1434076601178|Berkshire Hathaway|Software Engineer (Banking Tech)|FULL_TIME|Multiple locations|Onsite|4-7 Lacs PA|0-2 Yrs|java,sql,spring boot,rest api,git|Berkshire Hathaway is looking for fresh graduates and early-career candidates for the Software Engineer (Banking Tech) role in the multi-sector holdings space. Skills typically asked for this role: java, sql, spring boot, rest api, git. This is a sample role built from typical industry requirements, not a confirmed vacancy. Check the company's careers page for the real opening.|1
seed:551ec62245f5c65b|Best Buy|Supply Chain Analyst|FULL_TIME|Multiple locations|Hybrid|4-7 Lacs PA|0-2 Yrs|supply chain,excel,sql,sap,business analysis|Best Buy is looking for fresh graduates and early-career candidates for the Supply Chain Analyst role in the computer & electronics retail space. Skills typically asked for this role: supply chain, excel, sql, sap, business analysis. This is a sample role built from typical industry requirements, not a confirmed vacancy. Check the company's careers page for the real opening.|7
seed:11057290aee6413c|Best Buy|Marketing Intern|INTERNSHIP|Multiple locations|Remote|₹20,000 / month|Internship|digital marketing,seo,content writing,communication|Best Buy is looking for fresh graduates and early-career candidates for the Marketing Intern role in the computer & electronics retail space. Skills typically asked for this role: digital marketing, seo, content writing, communication. This is a sample role built from typical industry requirements, not a confirmed vacancy. Check the company's careers page for the real opening.|5
seed:d65aadc7268e62fd|Bharat Electronics|Graduate Engineer Trainee|FULL_TIME|Kochi, Chennai|Onsite|4-7 Lacs PA|0-1 Yrs|autocad,solidworks,matlab,project management,quality control|Bharat Electronics is looking for fresh graduates and early-career candidates for the Graduate Engineer Trainee role in the defence electronics space. Skills typically asked for this role: autocad, solidworks, matlab, project management, quality control. This is a sample role built from typical industry requirements, not a confirmed vacancy. Check the company's careers page for the real opening.|5
seed:5379214e12f1689d|Bharat Electronics|Electrical Engineer Trainee|FULL_TIME|Visakhapatnam, Kolkata|Onsite|2-5 Lacs PA|0-2 Yrs|plc,scada,matlab,autocad,embedded c|Bharat Electronics is looking for fresh graduates and early-career candidates for the Electrical Engineer Trainee role in the defence electronics space. Skills typically asked for this role: plc, scada, matlab, autocad, embedded c. This is a sample role built from typical industry requirements, not a confirmed vacancy. Check the company's careers page for the real opening.|13
seed:f60220b1255db178|Bharat Heavy Electricals|Design Engineer|FULL_TIME|Mumbai, Visakhapatnam|Onsite|2-6 Lacs PA|0-2 Yrs|autocad,solidworks,catia,cad,ansys|Bharat Heavy Electricals is looking for fresh graduates and early-career candidates for the Design Engineer role in the engineering space. Skills typically asked for this role: autocad, solidworks, catia, cad, ansys. This is a sample role built from typical industry requirements, not a confirmed vacancy. Check the company's careers page for the real opening.|6
seed:c588517429ba6c02|Bharat Heavy Electricals|Supply Chain Analyst|FULL_TIME|Ahmedabad, Gurugram|Hybrid|4-7 Lacs PA|0-2 Yrs|supply chain,excel,sql,sap,business analysis|Bharat Heavy Electricals is looking for fresh graduates and early-career candidates for the Supply Chain Analyst role in the engineering space. Skills typically asked for this role: supply chain, excel, sql, sap, business analysis. This is a sample role built from typical industry requirements, not a confirmed vacancy. Check the company's careers page for the real opening.|5
seed:b31370df6f5adb66|Bharti Airtel|UI/UX Designer|FULL_TIME|Noida, Delhi NCR|Onsite|4-6 Lacs PA|0-2 Yrs|figma,ui/ux,photoshop,illustrator|Bharti Airtel is looking for fresh graduates and early-career candidates for the UI/UX Designer role in the telecommunications space. Skills typically asked for this role: figma, ui/ux, photoshop, illustrator. This is a sample role built from typical industry requirements, not a confirmed vacancy. Check the company's careers page for the real opening.|9
seed:396a68b4a05f3386|Bharti Airtel|Network Engineer Trainee|FULL_TIME|Noida, Visakhapatnam|Hybrid|3-5 Lacs PA|0-2 Yrs|linux,iot,python,communication|Bharti Airtel is looking for fresh graduates and early-career candidates for the Network Engineer Trainee role in the telecommunications space. Skills typically asked for this role: linux, iot, python, communication. This is a sample role built from typical industry requirements, not a confirmed vacancy. Check the company's careers page for the real opening.|2
seed:e3622f718803c0a3|Bio-Techne|Data Analyst (Healthcare)|FULL_TIME|Multiple locations|Hybrid|4-6 Lacs PA|0-2 Yrs|sql,excel,statistics,python,power bi|Bio-Techne is looking for fresh graduates and early-career candidates for the Data Analyst (Healthcare) role in the life sciences tools & services space. Skills typically asked for this role: sql, excel, statistics, python, power bi. This is a sample role built from typical industry requirements, not a confirmed vacancy. Check the company's careers page for the real opening.|10
seed:779adec69f5b1bfa|Bio-Techne|Quality Control Analyst|FULL_TIME|Multiple locations|Hybrid|3-7 Lacs PA|0-2 Yrs|quality control,lab techniques,spectroscopy,research|Bio-Techne is looking for fresh graduates and early-career candidates for the Quality Control Analyst role in the life sciences tools & services space. Skills typically asked for this role: quality control, lab techniques, spectroscopy, research. This is a sample role built from typical industry requirements, not a confirmed vacancy. Check the company's careers page for the real opening.|9
seed:05ec863a7ab4d3c4|Biogen|Research Associate|FULL_TIME|Multiple locations|Onsite|1-4 Lacs PA|0-2 Yrs|research,lab techniques,pcr,pharmacology|Biogen is looking for fresh graduates and early-career candidates for the Research Associate role in the biotechnology space. Skills typically asked for this role: research, lab techniques, pcr, pharmacology. This is a sample role built from typical industry requirements, not a confirmed vacancy. Check the company's careers page for the real opening.|9
seed:89138cfe5d30b839|Biogen|Research Intern|INTERNSHIP|Multiple locations|Hybrid|₹12,000 / month|Internship|research,lab techniques,statistics|Biogen is looking for fresh graduates and early-career candidates for the Research Intern role in the biotechnology space. Skills typically asked for this role: research, lab techniques, statistics. This is a sample role built from typical industry requirements, not a confirmed vacancy. Check the company's careers page for the real opening.|1
seed:592ba440dfea0e76|BlackRock|Finance Intern|INTERNSHIP|Multiple locations|Remote|₹12,000 / month|Internship|excel,accounting,financial modeling,communication|BlackRock is looking for fresh graduates and early-career candidates for the Finance Intern role in the asset management & custody banks space. Skills typically asked for this role: excel, accounting, financial modeling, communication. This is a sample role built from typical industry requirements, not a confirmed vacancy. Check the company's careers page for the real opening.|8
seed:dce7084b279be82f|BlackRock|Operations Executive|FULL_TIME|Multiple locations|Onsite|2-5 Lacs PA|0-2 Yrs|excel,communication,accounting,tally,gst|BlackRock is looking for fresh graduates and early-career candidates for the Operations Executive role in the asset management & custody banks space. Skills typically asked for this role: excel, communication, accounting, tally, gst. This is a sample role built from typical industry requirements, not a confirmed vacancy. Check the company's careers page for the real opening.|11
seed:8142dd1bd539d310|Blackstone Inc.|Software Engineer (Banking Tech)|FULL_TIME|Multiple locations|Hybrid|4-8 Lacs PA|0-2 Yrs|java,sql,spring boot,rest api,git|Blackstone Inc. is looking for fresh graduates and early-career candidates for the Software Engineer (Banking Tech) role in the asset management & custody banks space. Skills typically asked for this role: java, sql, spring boot, rest api, git. This is a sample role built from typical industry requirements, not a confirmed vacancy. Check the company's careers page for the real opening.|2
seed:0f92ec4615705670|Blackstone Inc.|Risk Analyst|FULL_TIME|Multiple locations|Onsite|4-8 Lacs PA|0-2 Yrs|excel,statistics,sql,python,financial modeling|Blackstone Inc. is looking for fresh graduates and early-career candidates for the Risk Analyst role in the asset management & custody banks space. Skills typically asked for this role: excel, statistics, sql, python, financial modeling. This is a sample role built from typical industry requirements, not a confirmed vacancy. Check the company's careers page for the real opening.|12
seed:b71387b92ef64e92|Block, Inc.|Management Trainee|FULL_TIME|Multiple locations|Remote|2-5 Lacs PA|0-1 Yrs|communication,excel,sales,business analysis|Block, Inc. is looking for fresh graduates and early-career candidates for the Management Trainee role in the transaction & payment processing services space. Skills typically asked for this role: communication, excel, sales, business analysis. This is a sample role built from typical industry requirements, not a confirmed vacancy. Check the company's careers page for the real opening.|8
seed:8d7dbf75e748ddf2|Block, Inc.|Financial Analyst Trainee|FULL_TIME|Multiple locations|Onsite|3-6 Lacs PA|0-2 Yrs|excel,financial modeling,accounting,statistics,communication|Block, Inc. is looking for fresh graduates and early-career candidates for the Financial Analyst Trainee role in the transaction & payment processing services space. Skills typically asked for this role: excel, financial modeling, accounting, statistics, communication. This is a sample role built from typical industry requirements, not a confirmed vacancy. Check the company's careers page for the real opening.|10
seed:c9d82671a20aff86|Bloom Energy|Electrical Engineer Trainee|FULL_TIME|Multiple locations|Hybrid|3-6 Lacs PA|0-2 Yrs|plc,scada,matlab,autocad,embedded c|Bloom Energy is looking for fresh graduates and early-career candidates for the Electrical Engineer Trainee role in the electrical components & equipment space. Skills typically asked for this role: plc, scada, matlab, autocad, embedded c. This is a sample role built from typical industry requirements, not a confirmed vacancy. Check the company's careers page for the real opening.|9
seed:6e67cc504c63cf87|Bloom Energy|Civil Site Engineer|FULL_TIME|Multiple locations|Onsite|3-7 Lacs PA|0-2 Yrs|autocad,revit,staad pro,project management|Bloom Energy is looking for fresh graduates and early-career candidates for the Civil Site Engineer role in the electrical components & equipment space. Skills typically asked for this role: autocad, revit, staad pro, project management. This is a sample role built from typical industry requirements, not a confirmed vacancy. Check the company's careers page for the real opening.|8
seed:55b1cd0df02e5ada|Boeing|Graduate Engineer Trainee|FULL_TIME|Multiple locations|Onsite|2-5 Lacs PA|0-1 Yrs|autocad,solidworks,matlab,project management,quality control|Boeing is looking for fresh graduates and early-career candidates for the Graduate Engineer Trainee role in the aerospace & defense space. Skills typically asked for this role: autocad, solidworks, matlab, project management, quality control. This is a sample role built from typical industry requirements, not a confirmed vacancy. Check the company's careers page for the real opening.|7
seed:cd5f14e2ea6227f1|Boeing|Production Engineer|FULL_TIME|Multiple locations|Hybrid|2-4 Lacs PA|0-2 Yrs|lean manufacturing,six sigma,quality control,cnc,cad|Boeing is looking for fresh graduates and early-career candidates for the Production Engineer role in the aerospace & defense space. Skills typically asked for this role: lean manufacturing, six sigma, quality control, cnc, cad. This is a sample role built from typical industry requirements, not a confirmed vacancy. Check the company's careers page for the real opening.|9
seed:a9327ef50ec6affe|Booking Holdings|Marketing Intern|INTERNSHIP|Multiple locations|Hybrid|₹8,000 / month|Internship|digital marketing,seo,content writing,communication|Booking Holdings is looking for fresh graduates and early-career candidates for the Marketing Intern role in the hotels, resorts & cruise lines space. Skills typically asked for this role: digital marketing, seo, content writing, communication. This is a sample role built from typical industry requirements, not a confirmed vacancy. Check the company's careers page for the real opening.|13
seed:e706dd374f680334|Booking Holdings|Sales Executive|FULL_TIME|Multiple locations|Remote|3-6 Lacs PA|0-2 Yrs|sales,communication,excel|Booking Holdings is looking for fresh graduates and early-career candidates for the Sales Executive role in the hotels, resorts & cruise lines space. Skills typically asked for this role: sales, communication, excel. This is a sample role built from typical industry requirements, not a confirmed vacancy. Check the company's careers page for the real opening.|1
seed:3fd7c6a62ae59ecf|Boston Scientific|Research Intern|INTERNSHIP|Multiple locations|Remote|₹20,000 / month|Internship|research,lab techniques,statistics|Boston Scientific is looking for fresh graduates and early-career candidates for the Research Intern role in the health care equipment space. Skills typically asked for this role: research, lab techniques, statistics. This is a sample role built from typical industry requirements, not a confirmed vacancy. Check the company's careers page for the real opening.|5
seed:a04daf481dc8fe8d|Boston Scientific|Medical Representative Trainee|FULL_TIME|Multiple locations|Hybrid|1-4 Lacs PA|0-1 Yrs|sales,communication,pharmacology|Boston Scientific is looking for fresh graduates and early-career candidates for the Medical Representative Trainee role in the health care equipment space. Skills typically asked for this role: sales, communication, pharmacology. This is a sample role built from typical industry requirements, not a confirmed vacancy. Check the company's careers page for the real opening.|2
seed:02f6bd92d52ee852|Bristol Myers Squibb|Data Analyst (Healthcare)|FULL_TIME|Multiple locations|Onsite|4-7 Lacs PA|0-2 Yrs|sql,excel,statistics,python,power bi|Bristol Myers Squibb is looking for fresh graduates and early-career candidates for the Data Analyst (Healthcare) role in the pharmaceuticals space. Skills typically asked for this role: sql, excel, statistics, python, power bi. This is a sample role built from typical industry requirements, not a confirmed vacancy. Check the company's careers page for the real opening.|0
seed:83c1904908728f60|Bristol Myers Squibb|Research Intern|INTERNSHIP|Multiple locations|Hybrid|₹12,000 / month|Internship|research,lab techniques,statistics|Bristol Myers Squibb is looking for fresh graduates and early-career candidates for the Research Intern role in the pharmaceuticals space. Skills typically asked for this role: research, lab techniques, statistics. This is a sample role built from typical industry requirements, not a confirmed vacancy. Check the company's careers page for the real opening.|8
seed:dfe72e5ea6ada408|Britannia Industries|Software Engineer|FULL_TIME|Kolkata, Chennai|Onsite|4-6 Lacs PA|0-2 Yrs|java,python,sql,react,git|Britannia Industries is looking for fresh graduates and early-career candidates for the Software Engineer role in the consumer goods space. Skills typically asked for this role: java, python, sql, react, git. This is a sample role built from typical industry requirements, not a confirmed vacancy. Check the company's careers page for the real opening.|14
seed:19ea1fc30287fd98|Britannia Industries|Sales Executive|FULL_TIME|Delhi NCR|Onsite|2-5 Lacs PA|0-2 Yrs|sales,communication,excel|Britannia Industries is looking for fresh graduates and early-career candidates for the Sales Executive role in the consumer goods space. Skills typically asked for this role: sales, communication, excel. This is a sample role built from typical industry requirements, not a confirmed vacancy. Check the company's careers page for the real opening.|2
seed:b30a83937eb68bc1|Broadcom|Data Analyst|FULL_TIME|Multiple locations|Hybrid|2-5 Lacs PA|0-2 Yrs|sql,excel,python,power bi,statistics|Broadcom is looking for fresh graduates and early-career candidates for the Data Analyst role in the semiconductors space. Skills typically asked for this role: sql, excel, python, power bi, statistics. This is a sample role built from typical industry requirements, not a confirmed vacancy. Check the company's careers page for the real opening.|2
seed:71fcb8cd99b87404|Broadcom|Python Developer|FULL_TIME|Multiple locations|Onsite|3-5 Lacs PA|0-2 Yrs|python,sql,rest api,git,pandas|Broadcom is looking for fresh graduates and early-career candidates for the Python Developer role in the semiconductors space. Skills typically asked for this role: python, sql, rest api, git, pandas. This is a sample role built from typical industry requirements, not a confirmed vacancy. Check the company's careers page for the real opening.|0
seed:9153baef07121973|Broadcom|Machine Learning Engineer|FULL_TIME|Multiple locations|Remote|5-7 Lacs PA|0-2 Yrs|python,machine learning,tensorflow,pandas,numpy,scikit-learn|Broadcom is looking for fresh graduates and early-career candidates for the Machine Learning Engineer role in the semiconductors space. Skills typically asked for this role: python, machine learning, tensorflow, pandas, numpy, scikit-learn. This is a sample role built from typical industry requirements, not a confirmed vacancy. Check the company's careers page for the real opening.|6
seed:c3a88087c9613c6c|Broadridge Financial Solutions|Supply Chain Analyst|FULL_TIME|Multiple locations|Remote|3-5 Lacs PA|0-2 Yrs|supply chain,excel,sql,sap,business analysis|Broadridge Financial Solutions is looking for fresh graduates and early-career candidates for the Supply Chain Analyst role in the data processing & outsourced services space. Skills typically asked for this role: supply chain, excel, sql, sap, business analysis. This is a sample role built from typical industry requirements, not a confirmed vacancy. Check the company's careers page for the real opening.|4
seed:d0714cb9d21fa961|Broadridge Financial Solutions|Graduate Engineer Trainee|FULL_TIME|Multiple locations|Remote|2-4 Lacs PA|0-1 Yrs|autocad,solidworks,matlab,project management,quality control|Broadridge Financial Solutions is looking for fresh graduates and early-career candidates for the Graduate Engineer Trainee role in the data processing & outsourced services space. Skills typically asked for this role: autocad, solidworks, matlab, project management, quality control. This is a sample role built from typical industry requirements, not a confirmed vacancy. Check the company's careers page for the real opening.|7
seed:10a51893b6487bd9|Brown & Brown|Financial Analyst Trainee|FULL_TIME|Multiple locations|Onsite|3-5 Lacs PA|0-2 Yrs|excel,financial modeling,accounting,statistics,communication|Brown & Brown is looking for fresh graduates and early-career candidates for the Financial Analyst Trainee role in the insurance brokers space. Skills typically asked for this role: excel, financial modeling, accounting, statistics, communication. This is a sample role built from typical industry requirements, not a confirmed vacancy. Check the company's careers page for the real opening.|14
seed:a7cfa13afdc296f3|Brown & Brown|Software Engineer (Banking Tech)|FULL_TIME|Multiple locations|Onsite|3-6 Lacs PA|0-2 Yrs|java,sql,spring boot,rest api,git|Brown & Brown is looking for fresh graduates and early-career candidates for the Software Engineer (Banking Tech) role in the insurance brokers space. Skills typically asked for this role: java, sql, spring boot, rest api, git. This is a sample role built from typical industry requirements, not a confirmed vacancy. Check the company's careers page for the real opening.|0
seed:5f5f873e9682632e|Brown–Forman|Marketing Intern|INTERNSHIP|Multiple locations|Hybrid|₹10,000 / month|Internship|digital marketing,seo,content writing,communication|Brown–Forman is looking for fresh graduates and early-career candidates for the Marketing Intern role in the distillers & vintners space. Skills typically asked for this role: digital marketing, seo, content writing, communication. This is a sample role built from typical industry requirements, not a confirmed vacancy. Check the company's careers page for the real opening.|14
seed:6e864f78dbb6474d|Brown–Forman|Digital Marketing Executive|FULL_TIME|Multiple locations|Remote|3-6 Lacs PA|0-2 Yrs|digital marketing,seo,content writing,excel,communication|Brown–Forman is looking for fresh graduates and early-career candidates for the Digital Marketing Executive role in the distillers & vintners space. Skills typically asked for this role: digital marketing, seo, content writing, excel, communication. This is a sample role built from typical industry requirements, not a confirmed vacancy. Check the company's careers page for the real opening.|6
seed:c61cc53c48aae0ce|Bunge Global|Supply Chain Analyst|FULL_TIME|Multiple locations|Onsite|4-7 Lacs PA|0-2 Yrs|supply chain,excel,sql,sap,business analysis|Bunge Global is looking for fresh graduates and early-career candidates for the Supply Chain Analyst role in the agricultural products & services space. Skills typically asked for this role: supply chain, excel, sql, sap, business analysis. This is a sample role built from typical industry requirements, not a confirmed vacancy. Check the company's careers page for the real opening.|12
seed:8b9ab21f065e6bc8|Bunge Global|Sales Executive|FULL_TIME|Multiple locations|Onsite|1-3 Lacs PA|0-2 Yrs|sales,communication,excel|Bunge Global is looking for fresh graduates and early-career candidates for the Sales Executive role in the agricultural products & services space. Skills typically asked for this role: sales, communication, excel. This is a sample role built from typical industry requirements, not a confirmed vacancy. Check the company's careers page for the real opening.|8
seed:324452bf06173239|C.H. Robinson|Supply Chain Analyst|FULL_TIME|Multiple locations|Remote|3-5 Lacs PA|0-2 Yrs|supply chain,excel,sql,sap,business analysis|C.H. Robinson is looking for fresh graduates and early-career candidates for the Supply Chain Analyst role in the air freight & logistics space. Skills typically asked for this role: supply chain, excel, sql, sap, business analysis. This is a sample role built from typical industry requirements, not a confirmed vacancy. Check the company's careers page for the real opening.|12
seed:1502564fa39f6b7a|C.H. Robinson|Management Trainee|FULL_TIME|Multiple locations|Hybrid|5-7 Lacs PA|0-1 Yrs|sales,communication,excel,business analysis,supply chain|C.H. Robinson is looking for fresh graduates and early-career candidates for the Management Trainee role in the air freight & logistics space. Skills typically asked for this role: sales, communication, excel, business analysis, supply chain. This is a sample role built from typical industry requirements, not a confirmed vacancy. Check the company's careers page for the real opening.|7
seed:b22ab4dbb19753c3|CBRE Group|Civil Engineer Trainee|FULL_TIME|Multiple locations|Hybrid|4-6 Lacs PA|0-2 Yrs|autocad,revit,staad pro,project management|CBRE Group is looking for fresh graduates and early-career candidates for the Civil Engineer Trainee role in the real estate services space. Skills typically asked for this role: autocad, revit, staad pro, project management. This is a sample role built from typical industry requirements, not a confirmed vacancy. Check the company's careers page for the real opening.|11
seed:cc009aa4df9f94f0|CBRE Group|Planning Engineer|FULL_TIME|Multiple locations|Remote|4-8 Lacs PA|0-2 Yrs|project management,autocad,excel,revit|CBRE Group is looking for fresh graduates and early-career candidates for the Planning Engineer role in the real estate services space. Skills typically asked for this role: project management, autocad, excel, revit. This is a sample role built from typical industry requirements, not a confirmed vacancy. Check the company's careers page for the real opening.|2
seed:31f57e90df2a64d4|CDW Corporation|Machine Learning Engineer|FULL_TIME|Multiple locations|Remote|5-9 Lacs PA|0-2 Yrs|python,machine learning,tensorflow,pandas,numpy,scikit-learn|CDW Corporation is looking for fresh graduates and early-career candidates for the Machine Learning Engineer role in the technology distributors space. Skills typically asked for this role: python, machine learning, tensorflow, pandas, numpy, scikit-learn. This is a sample role built from typical industry requirements, not a confirmed vacancy. Check the company's careers page for the real opening.|4
seed:cd03fddca8728170|CDW Corporation|Java Developer|FULL_TIME|Multiple locations|Hybrid|2-5 Lacs PA|0-2 Yrs|java,spring boot,mysql,rest api,git|CDW Corporation is looking for fresh graduates and early-career candidates for the Java Developer role in the technology distributors space. Skills typically asked for this role: java, spring boot, mysql, rest api, git. This is a sample role built from typical industry requirements, not a confirmed vacancy. Check the company's careers page for the real opening.|2
seed:4ae64917259fa77d|CDW Corporation|Software Engineer Trainee|FULL_TIME|Multiple locations|Onsite|3-5 Lacs PA|0-1 Yrs|java,sql,data structures,git,rest api|CDW Corporation is looking for fresh graduates and early-career candidates for the Software Engineer Trainee role in the technology distributors space. Skills typically asked for this role: java, sql, data structures, git, rest api. This is a sample role built from typical industry requirements, not a confirmed vacancy. Check the company's careers page for the real opening.|11
seed:feebe49eaa06e717|CF Industries|Plant Intern|INTERNSHIP|Multiple locations|Remote|₹20,000 / month|Internship|process design,quality control,excel|CF Industries is looking for fresh graduates and early-career candidates for the Plant Intern role in the fertilizers & agricultural chemicals space. Skills typically asked for this role: process design, quality control, excel. This is a sample role built from typical industry requirements, not a confirmed vacancy. Check the company's careers page for the real opening.|8
seed:4f1a451ce7c783d7|CF Industries|Supply Chain Executive|FULL_TIME|Multiple locations|Remote|2-5 Lacs PA|0-2 Yrs|supply chain,excel,sap,communication|CF Industries is looking for fresh graduates and early-career candidates for the Supply Chain Executive role in the fertilizers & agricultural chemicals space. Skills typically asked for this role: supply chain, excel, sap, communication. This is a sample role built from typical industry requirements, not a confirmed vacancy. Check the company's careers page for the real opening.|10
seed:7799ed04fa87cc5c|CME Group|Business Analyst|FULL_TIME|Multiple locations|Onsite|3-7 Lacs PA|0-2 Yrs|sql,excel,business analysis,power bi,communication|CME Group is looking for fresh graduates and early-career candidates for the Business Analyst role in the financial exchanges & data space. Skills typically asked for this role: sql, excel, business analysis, power bi, communication. This is a sample role built from typical industry requirements, not a confirmed vacancy. Check the company's careers page for the real opening.|11
seed:81e4467f2d6b0a1b|CME Group|Operations Executive|FULL_TIME|Multiple locations|Hybrid|2-5 Lacs PA|0-2 Yrs|excel,communication,accounting,tally,gst|CME Group is looking for fresh graduates and early-career candidates for the Operations Executive role in the financial exchanges & data space. Skills typically asked for this role: excel, communication, accounting, tally, gst. This is a sample role built from typical industry requirements, not a confirmed vacancy. Check the company's careers page for the real opening.|7
seed:ddcad32655053d53|CMS Energy|Graduate Engineer Trainee (Electrical)|FULL_TIME|Multiple locations|Onsite|5-7 Lacs PA|0-1 Yrs|plc,scada,matlab,project management|CMS Energy is looking for fresh graduates and early-career candidates for the Graduate Engineer Trainee (Electrical) role in the multi-utilities space. Skills typically asked for this role: plc, scada, matlab, project management. This is a sample role built from typical industry requirements, not a confirmed vacancy. Check the company's careers page for the real opening.|5
seed:12737578bf759cad|CMS Energy|Maintenance Engineer|FULL_TIME|Multiple locations|Onsite|2-5 Lacs PA|0-2 Yrs|quality control,plc,autocad,six sigma|CMS Energy is looking for fresh graduates and early-career candidates for the Maintenance Engineer role in the multi-utilities space. Skills typically asked for this role: quality control, plc, autocad, six sigma. This is a sample role built from typical industry requirements, not a confirmed vacancy. Check the company's careers page for the real opening.|9
seed:32b66115e12a963d|CRH plc|Supply Chain Executive|FULL_TIME|Multiple locations|Hybrid|4-7 Lacs PA|0-2 Yrs|supply chain,excel,sap,communication|CRH plc is looking for fresh graduates and early-career candidates for the Supply Chain Executive role in the construction materials space. Skills typically asked for this role: supply chain, excel, sap, communication. This is a sample role built from typical industry requirements, not a confirmed vacancy. Check the company's careers page for the real opening.|2
seed:189171df6f57e5ee|CRH plc|Process Engineer Trainee|FULL_TIME|Multiple locations|Remote|3-5 Lacs PA|0-2 Yrs|process design,thermodynamics,quality control,six sigma|CRH plc is looking for fresh graduates and early-career candidates for the Process Engineer Trainee role in the construction materials space. Skills typically asked for this role: process design, thermodynamics, quality control, six sigma. This is a sample role built from typical industry requirements, not a confirmed vacancy. Check the company's careers page for the real opening.|14
seed:2b4946d27eacb6b4|CSX Corporation|Civil Site Engineer|FULL_TIME|Multiple locations|Onsite|3-5 Lacs PA|0-2 Yrs|autocad,revit,staad pro,project management|CSX Corporation is looking for fresh graduates and early-career candidates for the Civil Site Engineer role in the rail transportation space. Skills typically asked for this role: autocad, revit, staad pro, project management. This is a sample role built from typical industry requirements, not a confirmed vacancy. Check the company's careers page for the real opening.|4
seed:0bec8af0567cbcca|CSX Corporation|Graduate Engineer Trainee|FULL_TIME|Multiple locations|Remote|2-5 Lacs PA|0-1 Yrs|autocad,solidworks,matlab,project management,quality control|CSX Corporation is looking for fresh graduates and early-career candidates for the Graduate Engineer Trainee role in the rail transportation space. Skills typically asked for this role: autocad, solidworks, matlab, project management, quality control. This is a sample role built from typical industry requirements, not a confirmed vacancy. Check the company's careers page for the real opening.|2
seed:1fd48149d0f91e42|CVS Health|Clinical Research Associate|FULL_TIME|Multiple locations|Onsite|3-7 Lacs PA|0-2 Yrs|clinical research,research,statistics,communication|CVS Health is looking for fresh graduates and early-career candidates for the Clinical Research Associate role in the health care services space. Skills typically asked for this role: clinical research, research, statistics, communication. This is a sample role built from typical industry requirements, not a confirmed vacancy. Check the company's careers page for the real opening.|12
seed:d3eda7fe02c64034|CVS Health|Quality Control Analyst|FULL_TIME|Multiple locations|Hybrid|2-5 Lacs PA|0-2 Yrs|quality control,lab techniques,spectroscopy,research|CVS Health is looking for fresh graduates and early-career candidates for the Quality Control Analyst role in the health care services space. Skills typically asked for this role: quality control, lab techniques, spectroscopy, research. This is a sample role built from typical industry requirements, not a confirmed vacancy. Check the company's careers page for the real opening.|12
seed:bb5f4a3b8a4e46a6|Cadence Design Systems|Data Analyst|FULL_TIME|Multiple locations|Remote|3-5 Lacs PA|0-2 Yrs|sql,excel,python,power bi,statistics|Cadence Design Systems is looking for fresh graduates and early-career candidates for the Data Analyst role in the application software space. Skills typically asked for this role: sql, excel, python, power bi, statistics. This is a sample role built from typical industry requirements, not a confirmed vacancy. Check the company's careers page for the real opening.|5
seed:3beb2532a787d796|Cadence Design Systems|Machine Learning Engineer|FULL_TIME|Multiple locations|Remote|4-6 Lacs PA|0-2 Yrs|python,machine learning,tensorflow,pandas,numpy,scikit-learn|Cadence Design Systems is looking for fresh graduates and early-career candidates for the Machine Learning Engineer role in the application software space. Skills typically asked for this role: python, machine learning, tensorflow, pandas, numpy, scikit-learn. This is a sample role built from typical industry requirements, not a confirmed vacancy. Check the company's careers page for the real opening.|4
seed:8e0df4378f486d36|Cadence Design Systems|QA / Test Engineer|FULL_TIME|Multiple locations|Remote|3-6 Lacs PA|0-2 Yrs|java,sql,git,rest api|Cadence Design Systems is looking for fresh graduates and early-career candidates for the QA / Test Engineer role in the application software space. Skills typically asked for this role: java, sql, git, rest api. This is a sample role built from typical industry requirements, not a confirmed vacancy. Check the company's careers page for the real opening.|2
seed:c35a28ef9bf52254|Camden Property Trust|Sales Executive|FULL_TIME|Multiple locations|Hybrid|1-3 Lacs PA|0-2 Yrs|sales,communication,excel|Camden Property Trust is looking for fresh graduates and early-career candidates for the Sales Executive role in the multi-family residential reits space. Skills typically asked for this role: sales, communication, excel. This is a sample role built from typical industry requirements, not a confirmed vacancy. Check the company's careers page for the real opening.|13
seed:64bf1f62a39fb546|Camden Property Trust|Civil Engineer Trainee|FULL_TIME|Multiple locations|Onsite|4-7 Lacs PA|0-2 Yrs|autocad,revit,staad pro,project management|Camden Property Trust is looking for fresh graduates and early-career candidates for the Civil Engineer Trainee role in the multi-family residential reits space. Skills typically asked for this role: autocad, revit, staad pro, project management. This is a sample role built from typical industry requirements, not a confirmed vacancy. Check the company's careers page for the real opening.|12
seed:76d6a158369d03e0|Capital One|Management Trainee|FULL_TIME|Multiple locations|Hybrid|2-5 Lacs PA|0-1 Yrs|communication,excel,sales,business analysis|Capital One is looking for fresh graduates and early-career candidates for the Management Trainee role in the consumer finance space. Skills typically asked for this role: communication, excel, sales, business analysis. This is a sample role built from typical industry requirements, not a confirmed vacancy. Check the company's careers page for the real opening.|10
seed:7314460fa1f891d7|Capital One|Business Analyst|FULL_TIME|Multiple locations|Hybrid|5-8 Lacs PA|0-2 Yrs|sql,excel,business analysis,power bi,communication|Capital One is looking for fresh graduates and early-career candidates for the Business Analyst role in the consumer finance space. Skills typically asked for this role: sql, excel, business analysis, power bi, communication. This is a sample role built from typical industry requirements, not a confirmed vacancy. Check the company's careers page for the real opening.|2
seed:4a07b51581fb82d3|Cardinal Health|Research Intern|INTERNSHIP|Multiple locations|Remote|₹15,000 / month|Internship|research,lab techniques,statistics|Cardinal Health is looking for fresh graduates and early-career candidates for the Research Intern role in the health care distributors space. Skills typically asked for this role: research, lab techniques, statistics. This is a sample role built from typical industry requirements, not a confirmed vacancy. Check the company's careers page for the real opening.|1
seed:509e315a20f5ea57|Cardinal Health|Research Associate|FULL_TIME|Multiple locations|Onsite|1-3 Lacs PA|0-2 Yrs|research,lab techniques,pcr,pharmacology|Cardinal Health is looking for fresh graduates and early-career candidates for the Research Associate role in the health care distributors space. Skills typically asked for this role: research, lab techniques, pcr, pharmacology. This is a sample role built from typical industry requirements, not a confirmed vacancy. Check the company's careers page for the real opening.|9
seed:6643601aa24926f7|Carnival Corporation|Software Engineer|FULL_TIME|Multiple locations|Hybrid|5-8 Lacs PA|0-2 Yrs|java,python,sql,react,git|Carnival Corporation is looking for fresh graduates and early-career candidates for the Software Engineer role in the hotels, resorts & cruise lines space. Skills typically asked for this role: java, python, sql, react, git. This is a sample role built from typical industry requirements, not a confirmed vacancy. Check the company's careers page for the real opening.|0
seed:fd8b9ffb40be619d|Carnival Corporation|Business Analyst|FULL_TIME|Multiple locations|Onsite|4-6 Lacs PA|0-2 Yrs|sql,excel,power bi,business analysis,communication|Carnival Corporation is looking for fresh graduates and early-career candidates for the Business Analyst role in the hotels, resorts & cruise lines space. Skills typically asked for this role: sql, excel, power bi, business analysis, communication. This is a sample role built from typical industry requirements, not a confirmed vacancy. Check the company's careers page for the real opening.|9
seed:ad0941312b11fb32|Carrier Global|Electrical Engineer Trainee|FULL_TIME|Multiple locations|Hybrid|2-4 Lacs PA|0-2 Yrs|plc,scada,matlab,autocad,embedded c|Carrier Global is looking for fresh graduates and early-career candidates for the Electrical Engineer Trainee role in the building products space. Skills typically asked for this role: plc, scada, matlab, autocad, embedded c. This is a sample role built from typical industry requirements, not a confirmed vacancy. Check the company's careers page for the real opening.|2
seed:8bd6ac25fe1ba091|Carrier Global|Graduate Engineer Trainee|FULL_TIME|Multiple locations|Onsite|3-7 Lacs PA|0-1 Yrs|autocad,solidworks,matlab,project management,quality control|Carrier Global is looking for fresh graduates and early-career candidates for the Graduate Engineer Trainee role in the building products space. Skills typically asked for this role: autocad, solidworks, matlab, project management, quality control. This is a sample role built from typical industry requirements, not a confirmed vacancy. Check the company's careers page for the real opening.|4
seed:0a754494a8b3d457|Carvana|Embedded Software Engineer|FULL_TIME|Multiple locations|Remote|4-7 Lacs PA|0-2 Yrs|embedded c,c++,iot,arduino,linux|Carvana is looking for fresh graduates and early-career candidates for the Embedded Software Engineer role in the automotive retail space. Skills typically asked for this role: embedded c, c++, iot, arduino, linux. This is a sample role built from typical industry requirements, not a confirmed vacancy. Check the company's careers page for the real opening.|8
seed:2ca85972cf4a9d00|Carvana|Production Engineer|FULL_TIME|Multiple locations|Remote|4-6 Lacs PA|0-2 Yrs|lean manufacturing,six sigma,quality control,cnc,cad|Carvana is looking for fresh graduates and early-career candidates for the Production Engineer role in the automotive retail space. Skills typically asked for this role: lean manufacturing, six sigma, quality control, cnc, cad. This is a sample role built from typical industry requirements, not a confirmed vacancy. Check the company's careers page for the real opening.|9
seed:3f6e5be460806a9d|Casey's|Sales Executive|FULL_TIME|Multiple locations|Hybrid|2-6 Lacs PA|0-2 Yrs|sales,communication,excel|Casey's is looking for fresh graduates and early-career candidates for the Sales Executive role in the food retail space. Skills typically asked for this role: sales, communication, excel. This is a sample role built from typical industry requirements, not a confirmed vacancy. Check the company's careers page for the real opening.|11
seed:9d3c1938430a8caf|Casey's|Supply Chain Analyst|FULL_TIME|Multiple locations|Onsite|2-4 Lacs PA|0-2 Yrs|supply chain,excel,sql,sap,business analysis|Casey's is looking for fresh graduates and early-career candidates for the Supply Chain Analyst role in the food retail space. Skills typically asked for this role: supply chain, excel, sql, sap, business analysis. This is a sample role built from typical industry requirements, not a confirmed vacancy. Check the company's careers page for the real opening.|6
seed:d582e59c185895fe|Caterpillar Inc.|Graduate Engineer Trainee|FULL_TIME|Multiple locations|Remote|4-7 Lacs PA|0-1 Yrs|autocad,solidworks,matlab,project management,quality control|Caterpillar Inc. is looking for fresh graduates and early-career candidates for the Graduate Engineer Trainee role in the construction machinery & heavy transportation equipment space. Skills typically asked for this role: autocad, solidworks, matlab, project management, quality control. This is a sample role built from typical industry requirements, not a confirmed vacancy. Check the company's careers page for the real opening.|4
seed:c9f699449fc152dd|Caterpillar Inc.|Supply Chain Analyst|FULL_TIME|Multiple locations|Onsite|3-6 Lacs PA|0-2 Yrs|supply chain,excel,sql,sap,business analysis|Caterpillar Inc. is looking for fresh graduates and early-career candidates for the Supply Chain Analyst role in the construction machinery & heavy transportation equipment space. Skills typically asked for this role: supply chain, excel, sql, sap, business analysis. This is a sample role built from typical industry requirements, not a confirmed vacancy. Check the company's careers page for the real opening.|9
seed:aabe1facbe8cee7a|Cboe Global Markets|Business Analyst|FULL_TIME|Multiple locations|Onsite|4-6 Lacs PA|0-2 Yrs|sql,excel,business analysis,power bi,communication|Cboe Global Markets is looking for fresh graduates and early-career candidates for the Business Analyst role in the financial exchanges & data space. Skills typically asked for this role: sql, excel, business analysis, power bi, communication. This is a sample role built from typical industry requirements, not a confirmed vacancy. Check the company's careers page for the real opening.|1
seed:7fe44cb52d8bda01|Cboe Global Markets|Operations Executive|FULL_TIME|Multiple locations|Hybrid|2-5 Lacs PA|0-2 Yrs|excel,communication,accounting,tally,gst|Cboe Global Markets is looking for fresh graduates and early-career candidates for the Operations Executive role in the financial exchanges & data space. Skills typically asked for this role: excel, communication, accounting, tally, gst. This is a sample role built from typical industry requirements, not a confirmed vacancy. Check the company's careers page for the real opening.|4
seed:c6addcaef48f6f26|Cencora|Quality Control Analyst|FULL_TIME|Multiple locations|Remote|2-5 Lacs PA|0-2 Yrs|quality control,lab techniques,spectroscopy,research|Cencora is looking for fresh graduates and early-career candidates for the Quality Control Analyst role in the health care distributors space. Skills typically asked for this role: quality control, lab techniques, spectroscopy, research. This is a sample role built from typical industry requirements, not a confirmed vacancy. Check the company's careers page for the real opening.|8
seed:b1beed06b6369855|Cencora|Medical Representative Trainee|FULL_TIME|Multiple locations|Onsite|2-6 Lacs PA|0-1 Yrs|sales,communication,pharmacology|Cencora is looking for fresh graduates and early-career candidates for the Medical Representative Trainee role in the health care distributors space. Skills typically asked for this role: sales, communication, pharmacology. This is a sample role built from typical industry requirements, not a confirmed vacancy. Check the company's careers page for the real opening.|10
seed:f476c511b75f60c9|Centene Corporation|Quality Control Analyst|FULL_TIME|Multiple locations|Onsite|3-6 Lacs PA|0-2 Yrs|quality control,lab techniques,spectroscopy,research|Centene Corporation is looking for fresh graduates and early-career candidates for the Quality Control Analyst role in the managed health care space. Skills typically asked for this role: quality control, lab techniques, spectroscopy, research. This is a sample role built from typical industry requirements, not a confirmed vacancy. Check the company's careers page for the real opening.|1
seed:0724bb536b6d8432|Centene Corporation|Medical Representative Trainee|FULL_TIME|Multiple locations|Hybrid|2-6 Lacs PA|0-1 Yrs|sales,communication,pharmacology|Centene Corporation is looking for fresh graduates and early-career candidates for the Medical Representative Trainee role in the managed health care space. Skills typically asked for this role: sales, communication, pharmacology. This is a sample role built from typical industry requirements, not a confirmed vacancy. Check the company's careers page for the real opening.|5
seed:8ca8225545f59408|CenterPoint Energy|Maintenance Engineer|FULL_TIME|Multiple locations|Remote|4-8 Lacs PA|0-2 Yrs|quality control,plc,autocad,six sigma|CenterPoint Energy is looking for fresh graduates and early-career candidates for the Maintenance Engineer role in the multi-utilities space. Skills typically asked for this role: quality control, plc, autocad, six sigma. This is a sample role built from typical industry requirements, not a confirmed vacancy. Check the company's careers page for the real opening.|9
seed:bf5e1718163a19a7|CenterPoint Energy|Graduate Engineer Trainee (Electrical)|FULL_TIME|Multiple locations|Hybrid|4-8 Lacs PA|0-1 Yrs|plc,scada,matlab,project management|CenterPoint Energy is looking for fresh graduates and early-career candidates for the Graduate Engineer Trainee (Electrical) role in the multi-utilities space. Skills typically asked for this role: plc, scada, matlab, project management. This is a sample role built from typical industry requirements, not a confirmed vacancy. Check the company's careers page for the real opening.|8
seed:d6df2a0d5a223d8f|Charles River Laboratories|Clinical Research Associate|FULL_TIME|Multiple locations|Hybrid|2-4 Lacs PA|0-2 Yrs|clinical research,research,statistics,communication|Charles River Laboratories is looking for fresh graduates and early-career candidates for the Clinical Research Associate role in the life sciences tools & services space. Skills typically asked for this role: clinical research, research, statistics, communication. This is a sample role built from typical industry requirements, not a confirmed vacancy. Check the company's careers page for the real opening.|10
seed:526ebe991e789746|Charles River Laboratories|Medical Representative Trainee|FULL_TIME|Multiple locations|Hybrid|1-4 Lacs PA|0-1 Yrs|sales,communication,pharmacology|Charles River Laboratories is looking for fresh graduates and early-career candidates for the Medical Representative Trainee role in the life sciences tools & services space. Skills typically asked for this role: sales, communication, pharmacology. This is a sample role built from typical industry requirements, not a confirmed vacancy. Check the company's careers page for the real opening.|1
seed:8343ddfa5a651ff7|Charles Schwab Corporation|Financial Analyst Trainee|FULL_TIME|Multiple locations|Hybrid|3-5 Lacs PA|0-2 Yrs|excel,financial modeling,accounting,statistics,communication|Charles Schwab Corporation is looking for fresh graduates and early-career candidates for the Financial Analyst Trainee role in the investment banking & brokerage space. Skills typically asked for this role: excel, financial modeling, accounting, statistics, communication. This is a sample role built from typical industry requirements, not a confirmed vacancy. Check the company's careers page for the real opening.|8
seed:d0d49ff80e5d33f1|Charles Schwab Corporation|Finance Intern|INTERNSHIP|Multiple locations|Hybrid|₹25,000 / month|Internship|excel,accounting,financial modeling,communication|Charles Schwab Corporation is looking for fresh graduates and early-career candidates for the Finance Intern role in the investment banking & brokerage space. Skills typically asked for this role: excel, accounting, financial modeling, communication. This is a sample role built from typical industry requirements, not a confirmed vacancy. Check the company's careers page for the real opening.|9
seed:49465a548c1342cd|Charter Communications|Data Analyst|FULL_TIME|Multiple locations|Remote|2-6 Lacs PA|0-2 Yrs|sql,excel,python,tableau,statistics|Charter Communications is looking for fresh graduates and early-career candidates for the Data Analyst role in the cable & satellite space. Skills typically asked for this role: sql, excel, python, tableau, statistics. This is a sample role built from typical industry requirements, not a confirmed vacancy. Check the company's careers page for the real opening.|12
seed:2fc6b31553bdc181|Charter Communications|Content Intern|INTERNSHIP|Multiple locations|Remote|₹12,000 / month|Internship|content writing,seo,communication|Charter Communications is looking for fresh graduates and early-career candidates for the Content Intern role in the cable & satellite space. Skills typically asked for this role: content writing, seo, communication. This is a sample role built from typical industry requirements, not a confirmed vacancy. Check the company's careers page for the real opening.|14
seed:486d4942322af0dc|Chevron Corporation|Maintenance Engineer|FULL_TIME|Multiple locations|Onsite|2-5 Lacs PA|0-2 Yrs|quality control,plc,autocad,six sigma|Chevron Corporation is looking for fresh graduates and early-career candidates for the Maintenance Engineer role in the integrated oil & gas space. Skills typically asked for this role: quality control, plc, autocad, six sigma. This is a sample role built from typical industry requirements, not a confirmed vacancy. Check the company's careers page for the real opening.|3
seed:1075e8a3a6f51e69|Chevron Corporation|Engineering Intern|INTERNSHIP|Multiple locations|Hybrid|₹8,000 / month|Internship|process design,matlab,excel,project management|Chevron Corporation is looking for fresh graduates and early-career candidates for the Engineering Intern role in the integrated oil & gas space. Skills typically asked for this role: process design, matlab, excel, project management. This is a sample role built from typical industry requirements, not a confirmed vacancy. Check the company's careers page for the real opening.|11
seed:1af021316708f669|Chipotle Mexican Grill|Software Engineer|FULL_TIME|Multiple locations|Hybrid|3-7 Lacs PA|0-2 Yrs|java,python,sql,react,git|Chipotle Mexican Grill is looking for fresh graduates and early-career candidates for the Software Engineer role in the restaurants space. Skills typically asked for this role: java, python, sql, react, git. This is a sample role built from typical industry requirements, not a confirmed vacancy. Check the company's careers page for the real opening.|0
seed:48538a8723a73a59|Chipotle Mexican Grill|Marketing Intern|INTERNSHIP|Multiple locations|Hybrid|₹15,000 / month|Internship|digital marketing,seo,content writing,communication|Chipotle Mexican Grill is looking for fresh graduates and early-career candidates for the Marketing Intern role in the restaurants space. Skills typically asked for this role: digital marketing, seo, content writing, communication. This is a sample role built from typical industry requirements, not a confirmed vacancy. Check the company's careers page for the real opening.|2
seed:7766100fd879363e|Chubb Limited|Finance Intern|INTERNSHIP|Multiple locations|Hybrid|₹10,000 / month|Internship|excel,accounting,financial modeling,communication|Chubb Limited is looking for fresh graduates and early-career candidates for the Finance Intern role in the property & casualty insurance space. Skills typically asked for this role: excel, accounting, financial modeling, communication. This is a sample role built from typical industry requirements, not a confirmed vacancy. Check the company's careers page for the real opening.|7
seed:b421fe9b2925c552|Chubb Limited|Management Trainee|FULL_TIME|Multiple locations|Onsite|4-8 Lacs PA|0-1 Yrs|communication,excel,sales,business analysis|Chubb Limited is looking for fresh graduates and early-career candidates for the Management Trainee role in the property & casualty insurance space. Skills typically asked for this role: communication, excel, sales, business analysis. This is a sample role built from typical industry requirements, not a confirmed vacancy. Check the company's careers page for the real opening.|13
seed:704842e0d5290d7b|Church & Dwight|Supply Chain Analyst|FULL_TIME|Multiple locations|Remote|3-6 Lacs PA|0-2 Yrs|supply chain,excel,sql,sap,business analysis|Church & Dwight is looking for fresh graduates and early-career candidates for the Supply Chain Analyst role in the household products space. Skills typically asked for this role: supply chain, excel, sql, sap, business analysis. This is a sample role built from typical industry requirements, not a confirmed vacancy. Check the company's careers page for the real opening.|2
seed:3b56152acbe7c62c|Church & Dwight|Business Analyst|FULL_TIME|Multiple locations|Hybrid|3-7 Lacs PA|0-2 Yrs|sql,excel,power bi,business analysis,communication|Church & Dwight is looking for fresh graduates and early-career candidates for the Business Analyst role in the household products space. Skills typically asked for this role: sql, excel, power bi, business analysis, communication. This is a sample role built from typical industry requirements, not a confirmed vacancy. Check the company's careers page for the real opening.|4
seed:7d036430932e3217|Ciena|Frontend Developer|FULL_TIME|Multiple locations|Hybrid|3-7 Lacs PA|0-2 Yrs|javascript,typescript,react,html,css,git|Ciena is looking for fresh graduates and early-career candidates for the Frontend Developer role in the communications equipment space. Skills typically asked for this role: javascript, typescript, react, html, css, git. This is a sample role built from typical industry requirements, not a confirmed vacancy. Check the company's careers page for the real opening.|12
seed:2b2256c4fb3ab334|Ciena|Python Developer|FULL_TIME|Multiple locations|Hybrid|2-4 Lacs PA|0-2 Yrs|python,sql,rest api,git,pandas|Ciena is looking for fresh graduates and early-career candidates for the Python Developer role in the communications equipment space. Skills typically asked for this role: python, sql, rest api, git, pandas. This is a sample role built from typical industry requirements, not a confirmed vacancy. Check the company's careers page for the real opening.|11
seed:d12015fcce668299|Ciena|Data Science Intern|INTERNSHIP|Multiple locations|Hybrid|₹12,000 / month|Internship|python,pandas,numpy,machine learning,sql|Ciena is looking for fresh graduates and early-career candidates for the Data Science Intern role in the communications equipment space. Skills typically asked for this role: python, pandas, numpy, machine learning, sql. This is a sample role built from typical industry requirements, not a confirmed vacancy. Check the company's careers page for the real opening.|3
seed:c4b478e854610fe6|Cigna|Data Analyst (Healthcare)|FULL_TIME|Multiple locations|Hybrid|2-5 Lacs PA|0-2 Yrs|sql,excel,statistics,python,power bi|Cigna is looking for fresh graduates and early-career candidates for the Data Analyst (Healthcare) role in the health care services space. Skills typically asked for this role: sql, excel, statistics, python, power bi. This is a sample role built from typical industry requirements, not a confirmed vacancy. Check the company's careers page for the real opening.|12
seed:251f4ba9cf657d42|Cigna|Clinical Research Associate|FULL_TIME|Multiple locations|Onsite|2-6 Lacs PA|0-2 Yrs|clinical research,research,statistics,communication|Cigna is looking for fresh graduates and early-career candidates for the Clinical Research Associate role in the health care services space. Skills typically asked for this role: clinical research, research, statistics, communication. This is a sample role built from typical industry requirements, not a confirmed vacancy. Check the company's careers page for the real opening.|0
seed:5dc75a5c492e4575|Cincinnati Financial|Software Engineer (Banking Tech)|FULL_TIME|Multiple locations|Hybrid|4-6 Lacs PA|0-2 Yrs|java,sql,spring boot,rest api,git|Cincinnati Financial is looking for fresh graduates and early-career candidates for the Software Engineer (Banking Tech) role in the property & casualty insurance space. Skills typically asked for this role: java, sql, spring boot, rest api, git. This is a sample role built from typical industry requirements, not a confirmed vacancy. Check the company's careers page for the real opening.|12
seed:732a217aec116a65|Cincinnati Financial|Business Analyst|FULL_TIME|Multiple locations|Remote|5-7 Lacs PA|0-2 Yrs|sql,excel,business analysis,power bi,communication|Cincinnati Financial is looking for fresh graduates and early-career candidates for the Business Analyst role in the property & casualty insurance space. Skills typically asked for this role: sql, excel, business analysis, power bi, communication. This is a sample role built from typical industry requirements, not a confirmed vacancy. Check the company's careers page for the real opening.|0
seed:6775218d94a12fe4|Cintas|Design Engineer|FULL_TIME|Multiple locations|Remote|3-6 Lacs PA|0-2 Yrs|autocad,solidworks,catia,cad,ansys|Cintas is looking for fresh graduates and early-career candidates for the Design Engineer role in the diversified support services space. Skills typically asked for this role: autocad, solidworks, catia, cad, ansys. This is a sample role built from typical industry requirements, not a confirmed vacancy. Check the company's careers page for the real opening.|11
seed:92c6c12cf663fb50|Cintas|Production Engineer|FULL_TIME|Multiple locations|Hybrid|3-5 Lacs PA|0-2 Yrs|lean manufacturing,six sigma,quality control,cnc,cad|Cintas is looking for fresh graduates and early-career candidates for the Production Engineer role in the diversified support services space. Skills typically asked for this role: lean manufacturing, six sigma, quality control, cnc, cad. This is a sample role built from typical industry requirements, not a confirmed vacancy. Check the company's careers page for the real opening.|12
seed:da9fea291db51489|Cipla|Research Intern|INTERNSHIP|Delhi NCR|Hybrid|₹15,000 / month|Internship|research,lab techniques,statistics|Cipla is looking for fresh graduates and early-career candidates for the Research Intern role in the pharmaceuticals space. Skills typically asked for this role: research, lab techniques, statistics. This is a sample role built from typical industry requirements, not a confirmed vacancy. Check the company's careers page for the real opening.|14
seed:394cfb807db6c8d5|Cipla|Research Associate|FULL_TIME|Hyderabad, Ahmedabad|Onsite|3-5 Lacs PA|0-2 Yrs|research,lab techniques,pcr,pharmacology|Cipla is looking for fresh graduates and early-career candidates for the Research Associate role in the pharmaceuticals space. Skills typically asked for this role: research, lab techniques, pcr, pharmacology. This is a sample role built from typical industry requirements, not a confirmed vacancy. Check the company's careers page for the real opening.|9
seed:2614fc7471e4f605|Cisco|Software Development Intern|INTERNSHIP|Multiple locations|Remote|₹8,000 / month|Internship|python,java,data structures,git|Cisco is looking for fresh graduates and early-career candidates for the Software Development Intern role in the communications equipment space. Skills typically asked for this role: python, java, data structures, git. This is a sample role built from typical industry requirements, not a confirmed vacancy. Check the company's careers page for the real opening.|7
seed:6537b707c1e237f9|Cisco|Software Engineer Trainee|FULL_TIME|Multiple locations|Hybrid|3-6 Lacs PA|0-1 Yrs|java,sql,data structures,git,rest api|Cisco is looking for fresh graduates and early-career candidates for the Software Engineer Trainee role in the communications equipment space. Skills typically asked for this role: java, sql, data structures, git, rest api. This is a sample role built from typical industry requirements, not a confirmed vacancy. Check the company's careers page for the real opening.|1
seed:a3a1b170533a0fdf|Cisco|Cloud Support Associate|FULL_TIME|Multiple locations|Remote|3-6 Lacs PA|0-1 Yrs|aws,linux,sql,communication|Cisco is looking for fresh graduates and early-career candidates for the Cloud Support Associate role in the communications equipment space. Skills typically asked for this role: aws, linux, sql, communication. This is a sample role built from typical industry requirements, not a confirmed vacancy. Check the company's careers page for the real opening.|1
seed:ca2f00ecb3e5ce17|Citigroup|Management Trainee|FULL_TIME|Multiple locations|Onsite|4-7 Lacs PA|0-1 Yrs|communication,excel,sales,business analysis|Citigroup is looking for fresh graduates and early-career candidates for the Management Trainee role in the diversified banks space. Skills typically asked for this role: communication, excel, sales, business analysis. This is a sample role built from typical industry requirements, not a confirmed vacancy. Check the company's careers page for the real opening.|7
seed:59f6f3e6722adfe2|Citigroup|Financial Analyst Trainee|FULL_TIME|Multiple locations|Hybrid|4-6 Lacs PA|0-2 Yrs|excel,financial modeling,accounting,statistics,communication|Citigroup is looking for fresh graduates and early-career candidates for the Financial Analyst Trainee role in the diversified banks space. Skills typically asked for this role: excel, financial modeling, accounting, statistics, communication. This is a sample role built from typical industry requirements, not a confirmed vacancy. Check the company's careers page for the real opening.|3
seed:eb68707985adeb46|Citizens Financial Group|Financial Analyst Trainee|FULL_TIME|Multiple locations|Hybrid|2-4 Lacs PA|0-2 Yrs|excel,financial modeling,accounting,statistics,communication|Citizens Financial Group is looking for fresh graduates and early-career candidates for the Financial Analyst Trainee role in the regional banks space. Skills typically asked for this role: excel, financial modeling, accounting, statistics, communication. This is a sample role built from typical industry requirements, not a confirmed vacancy. Check the company's careers page for the real opening.|14
seed:ebc75f9ff8626387|Citizens Financial Group|Finance Intern|INTERNSHIP|Multiple locations|Remote|₹12,000 / month|Internship|excel,accounting,financial modeling,communication|Citizens Financial Group is looking for fresh graduates and early-career candidates for the Finance Intern role in the regional banks space. Skills typically asked for this role: excel, accounting, financial modeling, communication. This is a sample role built from typical industry requirements, not a confirmed vacancy. Check the company's careers page for the real opening.|7
seed:e41cd7a428ef0d26|Clorox|Software Engineer|FULL_TIME|Multiple locations|Onsite|5-8 Lacs PA|0-2 Yrs|java,python,sql,react,git|Clorox is looking for fresh graduates and early-career candidates for the Software Engineer role in the household products space. Skills typically asked for this role: java, python, sql, react, git. This is a sample role built from typical industry requirements, not a confirmed vacancy. Check the company's careers page for the real opening.|9
seed:fdb4019ee5dbc1e7|Clorox|Business Analyst|FULL_TIME|Multiple locations|Onsite|4-6 Lacs PA|0-2 Yrs|sql,excel,power bi,business analysis,communication|Clorox is looking for fresh graduates and early-career candidates for the Business Analyst role in the household products space. Skills typically asked for this role: sql, excel, power bi, business analysis, communication. This is a sample role built from typical industry requirements, not a confirmed vacancy. Check the company's careers page for the real opening.|8
seed:e0f98c836347002b|CoStar Group|Business Analyst|FULL_TIME|Multiple locations|Hybrid|2-4 Lacs PA|0-2 Yrs|excel,financial modeling,sql,business analysis|CoStar Group is looking for fresh graduates and early-career candidates for the Business Analyst role in the real estate services space. Skills typically asked for this role: excel, financial modeling, sql, business analysis. This is a sample role built from typical industry requirements, not a confirmed vacancy. Check the company's careers page for the real opening.|0
seed:e557facf3c6a6f5c|CoStar Group|Civil Engineer Trainee|FULL_TIME|Multiple locations|Remote|4-8 Lacs PA|0-2 Yrs|autocad,revit,staad pro,project management|CoStar Group is looking for fresh graduates and early-career candidates for the Civil Engineer Trainee role in the real estate services space. Skills typically asked for this role: autocad, revit, staad pro, project management. This is a sample role built from typical industry requirements, not a confirmed vacancy. Check the company's careers page for the real opening.|10
seed:032eae93f5a2b71f|Coal India|Plant Intern|INTERNSHIP|Noida, Bengaluru, Delhi NCR|Hybrid|₹25,000 / month|Internship|process design,quality control,excel|Coal India is looking for fresh graduates and early-career candidates for the Plant Intern role in the mining space. Skills typically asked for this role: process design, quality control, excel. This is a sample role built from typical industry requirements, not a confirmed vacancy. Check the company's careers page for the real opening.|7
seed:aceeb051eee0f6f7|Coal India|R&D Chemist|FULL_TIME|Pune, Kolkata|Onsite|3-5 Lacs PA|0-2 Yrs|research,lab techniques,spectroscopy,quality control|Coal India is looking for fresh graduates and early-career candidates for the R&D Chemist role in the mining space. Skills typically asked for this role: research, lab techniques, spectroscopy, quality control. This is a sample role built from typical industry requirements, not a confirmed vacancy. Check the company's careers page for the real opening.|4
seed:64f06e7057e2973f|Coca-Cola Company (The)|Digital Marketing Executive|FULL_TIME|Multiple locations|Onsite|3-6 Lacs PA|0-2 Yrs|digital marketing,seo,content writing,excel,communication|Coca-Cola Company (The) is looking for fresh graduates and early-career candidates for the Digital Marketing Executive role in the soft drinks & non-alcoholic beverages space. Skills typically asked for this role: digital marketing, seo, content writing, excel, communication. This is a sample role built from typical industry requirements, not a confirmed vacancy. Check the company's careers page for the real opening.|1
seed:e9d96714883a9268|Coca-Cola Company (The)|Business Analyst|FULL_TIME|Multiple locations|Remote|5-9 Lacs PA|0-2 Yrs|sql,excel,power bi,business analysis,communication|Coca-Cola Company (The) is looking for fresh graduates and early-career candidates for the Business Analyst role in the soft drinks & non-alcoholic beverages space. Skills typically asked for this role: sql, excel, power bi, business analysis, communication. This is a sample role built from typical industry requirements, not a confirmed vacancy. Check the company's careers page for the real opening.|7
seed:79903f6c36de34ec|Coherent Corp.|Data Science Intern|INTERNSHIP|Multiple locations|Onsite|₹10,000 / month|Internship|python,pandas,numpy,machine learning,sql|Coherent Corp. is looking for fresh graduates and early-career candidates for the Data Science Intern role in the electronic components space. Skills typically asked for this role: python, pandas, numpy, machine learning, sql. This is a sample role built from typical industry requirements, not a confirmed vacancy. Check the company's careers page for the real opening.|12
seed:a0438dc16c1207dd|Coherent Corp.|Full Stack Developer|FULL_TIME|Multiple locations|Hybrid|4-6 Lacs PA|0-2 Yrs|javascript,react,node.js,html,css,mongodb,git|Coherent Corp. is looking for fresh graduates and early-career candidates for the Full Stack Developer role in the electronic components space. Skills typically asked for this role: javascript, react, node.js, html, css, mongodb, git. This is a sample role built from typical industry requirements, not a confirmed vacancy. Check the company's careers page for the real opening.|7
seed:771eb76fdf73f1ee|Coherent Corp.|Cyber Security Analyst|FULL_TIME|Multiple locations|Remote|4-6 Lacs PA|0-2 Yrs|cyber security,linux,python,communication|Coherent Corp. is looking for fresh graduates and early-career candidates for the Cyber Security Analyst role in the electronic components space. Skills typically asked for this role: cyber security, linux, python, communication. This is a sample role built from typical industry requirements, not a confirmed vacancy. Check the company's careers page for the real opening.|13
seed:740dabb02abad51b|Coinbase|Management Trainee|FULL_TIME|Multiple locations|Onsite|4-6 Lacs PA|0-1 Yrs|communication,excel,sales,business analysis|Coinbase is looking for fresh graduates and early-career candidates for the Management Trainee role in the financial exchanges & data space. Skills typically asked for this role: communication, excel, sales, business analysis. This is a sample role built from typical industry requirements, not a confirmed vacancy. Check the company's careers page for the real opening.|8
seed:938fa173c67716e1|Coinbase|Financial Analyst Trainee|FULL_TIME|Multiple locations|Onsite|2-5 Lacs PA|0-2 Yrs|excel,financial modeling,accounting,statistics,communication|Coinbase is looking for fresh graduates and early-career candidates for the Financial Analyst Trainee role in the financial exchanges & data space. Skills typically asked for this role: excel, financial modeling, accounting, statistics, communication. This is a sample role built from typical industry requirements, not a confirmed vacancy. Check the company's careers page for the real opening.|9
seed:57423d953ac7db12|Colgate-Palmolive|Supply Chain Analyst|FULL_TIME|Multiple locations|Hybrid|2-6 Lacs PA|0-2 Yrs|supply chain,excel,sql,sap,business analysis|Colgate-Palmolive is looking for fresh graduates and early-career candidates for the Supply Chain Analyst role in the household products space. Skills typically asked for this role: supply chain, excel, sql, sap, business analysis. This is a sample role built from typical industry requirements, not a confirmed vacancy. Check the company's careers page for the real opening.|6
seed:85667afe899c46c4|Colgate-Palmolive|Marketing Intern|INTERNSHIP|Multiple locations|Onsite|₹15,000 / month|Internship|digital marketing,seo,content writing,communication|Colgate-Palmolive is looking for fresh graduates and early-career candidates for the Marketing Intern role in the household products space. Skills typically asked for this role: digital marketing, seo, content writing, communication. This is a sample role built from typical industry requirements, not a confirmed vacancy. Check the company's careers page for the real opening.|0
seed:52eef2314e8627ad|Comcast|Network Engineer Trainee|FULL_TIME|Multiple locations|Remote|3-6 Lacs PA|0-2 Yrs|linux,iot,python,communication|Comcast is looking for fresh graduates and early-career candidates for the Network Engineer Trainee role in the cable & satellite space. Skills typically asked for this role: linux, iot, python, communication. This is a sample role built from typical industry requirements, not a confirmed vacancy. Check the company's careers page for the real opening.|9
seed:fb134174a4c54691|Comcast|Software Engineer|FULL_TIME|Multiple locations|Remote|3-7 Lacs PA|0-2 Yrs|java,python,sql,rest api,git|Comcast is looking for fresh graduates and early-career candidates for the Software Engineer role in the cable & satellite space. Skills typically asked for this role: java, python, sql, rest api, git. This is a sample role built from typical industry requirements, not a confirmed vacancy. Check the company's careers page for the real opening.|14
seed:a1d7b9ec1265a3b0|Comfort Systems USA|Supply Chain Analyst|FULL_TIME|Multiple locations|Remote|3-7 Lacs PA|0-2 Yrs|supply chain,excel,sql,sap,business analysis|Comfort Systems USA is looking for fresh graduates and early-career candidates for the Supply Chain Analyst role in the construction & engineering space. Skills typically asked for this role: supply chain, excel, sql, sap, business analysis. This is a sample role built from typical industry requirements, not a confirmed vacancy. Check the company's careers page for the real opening.|9
seed:9ce39d293f9d9bd6|Comfort Systems USA|Design Engineer|FULL_TIME|Multiple locations|Remote|4-8 Lacs PA|0-2 Yrs|autocad,solidworks,catia,cad,ansys|Comfort Systems USA is looking for fresh graduates and early-career candidates for the Design Engineer role in the construction & engineering space. Skills typically asked for this role: autocad, solidworks, catia, cad, ansys. This is a sample role built from typical industry requirements, not a confirmed vacancy. Check the company's careers page for the real opening.|9
seed:7ca538bfc8337230|ConocoPhillips|Data Analyst (Operations)|FULL_TIME|Multiple locations|Remote|3-6 Lacs PA|0-2 Yrs|sql,excel,python,power bi,statistics|ConocoPhillips is looking for fresh graduates and early-career candidates for the Data Analyst (Operations) role in the oil & gas exploration & production space. Skills typically asked for this role: sql, excel, python, power bi, statistics. This is a sample role built from typical industry requirements, not a confirmed vacancy. Check the company's careers page for the real opening.|3
seed:4f45080af209f8d0|ConocoPhillips|Graduate Engineer Trainee (Electrical)|FULL_TIME|Multiple locations|Onsite|4-8 Lacs PA|0-1 Yrs|plc,scada,matlab,project management|ConocoPhillips is looking for fresh graduates and early-career candidates for the Graduate Engineer Trainee (Electrical) role in the oil & gas exploration & production space. Skills typically asked for this role: plc, scada, matlab, project management. This is a sample role built from typical industry requirements, not a confirmed vacancy. Check the company's careers page for the real opening.|10
seed:aaa90a72ba24e12d|Consolidated Edison|Engineering Intern|INTERNSHIP|Multiple locations|Remote|₹25,000 / month|Internship|process design,matlab,excel,project management|Consolidated Edison is looking for fresh graduates and early-career candidates for the Engineering Intern role in the multi-utilities space. Skills typically asked for this role: process design, matlab, excel, project management. This is a sample role built from typical industry requirements, not a confirmed vacancy. Check the company's careers page for the real opening.|6
seed:2410a93303d169b7|Consolidated Edison|Data Analyst (Operations)|FULL_TIME|Multiple locations|Onsite|3-6 Lacs PA|0-2 Yrs|sql,excel,python,power bi,statistics|Consolidated Edison is looking for fresh graduates and early-career candidates for the Data Analyst (Operations) role in the multi-utilities space. Skills typically asked for this role: sql, excel, python, power bi, statistics. This is a sample role built from typical industry requirements, not a confirmed vacancy. Check the company's careers page for the real opening.|13
seed:d5e077706d129fa6|Constellation Brands|Marketing Intern|INTERNSHIP|Multiple locations|Remote|₹8,000 / month|Internship|digital marketing,seo,content writing,communication|Constellation Brands is looking for fresh graduates and early-career candidates for the Marketing Intern role in the distillers & vintners space. Skills typically asked for this role: digital marketing, seo, content writing, communication. This is a sample role built from typical industry requirements, not a confirmed vacancy. Check the company's careers page for the real opening.|9
seed:da76427941c543d9|Constellation Brands|Software Engineer|FULL_TIME|Multiple locations|Hybrid|4-6 Lacs PA|0-2 Yrs|java,python,sql,react,git|Constellation Brands is looking for fresh graduates and early-career candidates for the Software Engineer role in the distillers & vintners space. Skills typically asked for this role: java, python, sql, react, git. This is a sample role built from typical industry requirements, not a confirmed vacancy. Check the company's careers page for the real opening.|11
seed:987b6d11176a23e5|Constellation Energy|Engineering Intern|INTERNSHIP|Multiple locations|Remote|₹20,000 / month|Internship|process design,matlab,excel,project management|Constellation Energy is looking for fresh graduates and early-career candidates for the Engineering Intern role in the electric utilities space. Skills typically asked for this role: process design, matlab, excel, project management. This is a sample role built from typical industry requirements, not a confirmed vacancy. Check the company's careers page for the real opening.|14
seed:237e4f6bd4f01a10|Constellation Energy|Process Engineer Trainee|FULL_TIME|Multiple locations|Remote|5-8 Lacs PA|0-2 Yrs|process design,thermodynamics,aspen plus,matlab|Constellation Energy is looking for fresh graduates and early-career candidates for the Process Engineer Trainee role in the electric utilities space. Skills typically asked for this role: process design, thermodynamics, aspen plus, matlab. This is a sample role built from typical industry requirements, not a confirmed vacancy. Check the company's careers page for the real opening.|9
seed:5416cb446f8bfeaa|Cooper Companies (The)|Research Intern|INTERNSHIP|Multiple locations|Remote|₹15,000 / month|Internship|research,lab techniques,statistics|Cooper Companies (The) is looking for fresh graduates and early-career candidates for the Research Intern role in the health care supplies space. Skills typically asked for this role: research, lab techniques, statistics. This is a sample role built from typical industry requirements, not a confirmed vacancy. Check the company's careers page for the real opening.|11
seed:75b996fe50b1a3f6|Cooper Companies (The)|Quality Control Analyst|FULL_TIME|Multiple locations|Hybrid|2-4 Lacs PA|0-2 Yrs|quality control,lab techniques,spectroscopy,research|Cooper Companies (The) is looking for fresh graduates and early-career candidates for the Quality Control Analyst role in the health care supplies space. Skills typically asked for this role: quality control, lab techniques, spectroscopy, research. This is a sample role built from typical industry requirements, not a confirmed vacancy. Check the company's careers page for the real opening.|4
seed:3295659210698e56|Copart|Design Engineer|FULL_TIME|Multiple locations|Hybrid|4-8 Lacs PA|0-2 Yrs|autocad,solidworks,catia,cad,ansys|Copart is looking for fresh graduates and early-career candidates for the Design Engineer role in the diversified support services space. Skills typically asked for this role: autocad, solidworks, catia, cad, ansys. This is a sample role built from typical industry requirements, not a confirmed vacancy. Check the company's careers page for the real opening.|14
seed:5badb041d3109dc4|Copart|Production Engineer|FULL_TIME|Multiple locations|Onsite|2-4 Lacs PA|0-2 Yrs|lean manufacturing,six sigma,quality control,cnc,cad|Copart is looking for fresh graduates and early-career candidates for the Production Engineer role in the diversified support services space. Skills typically asked for this role: lean manufacturing, six sigma, quality control, cnc, cad. This is a sample role built from typical industry requirements, not a confirmed vacancy. Check the company's careers page for the real opening.|7
seed:671345dc250499a8|Corning Inc.|Full Stack Developer|FULL_TIME|Multiple locations|Onsite|5-7 Lacs PA|0-2 Yrs|javascript,react,node.js,html,css,mongodb,git|Corning Inc. is looking for fresh graduates and early-career candidates for the Full Stack Developer role in the electronic components space. Skills typically asked for this role: javascript, react, node.js, html, css, mongodb, git. This is a sample role built from typical industry requirements, not a confirmed vacancy. Check the company's careers page for the real opening.|7
seed:6f3676bb453dc469|Corning Inc.|Cyber Security Analyst|FULL_TIME|Multiple locations|Onsite|4-6 Lacs PA|0-2 Yrs|cyber security,linux,python,communication|Corning Inc. is looking for fresh graduates and early-career candidates for the Cyber Security Analyst role in the electronic components space. Skills typically asked for this role: cyber security, linux, python, communication. This is a sample role built from typical industry requirements, not a confirmed vacancy. Check the company's careers page for the real opening.|0
seed:e252a27cb5960a38|Corning Inc.|Data Analyst|FULL_TIME|Multiple locations|Remote|4-7 Lacs PA|0-2 Yrs|sql,excel,python,power bi,statistics|Corning Inc. is looking for fresh graduates and early-career candidates for the Data Analyst role in the electronic components space. Skills typically asked for this role: sql, excel, python, power bi, statistics. This is a sample role built from typical industry requirements, not a confirmed vacancy. Check the company's careers page for the real opening.|5
seed:c0c949fb24ece8fe|Corpay|Finance Intern|INTERNSHIP|Multiple locations|Onsite|₹20,000 / month|Internship|excel,accounting,financial modeling,communication|Corpay is looking for fresh graduates and early-career candidates for the Finance Intern role in the transaction & payment processing services space. Skills typically asked for this role: excel, accounting, financial modeling, communication. This is a sample role built from typical industry requirements, not a confirmed vacancy. Check the company's careers page for the real opening.|3
seed:8d8778b84eeb3515|Corpay|Operations Executive|FULL_TIME|Multiple locations|Remote|3-6 Lacs PA|0-2 Yrs|excel,communication,accounting,tally,gst|Corpay is looking for fresh graduates and early-career candidates for the Operations Executive role in the transaction & payment processing services space. Skills typically asked for this role: excel, communication, accounting, tally, gst. This is a sample role built from typical industry requirements, not a confirmed vacancy. Check the company's careers page for the real opening.|5
seed:73a5bae713a07985|Costco|Marketing Intern|INTERNSHIP|Multiple locations|Hybrid|₹15,000 / month|Internship|digital marketing,seo,content writing,communication|Costco is looking for fresh graduates and early-career candidates for the Marketing Intern role in the consumer staples merchandise retail space. Skills typically asked for this role: digital marketing, seo, content writing, communication. This is a sample role built from typical industry requirements, not a confirmed vacancy. Check the company's careers page for the real opening.|14
seed:63ec0e97e253b707|Costco|Supply Chain Analyst|FULL_TIME|Multiple locations|Onsite|4-6 Lacs PA|0-2 Yrs|supply chain,excel,sql,sap,business analysis|Costco is looking for fresh graduates and early-career candidates for the Supply Chain Analyst role in the consumer staples merchandise retail space. Skills typically asked for this role: supply chain, excel, sql, sap, business analysis. This is a sample role built from typical industry requirements, not a confirmed vacancy. Check the company's careers page for the real opening.|11
seed:6262e14e38bd6337|CrowdStrike|Software Development Intern|INTERNSHIP|Multiple locations|Onsite|₹8,000 / month|Internship|python,java,data structures,git|CrowdStrike is looking for fresh graduates and early-career candidates for the Software Development Intern role in the systems software space. Skills typically asked for this role: python, java, data structures, git. This is a sample role built from typical industry requirements, not a confirmed vacancy. Check the company's careers page for the real opening.|5
seed:1bca74cc5e39e369|CrowdStrike|Data Science Intern|INTERNSHIP|Multiple locations|Remote|₹10,000 / month|Internship|python,pandas,numpy,machine learning,sql|CrowdStrike is looking for fresh graduates and early-career candidates for the Data Science Intern role in the systems software space. Skills typically asked for this role: python, pandas, numpy, machine learning, sql. This is a sample role built from typical industry requirements, not a confirmed vacancy. Check the company's careers page for the real opening.|9
seed:281f13b26276308f|CrowdStrike|Full Stack Developer|FULL_TIME|Multiple locations|Onsite|4-7 Lacs PA|0-2 Yrs|javascript,react,node.js,html,css,mongodb,git|CrowdStrike is looking for fresh graduates and early-career candidates for the Full Stack Developer role in the systems software space. Skills typically asked for this role: javascript, react, node.js, html, css, mongodb, git. This is a sample role built from typical industry requirements, not a confirmed vacancy. Check the company's careers page for the real opening.|0
seed:ac52c97ccffb8e74|Crown Castle|Content Intern|INTERNSHIP|Multiple locations|Hybrid|₹10,000 / month|Internship|content writing,seo,communication|Crown Castle is looking for fresh graduates and early-career candidates for the Content Intern role in the telecom tower reits space. Skills typically asked for this role: content writing, seo, communication. This is a sample role built from typical industry requirements, not a confirmed vacancy. Check the company's careers page for the real opening.|2
seed:a56fa7ed1602e69a|Crown Castle|Software Engineer|FULL_TIME|Multiple locations|Remote|3-6 Lacs PA|0-2 Yrs|java,python,sql,rest api,git|Crown Castle is looking for fresh graduates and early-career candidates for the Software Engineer role in the telecom tower reits space. Skills typically asked for this role: java, python, sql, rest api, git. This is a sample role built from typical industry requirements, not a confirmed vacancy. Check the company's careers page for the real opening.|4
seed:b0deb171b64d8bb2|Cummins|Electrical Engineer Trainee|FULL_TIME|Multiple locations|Hybrid|3-5 Lacs PA|0-2 Yrs|plc,scada,matlab,autocad,embedded c|Cummins is looking for fresh graduates and early-career candidates for the Electrical Engineer Trainee role in the construction machinery & heavy transportation equipment space. Skills typically asked for this role: plc, scada, matlab, autocad, embedded c. This is a sample role built from typical industry requirements, not a confirmed vacancy. Check the company's careers page for the real opening.|14
seed:494ffe28c4126318|Cummins|Engineering Intern|INTERNSHIP|Multiple locations|Hybrid|₹20,000 / month|Internship|autocad,matlab,solidworks,communication|Cummins is looking for fresh graduates and early-career candidates for the Engineering Intern role in the construction machinery & heavy transportation equipment space. Skills typically asked for this role: autocad, matlab, solidworks, communication. This is a sample role built from typical industry requirements, not a confirmed vacancy. Check the company's careers page for the real opening.|10
seed:10d13bd3953f1ca4|D. R. Horton|Digital Marketing Executive|FULL_TIME|Multiple locations|Remote|2-5 Lacs PA|0-2 Yrs|digital marketing,seo,content writing,excel,communication|D. R. Horton is looking for fresh graduates and early-career candidates for the Digital Marketing Executive role in the homebuilding space. Skills typically asked for this role: digital marketing, seo, content writing, excel, communication. This is a sample role built from typical industry requirements, not a confirmed vacancy. Check the company's careers page for the real opening.|7
seed:997005773d79f49f|D. R. Horton|Supply Chain Analyst|FULL_TIME|Multiple locations|Remote|2-5 Lacs PA|0-2 Yrs|supply chain,excel,sql,sap,business analysis|D. R. Horton is looking for fresh graduates and early-career candidates for the Supply Chain Analyst role in the homebuilding space. Skills typically asked for this role: supply chain, excel, sql, sap, business analysis. This is a sample role built from typical industry requirements, not a confirmed vacancy. Check the company's careers page for the real opening.|1
seed:ed9c8c7f53aa7e8f|DTE Energy|Engineering Intern|INTERNSHIP|Multiple locations|Onsite|₹20,000 / month|Internship|process design,matlab,excel,project management|DTE Energy is looking for fresh graduates and early-career candidates for the Engineering Intern role in the multi-utilities space. Skills typically asked for this role: process design, matlab, excel, project management. This is a sample role built from typical industry requirements, not a confirmed vacancy. Check the company's careers page for the real opening.|13
seed:c0c0bd0854f01274|DTE Energy|Graduate Engineer Trainee (Electrical)|FULL_TIME|Multiple locations|Onsite|4-7 Lacs PA|0-1 Yrs|plc,scada,matlab,project management|DTE Energy is looking for fresh graduates and early-career candidates for the Graduate Engineer Trainee (Electrical) role in the multi-utilities space. Skills typically asked for this role: plc, scada, matlab, project management. This is a sample role built from typical industry requirements, not a confirmed vacancy. Check the company's careers page for the real opening.|3
seed:4151e4354d69bdbf|DaVita|Research Associate|FULL_TIME|Multiple locations|Hybrid|1-3 Lacs PA|0-2 Yrs|research,lab techniques,pcr,pharmacology|DaVita is looking for fresh graduates and early-career candidates for the Research Associate role in the health care services space. Skills typically asked for this role: research, lab techniques, pcr, pharmacology. This is a sample role built from typical industry requirements, not a confirmed vacancy. Check the company's careers page for the real opening.|2
seed:5bf4a334c10b6910|DaVita|Medical Representative Trainee|FULL_TIME|Multiple locations|Hybrid|1-4 Lacs PA|0-1 Yrs|sales,communication,pharmacology|DaVita is looking for fresh graduates and early-career candidates for the Medical Representative Trainee role in the health care services space. Skills typically asked for this role: sales, communication, pharmacology. This is a sample role built from typical industry requirements, not a confirmed vacancy. Check the company's careers page for the real opening.|3
seed:86ab2c952e2a381e|Danaher Corporation|Quality Control Analyst|FULL_TIME|Multiple locations|Hybrid|1-3 Lacs PA|0-2 Yrs|quality control,lab techniques,spectroscopy,research|Danaher Corporation is looking for fresh graduates and early-career candidates for the Quality Control Analyst role in the life sciences tools & services space. Skills typically asked for this role: quality control, lab techniques, spectroscopy, research. This is a sample role built from typical industry requirements, not a confirmed vacancy. Check the company's careers page for the real opening.|6
seed:3880b0453da92ee9|Danaher Corporation|Research Intern|INTERNSHIP|Multiple locations|Hybrid|₹20,000 / month|Internship|research,lab techniques,statistics|Danaher Corporation is looking for fresh graduates and early-career candidates for the Research Intern role in the life sciences tools & services space. Skills typically asked for this role: research, lab techniques, statistics. This is a sample role built from typical industry requirements, not a confirmed vacancy. Check the company's careers page for the real opening.|1
seed:4a279d5e549a84aa|Darden Restaurants|Supply Chain Analyst|FULL_TIME|Multiple locations|Hybrid|4-7 Lacs PA|0-2 Yrs|supply chain,excel,sql,sap,business analysis|Darden Restaurants is looking for fresh graduates and early-career candidates for the Supply Chain Analyst role in the restaurants space. Skills typically asked for this role: supply chain, excel, sql, sap, business analysis. This is a sample role built from typical industry requirements, not a confirmed vacancy. Check the company's careers page for the real opening.|11
seed:6ff32590fc76964b|Darden Restaurants|Sales Executive|FULL_TIME|Multiple locations|Hybrid|2-6 Lacs PA|0-2 Yrs|sales,communication,excel|Darden Restaurants is looking for fresh graduates and early-career candidates for the Sales Executive role in the restaurants space. Skills typically asked for this role: sales, communication, excel. This is a sample role built from typical industry requirements, not a confirmed vacancy. Check the company's careers page for the real opening.|7
seed:237b76108c749df0|Datadog|QA / Test Engineer|FULL_TIME|Multiple locations|Hybrid|3-7 Lacs PA|0-2 Yrs|java,sql,git,rest api|Datadog is looking for fresh graduates and early-career candidates for the QA / Test Engineer role in the application software space. Skills typically asked for this role: java, sql, git, rest api. This is a sample role built from typical industry requirements, not a confirmed vacancy. Check the company's careers page for the real opening.|11
seed:c5716b6c446df6e3|Datadog|Cyber Security Analyst|FULL_TIME|Multiple locations|Remote|3-6 Lacs PA|0-2 Yrs|cyber security,linux,python,communication|Datadog is looking for fresh graduates and early-career candidates for the Cyber Security Analyst role in the application software space. Skills typically asked for this role: cyber security, linux, python, communication. This is a sample role built from typical industry requirements, not a confirmed vacancy. Check the company's careers page for the real opening.|6
seed:c7a76f458442313d|Datadog|Associate Software Engineer|FULL_TIME|Multiple locations|Remote|4-7 Lacs PA|0-2 Yrs|python,sql,data structures,git,linux|Datadog is looking for fresh graduates and early-career candidates for the Associate Software Engineer role in the application software space. Skills typically asked for this role: python, sql, data structures, git, linux. This is a sample role built from typical industry requirements, not a confirmed vacancy. Check the company's careers page for the real opening.|14
seed:7b9ec9ae08967750|Deckers Brands|Sales Executive|FULL_TIME|Multiple locations|Onsite|1-4 Lacs PA|0-2 Yrs|sales,communication,excel|Deckers Brands is looking for fresh graduates and early-career candidates for the Sales Executive role in the footwear space. Skills typically asked for this role: sales, communication, excel. This is a sample role built from typical industry requirements, not a confirmed vacancy. Check the company's careers page for the real opening.|0
seed:9d3a2ea1e5147ab4|Deckers Brands|Business Analyst|FULL_TIME|Multiple locations|Hybrid|4-8 Lacs PA|0-2 Yrs|sql,excel,power bi,business analysis,communication|Deckers Brands is looking for fresh graduates and early-career candidates for the Business Analyst role in the footwear space. Skills typically asked for this role: sql, excel, power bi, business analysis, communication. This is a sample role built from typical industry requirements, not a confirmed vacancy. Check the company's careers page for the real opening.|8
seed:88c3a8e23e2dc97c|Deere & Company|Graduate Engineer Trainee|FULL_TIME|Multiple locations|Remote|3-6 Lacs PA|0-1 Yrs|autocad,solidworks,matlab,project management,quality control|Deere & Company is looking for fresh graduates and early-career candidates for the Graduate Engineer Trainee role in the agricultural & farm machinery space. Skills typically asked for this role: autocad, solidworks, matlab, project management, quality control. This is a sample role built from typical industry requirements, not a confirmed vacancy. Check the company's careers page for the real opening.|13
seed:026d2597406f6dc1|Deere & Company|Embedded Software Engineer|FULL_TIME|Multiple locations|Remote|4-6 Lacs PA|0-2 Yrs|embedded c,c++,iot,arduino,linux|Deere & Company is looking for fresh graduates and early-career candidates for the Embedded Software Engineer role in the agricultural & farm machinery space. Skills typically asked for this role: embedded c, c++, iot, arduino, linux. This is a sample role built from typical industry requirements, not a confirmed vacancy. Check the company's careers page for the real opening.|6
seed:9b780bb6afde67dd|Dell Technologies|Software Development Intern|INTERNSHIP|Multiple locations|Remote|₹8,000 / month|Internship|python,java,data structures,git|Dell Technologies is looking for fresh graduates and early-career candidates for the Software Development Intern role in the technology hardware, storage & peripherals space. Skills typically asked for this role: python, java, data structures, git. This is a sample role built from typical industry requirements, not a confirmed vacancy. Check the company's careers page for the real opening.|13
seed:2ce54af396361a29|Dell Technologies|Software Engineer Trainee|FULL_TIME|Multiple locations|Onsite|2-5 Lacs PA|0-1 Yrs|java,sql,data structures,git,rest api|Dell Technologies is looking for fresh graduates and early-career candidates for the Software Engineer Trainee role in the technology hardware, storage & peripherals space. Skills typically asked for this role: java, sql, data structures, git, rest api. This is a sample role built from typical industry requirements, not a confirmed vacancy. Check the company's careers page for the real opening.|14
seed:6e1b094516e9fe8a|Dell Technologies|QA / Test Engineer|FULL_TIME|Multiple locations|Hybrid|3-7 Lacs PA|0-2 Yrs|java,sql,git,rest api|Dell Technologies is looking for fresh graduates and early-career candidates for the QA / Test Engineer role in the technology hardware, storage & peripherals space. Skills typically asked for this role: java, sql, git, rest api. This is a sample role built from typical industry requirements, not a confirmed vacancy. Check the company's careers page for the real opening.|11
seed:260fd67766e17447|Delta Air Lines|Civil Site Engineer|FULL_TIME|Multiple locations|Hybrid|3-6 Lacs PA|0-2 Yrs|autocad,revit,staad pro,project management|Delta Air Lines is looking for fresh graduates and early-career candidates for the Civil Site Engineer role in the passenger airlines space. Skills typically asked for this role: autocad, revit, staad pro, project management. This is a sample role built from typical industry requirements, not a confirmed vacancy. Check the company's careers page for the real opening.|3
seed:758307e935c53648|Delta Air Lines|Production Engineer|FULL_TIME|Multiple locations|Remote|3-5 Lacs PA|0-2 Yrs|lean manufacturing,six sigma,quality control,cnc,cad|Delta Air Lines is looking for fresh graduates and early-career candidates for the Production Engineer role in the passenger airlines space. Skills typically asked for this role: lean manufacturing, six sigma, quality control, cnc, cad. This is a sample role built from typical industry requirements, not a confirmed vacancy. Check the company's careers page for the real opening.|12
seed:8e39c510878fa9d7|Devon Energy|Data Analyst (Operations)|FULL_TIME|Multiple locations|Remote|2-5 Lacs PA|0-2 Yrs|sql,excel,python,power bi,statistics|Devon Energy is looking for fresh graduates and early-career candidates for the Data Analyst (Operations) role in the oil & gas exploration & production space. Skills typically asked for this role: sql, excel, python, power bi, statistics. This is a sample role built from typical industry requirements, not a confirmed vacancy. Check the company's careers page for the real opening.|4
seed:b59aa08d7a2bfcf0|Devon Energy|Process Engineer Trainee|FULL_TIME|Multiple locations|Onsite|3-5 Lacs PA|0-2 Yrs|process design,thermodynamics,aspen plus,matlab|Devon Energy is looking for fresh graduates and early-career candidates for the Process Engineer Trainee role in the oil & gas exploration & production space. Skills typically asked for this role: process design, thermodynamics, aspen plus, matlab. This is a sample role built from typical industry requirements, not a confirmed vacancy. Check the company's careers page for the real opening.|5
seed:03c18afb1a8436cb|Dexcom|Clinical Research Associate|FULL_TIME|Multiple locations|Remote|1-4 Lacs PA|0-2 Yrs|clinical research,research,statistics,communication|Dexcom is looking for fresh graduates and early-career candidates for the Clinical Research Associate role in the health care equipment space. Skills typically asked for this role: clinical research, research, statistics, communication. This is a sample role built from typical industry requirements, not a confirmed vacancy. Check the company's careers page for the real opening.|7
seed:2cdc4928b23fed01|Dexcom|Data Analyst (Healthcare)|FULL_TIME|Multiple locations|Hybrid|3-6 Lacs PA|0-2 Yrs|sql,excel,statistics,python,power bi|Dexcom is looking for fresh graduates and early-career candidates for the Data Analyst (Healthcare) role in the health care equipment space. Skills typically asked for this role: sql, excel, statistics, python, power bi. This is a sample role built from typical industry requirements, not a confirmed vacancy. Check the company's careers page for the real opening.|4
seed:2259913f8d7e88ed|Diamondback Energy|Graduate Engineer Trainee (Electrical)|FULL_TIME|Multiple locations|Hybrid|3-6 Lacs PA|0-1 Yrs|plc,scada,matlab,project management|Diamondback Energy is looking for fresh graduates and early-career candidates for the Graduate Engineer Trainee (Electrical) role in the oil & gas exploration & production space. Skills typically asked for this role: plc, scada, matlab, project management. This is a sample role built from typical industry requirements, not a confirmed vacancy. Check the company's careers page for the real opening.|4
seed:1d66960acd62e584|Diamondback Energy|Data Analyst (Operations)|FULL_TIME|Multiple locations|Onsite|4-7 Lacs PA|0-2 Yrs|sql,excel,python,power bi,statistics|Diamondback Energy is looking for fresh graduates and early-career candidates for the Data Analyst (Operations) role in the oil & gas exploration & production space. Skills typically asked for this role: sql, excel, python, power bi, statistics. This is a sample role built from typical industry requirements, not a confirmed vacancy. Check the company's careers page for the real opening.|3
seed:ef4025ee4fc169e9|Digital Realty|Civil Engineer Trainee|FULL_TIME|Multiple locations|Hybrid|3-6 Lacs PA|0-2 Yrs|autocad,revit,staad pro,project management|Digital Realty is looking for fresh graduates and early-career candidates for the Civil Engineer Trainee role in the data center reits space. Skills typically asked for this role: autocad, revit, staad pro, project management. This is a sample role built from typical industry requirements, not a confirmed vacancy. Check the company's careers page for the real opening.|8
seed:9c94946220356ce6|Digital Realty|Planning Engineer|FULL_TIME|Multiple locations|Remote|2-5 Lacs PA|0-2 Yrs|project management,autocad,excel,revit|Digital Realty is looking for fresh graduates and early-career candidates for the Planning Engineer role in the data center reits space. Skills typically asked for this role: project management, autocad, excel, revit. This is a sample role built from typical industry requirements, not a confirmed vacancy. Check the company's careers page for the real opening.|7
seed:2bc2f93ec5781184|Dollar General|Business Analyst|FULL_TIME|Multiple locations|Hybrid|4-8 Lacs PA|0-2 Yrs|sql,excel,power bi,business analysis,communication|Dollar General is looking for fresh graduates and early-career candidates for the Business Analyst role in the consumer staples merchandise retail space. Skills typically asked for this role: sql, excel, power bi, business analysis, communication. This is a sample role built from typical industry requirements, not a confirmed vacancy. Check the company's careers page for the real opening.|6
seed:6bd42a5bffe08214|Dollar General|Management Trainee|FULL_TIME|Multiple locations|Hybrid|5-9 Lacs PA|0-1 Yrs|sales,communication,excel,business analysis,supply chain|Dollar General is looking for fresh graduates and early-career candidates for the Management Trainee role in the consumer staples merchandise retail space. Skills typically asked for this role: sales, communication, excel, business analysis, supply chain. This is a sample role built from typical industry requirements, not a confirmed vacancy. Check the company's careers page for the real opening.|10
seed:49fdbddf1a79635e|Dollar Tree|Software Engineer|FULL_TIME|Multiple locations|Remote|5-8 Lacs PA|0-2 Yrs|java,python,sql,react,git|Dollar Tree is looking for fresh graduates and early-career candidates for the Software Engineer role in the consumer staples merchandise retail space. Skills typically asked for this role: java, python, sql, react, git. This is a sample role built from typical industry requirements, not a confirmed vacancy. Check the company's careers page for the real opening.|13
seed:28b86ff2931f7039|Dollar Tree|Sales Executive|FULL_TIME|Multiple locations|Hybrid|2-5 Lacs PA|0-2 Yrs|sales,communication,excel|Dollar Tree is looking for fresh graduates and early-career candidates for the Sales Executive role in the consumer staples merchandise retail space. Skills typically asked for this role: sales, communication, excel. This is a sample role built from typical industry requirements, not a confirmed vacancy. Check the company's careers page for the real opening.|5
seed:2f0bd2b70a5c5a81|Dominion Energy|Process Engineer Trainee|FULL_TIME|Multiple locations|Hybrid|3-6 Lacs PA|0-2 Yrs|process design,thermodynamics,aspen plus,matlab|Dominion Energy is looking for fresh graduates and early-career candidates for the Process Engineer Trainee role in the multi-utilities space. Skills typically asked for this role: process design, thermodynamics, aspen plus, matlab. This is a sample role built from typical industry requirements, not a confirmed vacancy. Check the company's careers page for the real opening.|7
seed:c0f56359d1ac3d34|Dominion Energy|Data Analyst (Operations)|FULL_TIME|Multiple locations|Hybrid|3-6 Lacs PA|0-2 Yrs|sql,excel,python,power bi,statistics|Dominion Energy is looking for fresh graduates and early-career candidates for the Data Analyst (Operations) role in the multi-utilities space. Skills typically asked for this role: sql, excel, python, power bi, statistics. This is a sample role built from typical industry requirements, not a confirmed vacancy. Check the company's careers page for the real opening.|3
seed:33a7ccfac4ad0b71|Domino's|Software Engineer|FULL_TIME|Multiple locations|Onsite|3-6 Lacs PA|0-2 Yrs|java,python,sql,react,git|Domino's is looking for fresh graduates and early-career candidates for the Software Engineer role in the restaurants space. Skills typically asked for this role: java, python, sql, react, git. This is a sample role built from typical industry requirements, not a confirmed vacancy. Check the company's careers page for the real opening.|14
seed:9557ed49c7cedb5b|Domino's|Supply Chain Analyst|FULL_TIME|Multiple locations|Remote|3-7 Lacs PA|0-2 Yrs|supply chain,excel,sql,sap,business analysis|Domino's is looking for fresh graduates and early-career candidates for the Supply Chain Analyst role in the restaurants space. Skills typically asked for this role: supply chain, excel, sql, sap, business analysis. This is a sample role built from typical industry requirements, not a confirmed vacancy. Check the company's careers page for the real opening.|2
seed:669ec7574c10ac94|DoorDash|Management Trainee|FULL_TIME|Multiple locations|Remote|4-7 Lacs PA|0-1 Yrs|sales,communication,excel,business analysis,supply chain|DoorDash is looking for fresh graduates and early-career candidates for the Management Trainee role in the specialized consumer services space. Skills typically asked for this role: sales, communication, excel, business analysis, supply chain. This is a sample role built from typical industry requirements, not a confirmed vacancy. Check the company's careers page for the real opening.|3
seed:aaa8848ee3d4874a|DoorDash|Sales Executive|FULL_TIME|Multiple locations|Remote|2-6 Lacs PA|0-2 Yrs|sales,communication,excel|DoorDash is looking for fresh graduates and early-career candidates for the Sales Executive role in the specialized consumer services space. Skills typically asked for this role: sales, communication, excel. This is a sample role built from typical industry requirements, not a confirmed vacancy. Check the company's careers page for the real opening.|6
seed:4ceb84d85e3ee961|Dover Corporation|Engineering Intern|INTERNSHIP|Multiple locations|Remote|₹8,000 / month|Internship|autocad,matlab,solidworks,communication|Dover Corporation is looking for fresh graduates and early-career candidates for the Engineering Intern role in the industrial machinery & supplies & components space. Skills typically asked for this role: autocad, matlab, solidworks, communication. This is a sample role built from typical industry requirements, not a confirmed vacancy. Check the company's careers page for the real opening.|13
seed:281b37fe12f533a7|Dover Corporation|Embedded Software Engineer|FULL_TIME|Multiple locations|Remote|4-7 Lacs PA|0-2 Yrs|embedded c,c++,iot,arduino,linux|Dover Corporation is looking for fresh graduates and early-career candidates for the Embedded Software Engineer role in the industrial machinery & supplies & components space. Skills typically asked for this role: embedded c, c++, iot, arduino, linux. This is a sample role built from typical industry requirements, not a confirmed vacancy. Check the company's careers page for the real opening.|3
seed:0b5037ebffdad5b0|Dow Inc.|Supply Chain Executive|FULL_TIME|Multiple locations|Remote|3-6 Lacs PA|0-2 Yrs|supply chain,excel,sap,communication|Dow Inc. is looking for fresh graduates and early-career candidates for the Supply Chain Executive role in the commodity chemicals space. Skills typically asked for this role: supply chain, excel, sap, communication. This is a sample role built from typical industry requirements, not a confirmed vacancy. Check the company's careers page for the real opening.|13
seed:449e4cf6d612e4b0|Dow Inc.|Plant Intern|INTERNSHIP|Multiple locations|Onsite|₹12,000 / month|Internship|process design,quality control,excel|Dow Inc. is looking for fresh graduates and early-career candidates for the Plant Intern role in the commodity chemicals space. Skills typically asked for this role: process design, quality control, excel. This is a sample role built from typical industry requirements, not a confirmed vacancy. Check the company's careers page for the real opening.|11
seed:f22f640195ccd914|Dr. Reddy's Laboratories|Research Associate|FULL_TIME|Pune, Visakhapatnam|Onsite|1-5 Lacs PA|0-2 Yrs|research,lab techniques,pcr,pharmacology|Dr. Reddy's Laboratories is looking for fresh graduates and early-career candidates for the Research Associate role in the pharmaceuticals space. Skills typically asked for this role: research, lab techniques, pcr, pharmacology. This is a sample role built from typical industry requirements, not a confirmed vacancy. Check the company's careers page for the real opening.|5
seed:5ae361b5f48c6e27|Dr. Reddy's Laboratories|Research Intern|INTERNSHIP|Delhi NCR, Mumbai|Hybrid|₹20,000 / month|Internship|research,lab techniques,statistics|Dr. Reddy's Laboratories is looking for fresh graduates and early-career candidates for the Research Intern role in the pharmaceuticals space. Skills typically asked for this role: research, lab techniques, statistics. This is a sample role built from typical industry requirements, not a confirmed vacancy. Check the company's careers page for the real opening.|5
seed:d759291998ddd0d9|DuPont|Design Engineer|FULL_TIME|Multiple locations|Remote|3-7 Lacs PA|0-2 Yrs|autocad,solidworks,catia,cad,ansys|DuPont is looking for fresh graduates and early-career candidates for the Design Engineer role in the industrial conglomerates space. Skills typically asked for this role: autocad, solidworks, catia, cad, ansys. This is a sample role built from typical industry requirements, not a confirmed vacancy. Check the company's careers page for the real opening.|10
seed:6b013363bbc6162c|DuPont|Embedded Software Engineer|FULL_TIME|Multiple locations|Onsite|5-7 Lacs PA|0-2 Yrs|embedded c,c++,iot,arduino,linux|DuPont is looking for fresh graduates and early-career candidates for the Embedded Software Engineer role in the industrial conglomerates space. Skills typically asked for this role: embedded c, c++, iot, arduino, linux. This is a sample role built from typical industry requirements, not a confirmed vacancy. Check the company's careers page for the real opening.|6
seed:d2ea47dd472dce9c|Duke Energy|Data Analyst (Operations)|FULL_TIME|Multiple locations|Remote|4-7 Lacs PA|0-2 Yrs|sql,excel,python,power bi,statistics|Duke Energy is looking for fresh graduates and early-career candidates for the Data Analyst (Operations) role in the electric utilities space. Skills typically asked for this role: sql, excel, python, power bi, statistics. This is a sample role built from typical industry requirements, not a confirmed vacancy. Check the company's careers page for the real opening.|6
seed:99258a389a3f9652|Duke Energy|Graduate Engineer Trainee (Electrical)|FULL_TIME|Multiple locations|Hybrid|4-6 Lacs PA|0-1 Yrs|plc,scada,matlab,project management|Duke Energy is looking for fresh graduates and early-career candidates for the Graduate Engineer Trainee (Electrical) role in the electric utilities space. Skills typically asked for this role: plc, scada, matlab, project management. This is a sample role built from typical industry requirements, not a confirmed vacancy. Check the company's careers page for the real opening.|7
seed:767f861b90f6cf4c|EOG Resources|Graduate Engineer Trainee (Electrical)|FULL_TIME|Multiple locations|Onsite|3-5 Lacs PA|0-1 Yrs|plc,scada,matlab,project management|EOG Resources is looking for fresh graduates and early-career candidates for the Graduate Engineer Trainee (Electrical) role in the oil & gas exploration & production space. Skills typically asked for this role: plc, scada, matlab, project management. This is a sample role built from typical industry requirements, not a confirmed vacancy. Check the company's careers page for the real opening.|1
seed:7e803eea794669e6|EOG Resources|Engineering Intern|INTERNSHIP|Multiple locations|Remote|₹15,000 / month|Internship|process design,matlab,excel,project management|EOG Resources is looking for fresh graduates and early-career candidates for the Engineering Intern role in the oil & gas exploration & production space. Skills typically asked for this role: process design, matlab, excel, project management. This is a sample role built from typical industry requirements, not a confirmed vacancy. Check the company's careers page for the real opening.|13
seed:d6ae18b2b24b85ba|EQT Corporation|Graduate Engineer Trainee (Electrical)|FULL_TIME|Multiple locations|Onsite|4-8 Lacs PA|0-1 Yrs|plc,scada,matlab,project management|EQT Corporation is looking for fresh graduates and early-career candidates for the Graduate Engineer Trainee (Electrical) role in the oil & gas exploration & production space. Skills typically asked for this role: plc, scada, matlab, project management. This is a sample role built from typical industry requirements, not a confirmed vacancy. Check the company's careers page for the real opening.|13
seed:3cf4dc701cc009ac|EQT Corporation|Data Analyst (Operations)|FULL_TIME|Multiple locations|Onsite|2-6 Lacs PA|0-2 Yrs|sql,excel,python,power bi,statistics|EQT Corporation is looking for fresh graduates and early-career candidates for the Data Analyst (Operations) role in the oil & gas exploration & production space. Skills typically asked for this role: sql, excel, python, power bi, statistics. This is a sample role built from typical industry requirements, not a confirmed vacancy. Check the company's careers page for the real opening.|14
seed:8003f7128bd029c2|Eaton Corporation|Supply Chain Analyst|FULL_TIME|Multiple locations|Remote|2-5 Lacs PA|0-2 Yrs|supply chain,excel,sql,sap,business analysis|Eaton Corporation is looking for fresh graduates and early-career candidates for the Supply Chain Analyst role in the electrical components & equipment space. Skills typically asked for this role: supply chain, excel, sql, sap, business analysis. This is a sample role built from typical industry requirements, not a confirmed vacancy. Check the company's careers page for the real opening.|11
seed:819644fcdfecebf7|Eaton Corporation|Production Engineer|FULL_TIME|Multiple locations|Remote|3-5 Lacs PA|0-2 Yrs|lean manufacturing,six sigma,quality control,cnc,cad|Eaton Corporation is looking for fresh graduates and early-career candidates for the Production Engineer role in the electrical components & equipment space. Skills typically asked for this role: lean manufacturing, six sigma, quality control, cnc, cad. This is a sample role built from typical industry requirements, not a confirmed vacancy. Check the company's careers page for the real opening.|7
seed:51ab6c0689efe518|EchoStar|Data Analyst|FULL_TIME|Multiple locations|Onsite|4-6 Lacs PA|0-2 Yrs|sql,excel,python,tableau,statistics|EchoStar is looking for fresh graduates and early-career candidates for the Data Analyst role in the wireless telecommunication services space. Skills typically asked for this role: sql, excel, python, tableau, statistics. This is a sample role built from typical industry requirements, not a confirmed vacancy. Check the company's careers page for the real opening.|12
seed:fbcf4581c8112056|EchoStar|Network Engineer Trainee|FULL_TIME|Multiple locations|Hybrid|3-6 Lacs PA|0-2 Yrs|linux,iot,python,communication|EchoStar is looking for fresh graduates and early-career candidates for the Network Engineer Trainee role in the wireless telecommunication services space. Skills typically asked for this role: linux, iot, python, communication. This is a sample role built from typical industry requirements, not a confirmed vacancy. Check the company's careers page for the real opening.|14
seed:0a780dbfe987c792|Ecolab|Quality Engineer|FULL_TIME|Multiple locations|Onsite|4-6 Lacs PA|0-2 Yrs|quality control,six sigma,lean manufacturing,excel|Ecolab is looking for fresh graduates and early-career candidates for the Quality Engineer role in the specialty chemicals space. Skills typically asked for this role: quality control, six sigma, lean manufacturing, excel. This is a sample role built from typical industry requirements, not a confirmed vacancy. Check the company's careers page for the real opening.|9
seed:5b788679ac9f3dd6|Ecolab|Process Engineer Trainee|FULL_TIME|Multiple locations|Remote|2-6 Lacs PA|0-2 Yrs|process design,thermodynamics,quality control,six sigma|Ecolab is looking for fresh graduates and early-career candidates for the Process Engineer Trainee role in the specialty chemicals space. Skills typically asked for this role: process design, thermodynamics, quality control, six sigma. This is a sample role built from typical industry requirements, not a confirmed vacancy. Check the company's careers page for the real opening.|6
seed:cf7cc8f4904e40a3|Edison International|Process Engineer Trainee|FULL_TIME|Multiple locations|Hybrid|5-8 Lacs PA|0-2 Yrs|process design,thermodynamics,aspen plus,matlab|Edison International is looking for fresh graduates and early-career candidates for the Process Engineer Trainee role in the electric utilities space. Skills typically asked for this role: process design, thermodynamics, aspen plus, matlab. This is a sample role built from typical industry requirements, not a confirmed vacancy. Check the company's careers page for the real opening.|4
seed:2d6096c16e521b2d|Edison International|Graduate Engineer Trainee (Electrical)|FULL_TIME|Multiple locations|Hybrid|3-5 Lacs PA|0-1 Yrs|plc,scada,matlab,project management|Edison International is looking for fresh graduates and early-career candidates for the Graduate Engineer Trainee (Electrical) role in the electric utilities space. Skills typically asked for this role: plc, scada, matlab, project management. This is a sample role built from typical industry requirements, not a confirmed vacancy. Check the company's careers page for the real opening.|12
seed:8c43f539c7b7b4d2|Edwards Lifesciences|Data Analyst (Healthcare)|FULL_TIME|Multiple locations|Hybrid|4-7 Lacs PA|0-2 Yrs|sql,excel,statistics,python,power bi|Edwards Lifesciences is looking for fresh graduates and early-career candidates for the Data Analyst (Healthcare) role in the health care equipment space. Skills typically asked for this role: sql, excel, statistics, python, power bi. This is a sample role built from typical industry requirements, not a confirmed vacancy. Check the company's careers page for the real opening.|3
seed:b1e7e2f2d8be4cb8|Edwards Lifesciences|Research Intern|INTERNSHIP|Multiple locations|Hybrid|₹20,000 / month|Internship|research,lab techniques,statistics|Edwards Lifesciences is looking for fresh graduates and early-career candidates for the Research Intern role in the health care equipment space. Skills typically asked for this role: research, lab techniques, statistics. This is a sample role built from typical industry requirements, not a confirmed vacancy. Check the company's careers page for the real opening.|13
seed:f909b43a6813fb10|Eicher Motors|Supply Chain Analyst|FULL_TIME|Delhi NCR, Pune|Hybrid|4-7 Lacs PA|0-2 Yrs|supply chain,excel,sql,sap,business analysis|Eicher Motors is looking for fresh graduates and early-career candidates for the Supply Chain Analyst role in the automobile space. Skills typically asked for this role: supply chain, excel, sql, sap, business analysis. This is a sample role built from typical industry requirements, not a confirmed vacancy. Check the company's careers page for the real opening.|9
seed:20da2ace8a946b56|Eicher Motors|Civil Site Engineer|FULL_TIME|Noida, Ahmedabad|Onsite|1-3 Lacs PA|0-2 Yrs|autocad,revit,staad pro,project management|Eicher Motors is looking for fresh graduates and early-career candidates for the Civil Site Engineer role in the automobile space. Skills typically asked for this role: autocad, revit, staad pro, project management. This is a sample role built from typical industry requirements, not a confirmed vacancy. Check the company's careers page for the real opening.|2
seed:218f2acd83816bf8|Elevance Health|Research Intern|INTERNSHIP|Multiple locations|Hybrid|₹20,000 / month|Internship|research,lab techniques,statistics|Elevance Health is looking for fresh graduates and early-career candidates for the Research Intern role in the managed health care space. Skills typically asked for this role: research, lab techniques, statistics. This is a sample role built from typical industry requirements, not a confirmed vacancy. Check the company's careers page for the real opening.|6
seed:ba5cc9b1cfd8727c|Elevance Health|Quality Control Analyst|FULL_TIME|Multiple locations|Remote|3-7 Lacs PA|0-2 Yrs|quality control,lab techniques,spectroscopy,research|Elevance Health is looking for fresh graduates and early-career candidates for the Quality Control Analyst role in the managed health care space. Skills typically asked for this role: quality control, lab techniques, spectroscopy, research. This is a sample role built from typical industry requirements, not a confirmed vacancy. Check the company's careers page for the real opening.|14
seed:f267448f64010df2|Emcor|Design Engineer|FULL_TIME|Multiple locations|Onsite|3-6 Lacs PA|0-2 Yrs|autocad,solidworks,catia,cad,ansys|Emcor is looking for fresh graduates and early-career candidates for the Design Engineer role in the construction & engineering space. Skills typically asked for this role: autocad, solidworks, catia, cad, ansys. This is a sample role built from typical industry requirements, not a confirmed vacancy. Check the company's careers page for the real opening.|7
seed:d60527b8de8e2c9c|Emcor|Production Engineer|FULL_TIME|Multiple locations|Remote|2-6 Lacs PA|0-2 Yrs|lean manufacturing,six sigma,quality control,cnc,cad|Emcor is looking for fresh graduates and early-career candidates for the Production Engineer role in the construction & engineering space. Skills typically asked for this role: lean manufacturing, six sigma, quality control, cnc, cad. This is a sample role built from typical industry requirements, not a confirmed vacancy. Check the company's careers page for the real opening.|12
seed:96d37b9e065032f9|Emerson Electric|Engineering Intern|INTERNSHIP|Multiple locations|Onsite|₹15,000 / month|Internship|autocad,matlab,solidworks,communication|Emerson Electric is looking for fresh graduates and early-career candidates for the Engineering Intern role in the electrical components & equipment space. Skills typically asked for this role: autocad, matlab, solidworks, communication. This is a sample role built from typical industry requirements, not a confirmed vacancy. Check the company's careers page for the real opening.|13
seed:e5eeaa1969435097|Emerson Electric|Civil Site Engineer|FULL_TIME|Multiple locations|Hybrid|2-5 Lacs PA|0-2 Yrs|autocad,revit,staad pro,project management|Emerson Electric is looking for fresh graduates and early-career candidates for the Civil Site Engineer role in the electrical components & equipment space. Skills typically asked for this role: autocad, revit, staad pro, project management. This is a sample role built from typical industry requirements, not a confirmed vacancy. Check the company's careers page for the real opening.|7
seed:525a4006d59526d7|Entergy|Engineering Intern|INTERNSHIP|Multiple locations|Remote|₹20,000 / month|Internship|process design,matlab,excel,project management|Entergy is looking for fresh graduates and early-career candidates for the Engineering Intern role in the electric utilities space. Skills typically asked for this role: process design, matlab, excel, project management. This is a sample role built from typical industry requirements, not a confirmed vacancy. Check the company's careers page for the real opening.|0
seed:78913d01564f74c8|Entergy|Maintenance Engineer|FULL_TIME|Multiple locations|Onsite|2-6 Lacs PA|0-2 Yrs|quality control,plc,autocad,six sigma|Entergy is looking for fresh graduates and early-career candidates for the Maintenance Engineer role in the electric utilities space. Skills typically asked for this role: quality control, plc, autocad, six sigma. This is a sample role built from typical industry requirements, not a confirmed vacancy. Check the company's careers page for the real opening.|9
seed:c3363e29a992417c|Equifax|Graduate Engineer Trainee|FULL_TIME|Multiple locations|Onsite|3-5 Lacs PA|0-1 Yrs|autocad,solidworks,matlab,project management,quality control|Equifax is looking for fresh graduates and early-career candidates for the Graduate Engineer Trainee role in the research & consulting services space. Skills typically asked for this role: autocad, solidworks, matlab, project management, quality control. This is a sample role built from typical industry requirements, not a confirmed vacancy. Check the company's careers page for the real opening.|2
seed:8218a1b9da508d06|Equifax|Electrical Engineer Trainee|FULL_TIME|Multiple locations|Remote|3-7 Lacs PA|0-2 Yrs|plc,scada,matlab,autocad,embedded c|Equifax is looking for fresh graduates and early-career candidates for the Electrical Engineer Trainee role in the research & consulting services space. Skills typically asked for this role: plc, scada, matlab, autocad, embedded c. This is a sample role built from typical industry requirements, not a confirmed vacancy. Check the company's careers page for the real opening.|5
seed:7c0c5662a930ef7c|Equinix|Business Analyst|FULL_TIME|Multiple locations|Onsite|4-6 Lacs PA|0-2 Yrs|excel,financial modeling,sql,business analysis|Equinix is looking for fresh graduates and early-career candidates for the Business Analyst role in the data center reits space. Skills typically asked for this role: excel, financial modeling, sql, business analysis. This is a sample role built from typical industry requirements, not a confirmed vacancy. Check the company's careers page for the real opening.|14
seed:e7dfec726b9b3635|Equinix|Civil Engineer Trainee|FULL_TIME|Multiple locations|Hybrid|4-7 Lacs PA|0-2 Yrs|autocad,revit,staad pro,project management|Equinix is looking for fresh graduates and early-career candidates for the Civil Engineer Trainee role in the data center reits space. Skills typically asked for this role: autocad, revit, staad pro, project management. This is a sample role built from typical industry requirements, not a confirmed vacancy. Check the company's careers page for the real opening.|13
seed:4f3212e969f0bdb8|Erie Indemnity|Financial Analyst Trainee|FULL_TIME|Multiple locations|Hybrid|2-5 Lacs PA|0-2 Yrs|excel,financial modeling,accounting,statistics,communication|Erie Indemnity is looking for fresh graduates and early-career candidates for the Financial Analyst Trainee role in the insurance brokers space. Skills typically asked for this role: excel, financial modeling, accounting, statistics, communication. This is a sample role built from typical industry requirements, not a confirmed vacancy. Check the company's careers page for the real opening.|2
seed:9b601e7447c79d84|Erie Indemnity|Operations Executive|FULL_TIME|Multiple locations|Onsite|2-5 Lacs PA|0-2 Yrs|excel,communication,accounting,tally,gst|Erie Indemnity is looking for fresh graduates and early-career candidates for the Operations Executive role in the insurance brokers space. Skills typically asked for this role: excel, communication, accounting, tally, gst. This is a sample role built from typical industry requirements, not a confirmed vacancy. Check the company's careers page for the real opening.|13
seed:e0c5405a99616bd0|Essex Property Trust|Planning Engineer|FULL_TIME|Multiple locations|Onsite|3-6 Lacs PA|0-2 Yrs|project management,autocad,excel,revit|Essex Property Trust is looking for fresh graduates and early-career candidates for the Planning Engineer role in the multi-family residential reits space. Skills typically asked for this role: project management, autocad, excel, revit. This is a sample role built from typical industry requirements, not a confirmed vacancy. Check the company's careers page for the real opening.|14
seed:57c3bead48108692|Essex Property Trust|Sales Executive|FULL_TIME|Multiple locations|Hybrid|2-5 Lacs PA|0-2 Yrs|sales,communication,excel|Essex Property Trust is looking for fresh graduates and early-career candidates for the Sales Executive role in the multi-family residential reits space. Skills typically asked for this role: sales, communication, excel. This is a sample role built from typical industry requirements, not a confirmed vacancy. Check the company's careers page for the real opening.|12
seed:3759dc68a8a356b9|Estée Lauder Companies (The)|Digital Marketing Executive|FULL_TIME|Multiple locations|Remote|2-4 Lacs PA|0-2 Yrs|digital marketing,seo,content writing,excel,communication|Estée Lauder Companies (The) is looking for fresh graduates and early-career candidates for the Digital Marketing Executive role in the personal care products space. Skills typically asked for this role: digital marketing, seo, content writing, excel, communication. This is a sample role built from typical industry requirements, not a confirmed vacancy. Check the company's careers page for the real opening.|5
seed:2f36a29f9ff947c6|Estée Lauder Companies (The)|Management Trainee|FULL_TIME|Multiple locations|Hybrid|3-6 Lacs PA|0-1 Yrs|sales,communication,excel,business analysis,supply chain|Estée Lauder Companies (The) is looking for fresh graduates and early-career candidates for the Management Trainee role in the personal care products space. Skills typically asked for this role: sales, communication, excel, business analysis, supply chain. This is a sample role built from typical industry requirements, not a confirmed vacancy. Check the company's careers page for the real opening.|2
seed:18c26ca686222f75|Everest Group|Finance Intern|INTERNSHIP|Multiple locations|Remote|₹8,000 / month|Internship|excel,accounting,financial modeling,communication|Everest Group is looking for fresh graduates and early-career candidates for the Finance Intern role in the reinsurance space. Skills typically asked for this role: excel, accounting, financial modeling, communication. This is a sample role built from typical industry requirements, not a confirmed vacancy. Check the company's careers page for the real opening.|14
seed:89f0b71129aa547b|Everest Group|Financial Analyst Trainee|FULL_TIME|Multiple locations|Onsite|3-6 Lacs PA|0-2 Yrs|excel,financial modeling,accounting,statistics,communication|Everest Group is looking for fresh graduates and early-career candidates for the Financial Analyst Trainee role in the reinsurance space. Skills typically asked for this role: excel, financial modeling, accounting, statistics, communication. This is a sample role built from typical industry requirements, not a confirmed vacancy. Check the company's careers page for the real opening.|11
seed:98d9b1a244faca84|Evergy|Graduate Engineer Trainee (Electrical)|FULL_TIME|Multiple locations|Remote|3-5 Lacs PA|0-1 Yrs|plc,scada,matlab,project management|Evergy is looking for fresh graduates and early-career candidates for the Graduate Engineer Trainee (Electrical) role in the electric utilities space. Skills typically asked for this role: plc, scada, matlab, project management. This is a sample role built from typical industry requirements, not a confirmed vacancy. Check the company's careers page for the real opening.|10
seed:95086656fdcde7af|Evergy|Data Analyst (Operations)|FULL_TIME|Multiple locations|Remote|4-7 Lacs PA|0-2 Yrs|sql,excel,python,power bi,statistics|Evergy is looking for fresh graduates and early-career candidates for the Data Analyst (Operations) role in the electric utilities space. Skills typically asked for this role: sql, excel, python, power bi, statistics. This is a sample role built from typical industry requirements, not a confirmed vacancy. Check the company's careers page for the real opening.|12
seed:bd2cb5dae8af2605|Everpure|Machine Learning Engineer|FULL_TIME|Multiple locations|Remote|4-6 Lacs PA|0-2 Yrs|python,machine learning,tensorflow,pandas,numpy,scikit-learn|Everpure is looking for fresh graduates and early-career candidates for the Machine Learning Engineer role in the technology hardware, storage & peripherals space. Skills typically asked for this role: python, machine learning, tensorflow, pandas, numpy, scikit-learn. This is a sample role built from typical industry requirements, not a confirmed vacancy. Check the company's careers page for the real opening.|6
seed:e7843f4d43db039b|Everpure|Data Analyst|FULL_TIME|Multiple locations|Onsite|3-5 Lacs PA|0-2 Yrs|sql,excel,python,power bi,statistics|Everpure is looking for fresh graduates and early-career candidates for the Data Analyst role in the technology hardware, storage & peripherals space. Skills typically asked for this role: sql, excel, python, power bi, statistics. This is a sample role built from typical industry requirements, not a confirmed vacancy. Check the company's careers page for the real opening.|9
seed:3660131e194ed577|Everpure|DevOps Engineer|FULL_TIME|Multiple locations|Onsite|4-8 Lacs PA|0-2 Yrs|linux,docker,kubernetes,aws,git|Everpure is looking for fresh graduates and early-career candidates for the DevOps Engineer role in the technology hardware, storage & peripherals space. Skills typically asked for this role: linux, docker, kubernetes, aws, git. This is a sample role built from typical industry requirements, not a confirmed vacancy. Check the company's careers page for the real opening.|13
seed:d2882f8d7a0f60e8|Eversource Energy|Data Analyst (Operations)|FULL_TIME|Multiple locations|Onsite|4-6 Lacs PA|0-2 Yrs|sql,excel,python,power bi,statistics|Eversource Energy is looking for fresh graduates and early-career candidates for the Data Analyst (Operations) role in the electric utilities space. Skills typically asked for this role: sql, excel, python, power bi, statistics. This is a sample role built from typical industry requirements, not a confirmed vacancy. Check the company's careers page for the real opening.|1
seed:386ddc9ef52cbdd5|Eversource Energy|Graduate Engineer Trainee (Electrical)|FULL_TIME|Multiple locations|Onsite|4-7 Lacs PA|0-1 Yrs|plc,scada,matlab,project management|Eversource Energy is looking for fresh graduates and early-career candidates for the Graduate Engineer Trainee (Electrical) role in the electric utilities space. Skills typically asked for this role: plc, scada, matlab, project management. This is a sample role built from typical industry requirements, not a confirmed vacancy. Check the company's careers page for the real opening.|3
seed:89c4f845bc14e929|Exelon|Process Engineer Trainee|FULL_TIME|Multiple locations|Remote|5-7 Lacs PA|0-2 Yrs|process design,thermodynamics,aspen plus,matlab|Exelon is looking for fresh graduates and early-career candidates for the Process Engineer Trainee role in the electric utilities space. Skills typically asked for this role: process design, thermodynamics, aspen plus, matlab. This is a sample role built from typical industry requirements, not a confirmed vacancy. Check the company's careers page for the real opening.|9
seed:70f0028f68626d4e|Exelon|Maintenance Engineer|FULL_TIME|Multiple locations|Hybrid|3-7 Lacs PA|0-2 Yrs|quality control,plc,autocad,six sigma|Exelon is looking for fresh graduates and early-career candidates for the Maintenance Engineer role in the electric utilities space. Skills typically asked for this role: quality control, plc, autocad, six sigma. This is a sample role built from typical industry requirements, not a confirmed vacancy. Check the company's careers page for the real opening.|2
seed:090ec8ed79afaf06|Expand Energy|Process Engineer Trainee|FULL_TIME|Multiple locations|Onsite|5-8 Lacs PA|0-2 Yrs|process design,thermodynamics,aspen plus,matlab|Expand Energy is looking for fresh graduates and early-career candidates for the Process Engineer Trainee role in the oil & gas exploration & production space. Skills typically asked for this role: process design, thermodynamics, aspen plus, matlab. This is a sample role built from typical industry requirements, not a confirmed vacancy. Check the company's careers page for the real opening.|5
seed:5b3bb3cd906b8a0a|Expand Energy|Maintenance Engineer|FULL_TIME|Multiple locations|Remote|3-5 Lacs PA|0-2 Yrs|quality control,plc,autocad,six sigma|Expand Energy is looking for fresh graduates and early-career candidates for the Maintenance Engineer role in the oil & gas exploration & production space. Skills typically asked for this role: quality control, plc, autocad, six sigma. This is a sample role built from typical industry requirements, not a confirmed vacancy. Check the company's careers page for the real opening.|12
seed:cc34a1aad655daff|Expedia Group|Management Trainee|FULL_TIME|Multiple locations|Hybrid|4-6 Lacs PA|0-1 Yrs|sales,communication,excel,business analysis,supply chain|Expedia Group is looking for fresh graduates and early-career candidates for the Management Trainee role in the hotels, resorts & cruise lines space. Skills typically asked for this role: sales, communication, excel, business analysis, supply chain. This is a sample role built from typical industry requirements, not a confirmed vacancy. Check the company's careers page for the real opening.|2
seed:39e6c42a031f7eae|Expedia Group|Sales Executive|FULL_TIME|Multiple locations|Hybrid|2-5 Lacs PA|0-2 Yrs|sales,communication,excel|Expedia Group is looking for fresh graduates and early-career candidates for the Sales Executive role in the hotels, resorts & cruise lines space. Skills typically asked for this role: sales, communication, excel. This is a sample role built from typical industry requirements, not a confirmed vacancy. Check the company's careers page for the real opening.|0
seed:696f7718c41d401f|Expeditors International|Management Trainee|FULL_TIME|Multiple locations|Remote|3-6 Lacs PA|0-1 Yrs|sales,communication,excel,business analysis,supply chain|Expeditors International is looking for fresh graduates and early-career candidates for the Management Trainee role in the air freight & logistics space. Skills typically asked for this role: sales, communication, excel, business analysis, supply chain. This is a sample role built from typical industry requirements, not a confirmed vacancy. Check the company's careers page for the real opening.|4
seed:6a47cb4798fd931d|Expeditors International|Marketing Intern|INTERNSHIP|Multiple locations|Hybrid|₹25,000 / month|Internship|digital marketing,seo,content writing,communication|Expeditors International is looking for fresh graduates and early-career candidates for the Marketing Intern role in the air freight & logistics space. Skills typically asked for this role: digital marketing, seo, content writing, communication. This is a sample role built from typical industry requirements, not a confirmed vacancy. Check the company's careers page for the real opening.|3
seed:15c57fa0b4c86f8c|Extra Space Storage|Business Analyst|FULL_TIME|Multiple locations|Hybrid|2-5 Lacs PA|0-2 Yrs|excel,financial modeling,sql,business analysis|Extra Space Storage is looking for fresh graduates and early-career candidates for the Business Analyst role in the self-storage reits space. Skills typically asked for this role: excel, financial modeling, sql, business analysis. This is a sample role built from typical industry requirements, not a confirmed vacancy. Check the company's careers page for the real opening.|12
seed:94d7a603ba896083|Extra Space Storage|Civil Engineer Trainee|FULL_TIME|Multiple locations|Remote|4-6 Lacs PA|0-2 Yrs|autocad,revit,staad pro,project management|Extra Space Storage is looking for fresh graduates and early-career candidates for the Civil Engineer Trainee role in the self-storage reits space. Skills typically asked for this role: autocad, revit, staad pro, project management. This is a sample role built from typical industry requirements, not a confirmed vacancy. Check the company's careers page for the real opening.|5
seed:6a623751e3236606|ExxonMobil|Data Analyst (Operations)|FULL_TIME|Multiple locations|Onsite|2-6 Lacs PA|0-2 Yrs|sql,excel,python,power bi,statistics|ExxonMobil is looking for fresh graduates and early-career candidates for the Data Analyst (Operations) role in the integrated oil & gas space. Skills typically asked for this role: sql, excel, python, power bi, statistics. This is a sample role built from typical industry requirements, not a confirmed vacancy. Check the company's careers page for the real opening.|7
seed:6a5ba6152e4c9709|ExxonMobil|Maintenance Engineer|FULL_TIME|Multiple locations|Hybrid|3-7 Lacs PA|0-2 Yrs|quality control,plc,autocad,six sigma|ExxonMobil is looking for fresh graduates and early-career candidates for the Maintenance Engineer role in the integrated oil & gas space. Skills typically asked for this role: quality control, plc, autocad, six sigma. This is a sample role built from typical industry requirements, not a confirmed vacancy. Check the company's careers page for the real opening.|0
seed:bd0c04c391b4a742|F5, Inc.|Machine Learning Engineer|FULL_TIME|Multiple locations|Onsite|5-8 Lacs PA|0-2 Yrs|python,machine learning,tensorflow,pandas,numpy,scikit-learn|F5, Inc. is looking for fresh graduates and early-career candidates for the Machine Learning Engineer role in the communications equipment space. Skills typically asked for this role: python, machine learning, tensorflow, pandas, numpy, scikit-learn. This is a sample role built from typical industry requirements, not a confirmed vacancy. Check the company's careers page for the real opening.|0
seed:547e8a690decafe3|F5, Inc.|DevOps Engineer|FULL_TIME|Multiple locations|Hybrid|4-7 Lacs PA|0-2 Yrs|linux,docker,kubernetes,aws,git|F5, Inc. is looking for fresh graduates and early-career candidates for the DevOps Engineer role in the communications equipment space. Skills typically asked for this role: linux, docker, kubernetes, aws, git. This is a sample role built from typical industry requirements, not a confirmed vacancy. Check the company's careers page for the real opening.|3
seed:a5da0ceb6b188afd|F5, Inc.|Python Developer|FULL_TIME|Multiple locations|Remote|4-7 Lacs PA|0-2 Yrs|python,sql,rest api,git,pandas|F5, Inc. is looking for fresh graduates and early-career candidates for the Python Developer role in the communications equipment space. Skills typically asked for this role: python, sql, rest api, git, pandas. This is a sample role built from typical industry requirements, not a confirmed vacancy. Check the company's careers page for the real opening.|1
seed:286fcf4518dba40c|FactSet|Management Trainee|FULL_TIME|Multiple locations|Onsite|2-5 Lacs PA|0-1 Yrs|communication,excel,sales,business analysis|FactSet is looking for fresh graduates and early-career candidates for the Management Trainee role in the financial exchanges & data space. Skills typically asked for this role: communication, excel, sales, business analysis. This is a sample role built from typical industry requirements, not a confirmed vacancy. Check the company's careers page for the real opening.|6
seed:362abe95fab568bc|FactSet|Finance Intern|INTERNSHIP|Multiple locations|Hybrid|₹15,000 / month|Internship|excel,accounting,financial modeling,communication|FactSet is looking for fresh graduates and early-career candidates for the Finance Intern role in the financial exchanges & data space. Skills typically asked for this role: excel, accounting, financial modeling, communication. This is a sample role built from typical industry requirements, not a confirmed vacancy. Check the company's careers page for the real opening.|7
seed:0848ac7c87a3a2b0|Fair Isaac|QA / Test Engineer|FULL_TIME|Multiple locations|Hybrid|3-5 Lacs PA|0-2 Yrs|java,sql,git,rest api|Fair Isaac is looking for fresh graduates and early-career candidates for the QA / Test Engineer role in the application software space. Skills typically asked for this role: java, sql, git, rest api. This is a sample role built from typical industry requirements, not a confirmed vacancy. Check the company's careers page for the real opening.|0
seed:976ea2b1ce615a67|Fair Isaac|Data Analyst|FULL_TIME|Multiple locations|Onsite|2-4 Lacs PA|0-2 Yrs|sql,excel,python,power bi,statistics|Fair Isaac is looking for fresh graduates and early-career candidates for the Data Analyst role in the application software space. Skills typically asked for this role: sql, excel, python, power bi, statistics. This is a sample role built from typical industry requirements, not a confirmed vacancy. Check the company's careers page for the real opening.|8
seed:2f97b6a41e88f955|Fair Isaac|Java Developer|FULL_TIME|Multiple locations|Onsite|3-7 Lacs PA|0-2 Yrs|java,spring boot,mysql,rest api,git|Fair Isaac is looking for fresh graduates and early-career candidates for the Java Developer role in the application software space. Skills typically asked for this role: java, spring boot, mysql, rest api, git. This is a sample role built from typical industry requirements, not a confirmed vacancy. Check the company's careers page for the real opening.|9
seed:892055decdb5f962|Fastenal|Embedded Software Engineer|FULL_TIME|Multiple locations|Onsite|3-5 Lacs PA|0-2 Yrs|embedded c,c++,iot,arduino,linux|Fastenal is looking for fresh graduates and early-career candidates for the Embedded Software Engineer role in the trading companies & distributors space. Skills typically asked for this role: embedded c, c++, iot, arduino, linux. This is a sample role built from typical industry requirements, not a confirmed vacancy. Check the company's careers page for the real opening.|5
seed:beb29afa2e85de02|Fastenal|Engineering Intern|INTERNSHIP|Multiple locations|Hybrid|₹10,000 / month|Internship|autocad,matlab,solidworks,communication|Fastenal is looking for fresh graduates and early-career candidates for the Engineering Intern role in the trading companies & distributors space. Skills typically asked for this role: autocad, matlab, solidworks, communication. This is a sample role built from typical industry requirements, not a confirmed vacancy. Check the company's careers page for the real opening.|10
seed:4e469f85aab481d0|FedEx|Management Trainee|FULL_TIME|Multiple locations|Onsite|3-7 Lacs PA|0-1 Yrs|sales,communication,excel,business analysis,supply chain|FedEx is looking for fresh graduates and early-career candidates for the Management Trainee role in the air freight & logistics space. Skills typically asked for this role: sales, communication, excel, business analysis, supply chain. This is a sample role built from typical industry requirements, not a confirmed vacancy. Check the company's careers page for the real opening.|12
seed:1cbaddddb13a4b37|FedEx|Sales Executive|FULL_TIME|Multiple locations|Onsite|3-6 Lacs PA|0-2 Yrs|sales,communication,excel|FedEx is looking for fresh graduates and early-career candidates for the Sales Executive role in the air freight & logistics space. Skills typically asked for this role: sales, communication, excel. This is a sample role built from typical industry requirements, not a confirmed vacancy. Check the company's careers page for the real opening.|0
seed:03bac628475b2c22|FedEx Freight|Design Engineer|FULL_TIME|Multiple locations|Remote|3-5 Lacs PA|0-2 Yrs|autocad,solidworks,catia,cad,ansys|FedEx Freight is looking for fresh graduates and early-career candidates for the Design Engineer role in the cargo ground transportation space. Skills typically asked for this role: autocad, solidworks, catia, cad, ansys. This is a sample role built from typical industry requirements, not a confirmed vacancy. Check the company's careers page for the real opening.|5
seed:d070482811dd0f8c|FedEx Freight|Production Engineer|FULL_TIME|Multiple locations|Hybrid|4-7 Lacs PA|0-2 Yrs|lean manufacturing,six sigma,quality control,cnc,cad|FedEx Freight is looking for fresh graduates and early-career candidates for the Production Engineer role in the cargo ground transportation space. Skills typically asked for this role: lean manufacturing, six sigma, quality control, cnc, cad. This is a sample role built from typical industry requirements, not a confirmed vacancy. Check the company's careers page for the real opening.|4
seed:b7b2746b7cac38ba|Federal Realty Investment Trust|Sales Executive|FULL_TIME|Multiple locations|Remote|2-5 Lacs PA|0-2 Yrs|sales,communication,excel|Federal Realty Investment Trust is looking for fresh graduates and early-career candidates for the Sales Executive role in the retail reits space. Skills typically asked for this role: sales, communication, excel. This is a sample role built from typical industry requirements, not a confirmed vacancy. Check the company's careers page for the real opening.|7
seed:0404104a98f2733d|Federal Realty Investment Trust|Planning Engineer|FULL_TIME|Multiple locations|Onsite|3-5 Lacs PA|0-2 Yrs|project management,autocad,excel,revit|Federal Realty Investment Trust is looking for fresh graduates and early-career candidates for the Planning Engineer role in the retail reits space. Skills typically asked for this role: project management, autocad, excel, revit. This is a sample role built from typical industry requirements, not a confirmed vacancy. Check the company's careers page for the real opening.|13
seed:2c03c5a4fb062377|Ferguson Enterprises|Supply Chain Analyst|FULL_TIME|Multiple locations|Hybrid|3-6 Lacs PA|0-2 Yrs|supply chain,excel,sql,sap,business analysis|Ferguson Enterprises is looking for fresh graduates and early-career candidates for the Supply Chain Analyst role in the trading companies & distributors space. Skills typically asked for this role: supply chain, excel, sql, sap, business analysis. This is a sample role built from typical industry requirements, not a confirmed vacancy. Check the company's careers page for the real opening.|3
seed:6e6707b98143995d|Ferguson Enterprises|Civil Site Engineer|FULL_TIME|Multiple locations|Hybrid|1-3 Lacs PA|0-2 Yrs|autocad,revit,staad pro,project management|Ferguson Enterprises is looking for fresh graduates and early-career candidates for the Civil Site Engineer role in the trading companies & distributors space. Skills typically asked for this role: autocad, revit, staad pro, project management. This is a sample role built from typical industry requirements, not a confirmed vacancy. Check the company's careers page for the real opening.|0
seed:d3681558e58ea20e|Fidelity National Information Services|Finance Intern|INTERNSHIP|Multiple locations|Remote|₹12,000 / month|Internship|excel,accounting,financial modeling,communication|Fidelity National Information Services is looking for fresh graduates and early-career candidates for the Finance Intern role in the transaction & payment processing services space. Skills typically asked for this role: excel, accounting, financial modeling, communication. This is a sample role built from typical industry requirements, not a confirmed vacancy. Check the company's careers page for the real opening.|1
seed:b11c37f3cbdf98f6|Fidelity National Information Services|Operations Executive|FULL_TIME|Multiple locations|Onsite|2-4 Lacs PA|0-2 Yrs|excel,communication,accounting,tally,gst|Fidelity National Information Services is looking for fresh graduates and early-career candidates for the Operations Executive role in the transaction & payment processing services space. Skills typically asked for this role: excel, communication, accounting, tally, gst. This is a sample role built from typical industry requirements, not a confirmed vacancy. Check the company's careers page for the real opening.|0
seed:80adc090ceb5516b|Fifth Third Bancorp|Operations Executive|FULL_TIME|Multiple locations|Hybrid|3-6 Lacs PA|0-2 Yrs|excel,communication,accounting,tally,gst|Fifth Third Bancorp is looking for fresh graduates and early-career candidates for the Operations Executive role in the regional banks space. Skills typically asked for this role: excel, communication, accounting, tally, gst. This is a sample role built from typical industry requirements, not a confirmed vacancy. Check the company's careers page for the real opening.|1
seed:aeaa53ea21e8a264|Fifth Third Bancorp|Financial Analyst Trainee|FULL_TIME|Multiple locations|Onsite|3-6 Lacs PA|0-2 Yrs|excel,financial modeling,accounting,statistics,communication|Fifth Third Bancorp is looking for fresh graduates and early-career candidates for the Financial Analyst Trainee role in the regional banks space. Skills typically asked for this role: excel, financial modeling, accounting, statistics, communication. This is a sample role built from typical industry requirements, not a confirmed vacancy. Check the company's careers page for the real opening.|14
seed:ce1e45ef2de5d576|First Solar|Data Science Intern|INTERNSHIP|Multiple locations|Hybrid|₹15,000 / month|Internship|python,pandas,numpy,machine learning,sql|First Solar is looking for fresh graduates and early-career candidates for the Data Science Intern role in the semiconductors space. Skills typically asked for this role: python, pandas, numpy, machine learning, sql. This is a sample role built from typical industry requirements, not a confirmed vacancy. Check the company's careers page for the real opening.|5
seed:25d0b4a54a19d557|First Solar|DevOps Engineer|FULL_TIME|Multiple locations|Onsite|3-6 Lacs PA|0-2 Yrs|linux,docker,kubernetes,aws,git|First Solar is looking for fresh graduates and early-career candidates for the DevOps Engineer role in the semiconductors space. Skills typically asked for this role: linux, docker, kubernetes, aws, git. This is a sample role built from typical industry requirements, not a confirmed vacancy. Check the company's careers page for the real opening.|12
seed:75f928d16cf5e909|First Solar|Java Developer|FULL_TIME|Multiple locations|Remote|3-6 Lacs PA|0-2 Yrs|java,spring boot,mysql,rest api,git|First Solar is looking for fresh graduates and early-career candidates for the Java Developer role in the semiconductors space. Skills typically asked for this role: java, spring boot, mysql, rest api, git. This is a sample role built from typical industry requirements, not a confirmed vacancy. Check the company's careers page for the real opening.|6
seed:4fd92fc7d37e9a34|FirstEnergy|Data Analyst (Operations)|FULL_TIME|Multiple locations|Onsite|4-8 Lacs PA|0-2 Yrs|sql,excel,python,power bi,statistics|FirstEnergy is looking for fresh graduates and early-career candidates for the Data Analyst (Operations) role in the electric utilities space. Skills typically asked for this role: sql, excel, python, power bi, statistics. This is a sample role built from typical industry requirements, not a confirmed vacancy. Check the company's careers page for the real opening.|14
seed:93c291ef9b0fef7a|FirstEnergy|Engineering Intern|INTERNSHIP|Multiple locations|Hybrid|₹15,000 / month|Internship|process design,matlab,excel,project management|FirstEnergy is looking for fresh graduates and early-career candidates for the Engineering Intern role in the electric utilities space. Skills typically asked for this role: process design, matlab, excel, project management. This is a sample role built from typical industry requirements, not a confirmed vacancy. Check the company's careers page for the real opening.|1
seed:358c19d00687351b|Fiserv|Operations Executive|FULL_TIME|Multiple locations|Remote|1-3 Lacs PA|0-2 Yrs|excel,communication,accounting,tally,gst|Fiserv is looking for fresh graduates and early-career candidates for the Operations Executive role in the transaction & payment processing services space. Skills typically asked for this role: excel, communication, accounting, tally, gst. This is a sample role built from typical industry requirements, not a confirmed vacancy. Check the company's careers page for the real opening.|7
seed:72cbd1dd0e811067|Fiserv|Financial Analyst Trainee|FULL_TIME|Multiple locations|Onsite|2-6 Lacs PA|0-2 Yrs|excel,financial modeling,accounting,statistics,communication|Fiserv is looking for fresh graduates and early-career candidates for the Financial Analyst Trainee role in the transaction & payment processing services space. Skills typically asked for this role: excel, financial modeling, accounting, statistics, communication. This is a sample role built from typical industry requirements, not a confirmed vacancy. Check the company's careers page for the real opening.|14
seed:ceb9b4578dc59809|Flex Ltd.|Cyber Security Analyst|FULL_TIME|Multiple locations|Hybrid|4-6 Lacs PA|0-2 Yrs|cyber security,linux,python,communication|Flex Ltd. is looking for fresh graduates and early-career candidates for the Cyber Security Analyst role in the electronic manufacturing services space. Skills typically asked for this role: cyber security, linux, python, communication. This is a sample role built from typical industry requirements, not a confirmed vacancy. Check the company's careers page for the real opening.|12
seed:3e0b05b579d49232|Flex Ltd.|Machine Learning Engineer|FULL_TIME|Multiple locations|Onsite|4-8 Lacs PA|0-2 Yrs|python,machine learning,tensorflow,pandas,numpy,scikit-learn|Flex Ltd. is looking for fresh graduates and early-career candidates for the Machine Learning Engineer role in the electronic manufacturing services space. Skills typically asked for this role: python, machine learning, tensorflow, pandas, numpy, scikit-learn. This is a sample role built from typical industry requirements, not a confirmed vacancy. Check the company's careers page for the real opening.|9
seed:148e05a466ee5fce|Flex Ltd.|DevOps Engineer|FULL_TIME|Multiple locations|Remote|3-5 Lacs PA|0-2 Yrs|linux,docker,kubernetes,aws,git|Flex Ltd. is looking for fresh graduates and early-career candidates for the DevOps Engineer role in the electronic manufacturing services space. Skills typically asked for this role: linux, docker, kubernetes, aws, git. This is a sample role built from typical industry requirements, not a confirmed vacancy. Check the company's careers page for the real opening.|7
seed:e593e1cf438fabc2|Flipkart|QA / Test Engineer|FULL_TIME|Delhi NCR, Gurugram|Onsite|3-6 Lacs PA|0-2 Yrs|java,sql,git,rest api|Flipkart is looking for fresh graduates and early-career candidates for the QA / Test Engineer role in the e-commerce space. Skills typically asked for this role: java, sql, git, rest api. This is a sample role built from typical industry requirements, not a confirmed vacancy. Check the company's careers page for the real opening.|8
seed:c8ecc9c66d9216d6|Flipkart|Cloud Support Associate|FULL_TIME|Mumbai, Visakhapatnam|Hybrid|2-6 Lacs PA|0-1 Yrs|aws,linux,sql,communication|Flipkart is looking for fresh graduates and early-career candidates for the Cloud Support Associate role in the e-commerce space. Skills typically asked for this role: aws, linux, sql, communication. This is a sample role built from typical industry requirements, not a confirmed vacancy. Check the company's careers page for the real opening.|3
seed:83568264017994fc|Ford Motor Company|Supply Chain Analyst|FULL_TIME|Multiple locations|Onsite|3-6 Lacs PA|0-2 Yrs|supply chain,excel,sql,sap,business analysis|Ford Motor Company is looking for fresh graduates and early-career candidates for the Supply Chain Analyst role in the automobile manufacturers space. Skills typically asked for this role: supply chain, excel, sql, sap, business analysis. This is a sample role built from typical industry requirements, not a confirmed vacancy. Check the company's careers page for the real opening.|5
seed:a25ed740500699bb|Ford Motor Company|Production Engineer|FULL_TIME|Multiple locations|Hybrid|2-4 Lacs PA|0-2 Yrs|lean manufacturing,six sigma,quality control,cnc,cad|Ford Motor Company is looking for fresh graduates and early-career candidates for the Production Engineer role in the automobile manufacturers space. Skills typically asked for this role: lean manufacturing, six sigma, quality control, cnc, cad. This is a sample role built from typical industry requirements, not a confirmed vacancy. Check the company's careers page for the real opening.|2
seed:dcb306982f0e9856|Fortinet|Cyber Security Analyst|FULL_TIME|Multiple locations|Hybrid|4-7 Lacs PA|0-2 Yrs|cyber security,linux,python,communication|Fortinet is looking for fresh graduates and early-career candidates for the Cyber Security Analyst role in the systems software space. Skills typically asked for this role: cyber security, linux, python, communication. This is a sample role built from typical industry requirements, not a confirmed vacancy. Check the company's careers page for the real opening.|11
seed:c091b6eba2c6912b|Fortinet|QA / Test Engineer|FULL_TIME|Multiple locations|Hybrid|3-6 Lacs PA|0-2 Yrs|java,sql,git,rest api|Fortinet is looking for fresh graduates and early-career candidates for the QA / Test Engineer role in the systems software space. Skills typically asked for this role: java, sql, git, rest api. This is a sample role built from typical industry requirements, not a confirmed vacancy. Check the company's careers page for the real opening.|12
seed:57cf810246520958|Fortinet|Machine Learning Engineer|FULL_TIME|Multiple locations|Hybrid|5-7 Lacs PA|0-2 Yrs|python,machine learning,tensorflow,pandas,numpy,scikit-learn|Fortinet is looking for fresh graduates and early-career candidates for the Machine Learning Engineer role in the systems software space. Skills typically asked for this role: python, machine learning, tensorflow, pandas, numpy, scikit-learn. This is a sample role built from typical industry requirements, not a confirmed vacancy. Check the company's careers page for the real opening.|6
seed:fb3bb838ec16a993|Fortive|Embedded Software Engineer|FULL_TIME|Multiple locations|Onsite|4-8 Lacs PA|0-2 Yrs|embedded c,c++,iot,arduino,linux|Fortive is looking for fresh graduates and early-career candidates for the Embedded Software Engineer role in the industrial machinery & supplies & components space. Skills typically asked for this role: embedded c, c++, iot, arduino, linux. This is a sample role built from typical industry requirements, not a confirmed vacancy. Check the company's careers page for the real opening.|2
seed:5807e2cf897ba3fa|Fortive|Civil Site Engineer|FULL_TIME|Multiple locations|Hybrid|2-4 Lacs PA|0-2 Yrs|autocad,revit,staad pro,project management|Fortive is looking for fresh graduates and early-career candidates for the Civil Site Engineer role in the industrial machinery & supplies & components space. Skills typically asked for this role: autocad, revit, staad pro, project management. This is a sample role built from typical industry requirements, not a confirmed vacancy. Check the company's careers page for the real opening.|9
seed:a4eea262e1b0f1d2|Fox Corporation|UI/UX Designer|FULL_TIME|Multiple locations|Hybrid|4-7 Lacs PA|0-2 Yrs|figma,ui/ux,photoshop,illustrator|Fox Corporation is looking for fresh graduates and early-career candidates for the UI/UX Designer role in the broadcasting space. Skills typically asked for this role: figma, ui/ux, photoshop, illustrator. This is a sample role built from typical industry requirements, not a confirmed vacancy. Check the company's careers page for the real opening.|7
seed:3e57123f8eebf4e9|Fox Corporation|Digital Marketing Specialist|FULL_TIME|Multiple locations|Remote|4-7 Lacs PA|0-2 Yrs|digital marketing,seo,content writing,figma|Fox Corporation is looking for fresh graduates and early-career candidates for the Digital Marketing Specialist role in the broadcasting space. Skills typically asked for this role: digital marketing, seo, content writing, figma. This is a sample role built from typical industry requirements, not a confirmed vacancy. Check the company's careers page for the real opening.|11
seed:b2dcba2d663e75ee|Franklin Resources|Finance Intern|INTERNSHIP|Multiple locations|Remote|₹15,000 / month|Internship|excel,accounting,financial modeling,communication|Franklin Resources is looking for fresh graduates and early-career candidates for the Finance Intern role in the asset management & custody banks space. Skills typically asked for this role: excel, accounting, financial modeling, communication. This is a sample role built from typical industry requirements, not a confirmed vacancy. Check the company's careers page for the real opening.|6
seed:5d7d6b61a4ca1a99|Franklin Resources|Operations Executive|FULL_TIME|Multiple locations|Remote|2-4 Lacs PA|0-2 Yrs|excel,communication,accounting,tally,gst|Franklin Resources is looking for fresh graduates and early-career candidates for the Operations Executive role in the asset management & custody banks space. Skills typically asked for this role: excel, communication, accounting, tally, gst. This is a sample role built from typical industry requirements, not a confirmed vacancy. Check the company's careers page for the real opening.|9
seed:c8a440a9472104d8|Freeport-McMoRan|Supply Chain Executive|FULL_TIME|Multiple locations|Hybrid|3-7 Lacs PA|0-2 Yrs|supply chain,excel,sap,communication|Freeport-McMoRan is looking for fresh graduates and early-career candidates for the Supply Chain Executive role in the copper space. Skills typically asked for this role: supply chain, excel, sap, communication. This is a sample role built from typical industry requirements, not a confirmed vacancy. Check the company's careers page for the real opening.|13
seed:adf8b1d22ea0a00b|Freeport-McMoRan|Quality Engineer|FULL_TIME|Multiple locations|Remote|2-6 Lacs PA|0-2 Yrs|quality control,six sigma,lean manufacturing,excel|Freeport-McMoRan is looking for fresh graduates and early-career candidates for the Quality Engineer role in the copper space. Skills typically asked for this role: quality control, six sigma, lean manufacturing, excel. This is a sample role built from typical industry requirements, not a confirmed vacancy. Check the company's careers page for the real opening.|2
seed:f5e8472f910dbc47|GE Aerospace|Graduate Engineer Trainee|FULL_TIME|Multiple locations|Onsite|2-5 Lacs PA|0-1 Yrs|autocad,solidworks,matlab,project management,quality control|GE Aerospace is looking for fresh graduates and early-career candidates for the Graduate Engineer Trainee role in the aerospace & defense space. Skills typically asked for this role: autocad, solidworks, matlab, project management, quality control. This is a sample role built from typical industry requirements, not a confirmed vacancy. Check the company's careers page for the real opening.|1
seed:0b60904cb79e2423|GE Aerospace|Supply Chain Analyst|FULL_TIME|Multiple locations|Hybrid|4-8 Lacs PA|0-2 Yrs|supply chain,excel,sql,sap,business analysis|GE Aerospace is looking for fresh graduates and early-career candidates for the Supply Chain Analyst role in the aerospace & defense space. Skills typically asked for this role: supply chain, excel, sql, sap, business analysis. This is a sample role built from typical industry requirements, not a confirmed vacancy. Check the company's careers page for the real opening.|11
seed:d7071c5b352f02d4|GE HealthCare|Quality Control Analyst|FULL_TIME|Multiple locations|Hybrid|2-5 Lacs PA|0-2 Yrs|quality control,lab techniques,spectroscopy,research|GE HealthCare is looking for fresh graduates and early-career candidates for the Quality Control Analyst role in the health care equipment space. Skills typically asked for this role: quality control, lab techniques, spectroscopy, research. This is a sample role built from typical industry requirements, not a confirmed vacancy. Check the company's careers page for the real opening.|6
seed:46971dfe51a58cc1|GE HealthCare|Clinical Research Associate|FULL_TIME|Multiple locations|Remote|3-7 Lacs PA|0-2 Yrs|clinical research,research,statistics,communication|GE HealthCare is looking for fresh graduates and early-career candidates for the Clinical Research Associate role in the health care equipment space. Skills typically asked for this role: clinical research, research, statistics, communication. This is a sample role built from typical industry requirements, not a confirmed vacancy. Check the company's careers page for the real opening.|5
seed:b92f4c8aebf045c9|GE Vernova|Graduate Engineer Trainee|FULL_TIME|Multiple locations|Onsite|3-6 Lacs PA|0-1 Yrs|autocad,solidworks,matlab,project management,quality control|GE Vernova is looking for fresh graduates and early-career candidates for the Graduate Engineer Trainee role in the heavy electrical equipment space. Skills typically asked for this role: autocad, solidworks, matlab, project management, quality control. This is a sample role built from typical industry requirements, not a confirmed vacancy. Check the company's careers page for the real opening.|6
seed:8af058763b35625d|GE Vernova|Civil Site Engineer|FULL_TIME|Multiple locations|Hybrid|2-5 Lacs PA|0-2 Yrs|autocad,revit,staad pro,project management|GE Vernova is looking for fresh graduates and early-career candidates for the Civil Site Engineer role in the heavy electrical equipment space. Skills typically asked for this role: autocad, revit, staad pro, project management. This is a sample role built from typical industry requirements, not a confirmed vacancy. Check the company's careers page for the real opening.|11
seed:42554330a59e3936|Garmin|Management Trainee|FULL_TIME|Multiple locations|Hybrid|5-9 Lacs PA|0-1 Yrs|sales,communication,excel,business analysis,supply chain|Garmin is looking for fresh graduates and early-career candidates for the Management Trainee role in the consumer electronics space. Skills typically asked for this role: sales, communication, excel, business analysis, supply chain. This is a sample role built from typical industry requirements, not a confirmed vacancy. Check the company's careers page for the real opening.|1
seed:ca957473a830f170|Garmin|Digital Marketing Executive|FULL_TIME|Multiple locations|Remote|1-3 Lacs PA|0-2 Yrs|digital marketing,seo,content writing,excel,communication|Garmin is looking for fresh graduates and early-career candidates for the Digital Marketing Executive role in the consumer electronics space. Skills typically asked for this role: digital marketing, seo, content writing, excel, communication. This is a sample role built from typical industry requirements, not a confirmed vacancy. Check the company's careers page for the real opening.|9
seed:d7e5f74bd34c02e6|Gen Digital|Software Engineer Trainee|FULL_TIME|Multiple locations|Remote|4-6 Lacs PA|0-1 Yrs|java,sql,data structures,git,rest api|Gen Digital is looking for fresh graduates and early-career candidates for the Software Engineer Trainee role in the systems software space. Skills typically asked for this role: java, sql, data structures, git, rest api. This is a sample role built from typical industry requirements, not a confirmed vacancy. Check the company's careers page for the real opening.|14
seed:1e8683772b8635db|Gen Digital|Data Analyst|FULL_TIME|Multiple locations|Hybrid|3-6 Lacs PA|0-2 Yrs|sql,excel,python,power bi,statistics|Gen Digital is looking for fresh graduates and early-career candidates for the Data Analyst role in the systems software space. Skills typically asked for this role: sql, excel, python, power bi, statistics. This is a sample role built from typical industry requirements, not a confirmed vacancy. Check the company's careers page for the real opening.|3
seed:f4a8ab715d5be0e3|Gen Digital|Cloud Support Associate|FULL_TIME|Multiple locations|Remote|2-5 Lacs PA|0-1 Yrs|aws,linux,sql,communication|Gen Digital is looking for fresh graduates and early-career candidates for the Cloud Support Associate role in the systems software space. Skills typically asked for this role: aws, linux, sql, communication. This is a sample role built from typical industry requirements, not a confirmed vacancy. Check the company's careers page for the real opening.|3
seed:0fa31ddd5ff9fa9f|Generac|Graduate Engineer Trainee|FULL_TIME|Multiple locations|Onsite|4-7 Lacs PA|0-1 Yrs|autocad,solidworks,matlab,project management,quality control|Generac is looking for fresh graduates and early-career candidates for the Graduate Engineer Trainee role in the heavy electrical equipment space. Skills typically asked for this role: autocad, solidworks, matlab, project management, quality control. This is a sample role built from typical industry requirements, not a confirmed vacancy. Check the company's careers page for the real opening.|2
seed:f6a25089a9881e69|Generac|Engineering Intern|INTERNSHIP|Multiple locations|Hybrid|₹12,000 / month|Internship|autocad,matlab,solidworks,communication|Generac is looking for fresh graduates and early-career candidates for the Engineering Intern role in the heavy electrical equipment space. Skills typically asked for this role: autocad, matlab, solidworks, communication. This is a sample role built from typical industry requirements, not a confirmed vacancy. Check the company's careers page for the real opening.|11
seed:3fa1f223dd6709fb|General Dynamics|Design Engineer|FULL_TIME|Multiple locations|Remote|3-5 Lacs PA|0-2 Yrs|autocad,solidworks,catia,cad,ansys|General Dynamics is looking for fresh graduates and early-career candidates for the Design Engineer role in the aerospace & defense space. Skills typically asked for this role: autocad, solidworks, catia, cad, ansys. This is a sample role built from typical industry requirements, not a confirmed vacancy. Check the company's careers page for the real opening.|3
seed:72030b05ec067201|General Dynamics|Production Engineer|FULL_TIME|Multiple locations|Remote|3-6 Lacs PA|0-2 Yrs|lean manufacturing,six sigma,quality control,cnc,cad|General Dynamics is looking for fresh graduates and early-career candidates for the Production Engineer role in the aerospace & defense space. Skills typically asked for this role: lean manufacturing, six sigma, quality control, cnc, cad. This is a sample role built from typical industry requirements, not a confirmed vacancy. Check the company's careers page for the real opening.|5
seed:998c095d5e5ce7f1|General Mills|Management Trainee|FULL_TIME|Multiple locations|Onsite|3-6 Lacs PA|0-1 Yrs|sales,communication,excel,business analysis,supply chain|General Mills is looking for fresh graduates and early-career candidates for the Management Trainee role in the packaged foods & meats space. Skills typically asked for this role: sales, communication, excel, business analysis, supply chain. This is a sample role built from typical industry requirements, not a confirmed vacancy. Check the company's careers page for the real opening.|2
seed:902cde5ab1e0d68f|General Mills|Digital Marketing Executive|FULL_TIME|Multiple locations|Hybrid|1-5 Lacs PA|0-2 Yrs|digital marketing,seo,content writing,excel,communication|General Mills is looking for fresh graduates and early-career candidates for the Digital Marketing Executive role in the packaged foods & meats space. Skills typically asked for this role: digital marketing, seo, content writing, excel, communication. This is a sample role built from typical industry requirements, not a confirmed vacancy. Check the company's careers page for the real opening.|12
seed:a19ecdd7d278624c|General Motors|Engineering Intern|INTERNSHIP|Multiple locations|Remote|₹25,000 / month|Internship|autocad,matlab,solidworks,communication|General Motors is looking for fresh graduates and early-career candidates for the Engineering Intern role in the automobile manufacturers space. Skills typically asked for this role: autocad, matlab, solidworks, communication. This is a sample role built from typical industry requirements, not a confirmed vacancy. Check the company's careers page for the real opening.|10
seed:2898c743e5c5f85d|General Motors|Graduate Engineer Trainee|FULL_TIME|Multiple locations|Hybrid|2-6 Lacs PA|0-1 Yrs|autocad,solidworks,matlab,project management,quality control|General Motors is looking for fresh graduates and early-career candidates for the Graduate Engineer Trainee role in the automobile manufacturers space. Skills typically asked for this role: autocad, solidworks, matlab, project management, quality control. This is a sample role built from typical industry requirements, not a confirmed vacancy. Check the company's careers page for the real opening.|3
seed:e82d05715c7500ea|Genuine Parts Company|Marketing Intern|INTERNSHIP|Multiple locations|Hybrid|₹10,000 / month|Internship|digital marketing,seo,content writing,communication|Genuine Parts Company is looking for fresh graduates and early-career candidates for the Marketing Intern role in the distributors space. Skills typically asked for this role: digital marketing, seo, content writing, communication. This is a sample role built from typical industry requirements, not a confirmed vacancy. Check the company's careers page for the real opening.|7
seed:903d7f0efbdbebf8|Genuine Parts Company|Supply Chain Analyst|FULL_TIME|Multiple locations|Hybrid|4-7 Lacs PA|0-2 Yrs|supply chain,excel,sql,sap,business analysis|Genuine Parts Company is looking for fresh graduates and early-career candidates for the Supply Chain Analyst role in the distributors space. Skills typically asked for this role: supply chain, excel, sql, sap, business analysis. This is a sample role built from typical industry requirements, not a confirmed vacancy. Check the company's careers page for the real opening.|7
seed:a61c23b5ffc5a15b|Gilead Sciences|Research Associate|FULL_TIME|Multiple locations|Remote|2-5 Lacs PA|0-2 Yrs|research,lab techniques,pcr,pharmacology|Gilead Sciences is looking for fresh graduates and early-career candidates for the Research Associate role in the biotechnology space. Skills typically asked for this role: research, lab techniques, pcr, pharmacology. This is a sample role built from typical industry requirements, not a confirmed vacancy. Check the company's careers page for the real opening.|10
seed:47b4267c88985d22|Gilead Sciences|Medical Representative Trainee|FULL_TIME|Multiple locations|Remote|3-5 Lacs PA|0-1 Yrs|sales,communication,pharmacology|Gilead Sciences is looking for fresh graduates and early-career candidates for the Medical Representative Trainee role in the biotechnology space. Skills typically asked for this role: sales, communication, pharmacology. This is a sample role built from typical industry requirements, not a confirmed vacancy. Check the company's careers page for the real opening.|2
seed:3f6a5c32a9468cd4|Global Payments|Management Trainee|FULL_TIME|Multiple locations|Remote|3-6 Lacs PA|0-1 Yrs|communication,excel,sales,business analysis|Global Payments is looking for fresh graduates and early-career candidates for the Management Trainee role in the transaction & payment processing services space. Skills typically asked for this role: communication, excel, sales, business analysis. This is a sample role built from typical industry requirements, not a confirmed vacancy. Check the company's careers page for the real opening.|11
seed:51032673f7c0a3da|Global Payments|Risk Analyst|FULL_TIME|Multiple locations|Hybrid|3-5 Lacs PA|0-2 Yrs|excel,statistics,sql,python,financial modeling|Global Payments is looking for fresh graduates and early-career candidates for the Risk Analyst role in the transaction & payment processing services space. Skills typically asked for this role: excel, statistics, sql, python, financial modeling. This is a sample role built from typical industry requirements, not a confirmed vacancy. Check the company's careers page for the real opening.|11
seed:fd1677afa7091a81|Globe Life|Data Analyst (Healthcare)|FULL_TIME|Multiple locations|Hybrid|2-4 Lacs PA|0-2 Yrs|sql,excel,statistics,python,power bi|Globe Life is looking for fresh graduates and early-career candidates for the Data Analyst (Healthcare) role in the life & health insurance space. Skills typically asked for this role: sql, excel, statistics, python, power bi. This is a sample role built from typical industry requirements, not a confirmed vacancy. Check the company's careers page for the real opening.|1
seed:5a3b6f3bec9e0f4a|Globe Life|Clinical Research Associate|FULL_TIME|Multiple locations|Remote|1-5 Lacs PA|0-2 Yrs|clinical research,research,statistics,communication|Globe Life is looking for fresh graduates and early-career candidates for the Clinical Research Associate role in the life & health insurance space. Skills typically asked for this role: clinical research, research, statistics, communication. This is a sample role built from typical industry requirements, not a confirmed vacancy. Check the company's careers page for the real opening.|8
seed:0efe5510e57b0cbf|GoDaddy|Java Developer|FULL_TIME|Multiple locations|Hybrid|3-7 Lacs PA|0-2 Yrs|java,spring boot,mysql,rest api,git|GoDaddy is looking for fresh graduates and early-career candidates for the Java Developer role in the internet services & infrastructure space. Skills typically asked for this role: java, spring boot, mysql, rest api, git. This is a sample role built from typical industry requirements, not a confirmed vacancy. Check the company's careers page for the real opening.|3
seed:0a5892220d9ba325|GoDaddy|Cyber Security Analyst|FULL_TIME|Multiple locations|Hybrid|4-7 Lacs PA|0-2 Yrs|cyber security,linux,python,communication|GoDaddy is looking for fresh graduates and early-career candidates for the Cyber Security Analyst role in the internet services & infrastructure space. Skills typically asked for this role: cyber security, linux, python, communication. This is a sample role built from typical industry requirements, not a confirmed vacancy. Check the company's careers page for the real opening.|5
seed:475295b9065eebac|GoDaddy|Machine Learning Engineer|FULL_TIME|Multiple locations|Remote|4-6 Lacs PA|0-2 Yrs|python,machine learning,tensorflow,pandas,numpy,scikit-learn|GoDaddy is looking for fresh graduates and early-career candidates for the Machine Learning Engineer role in the internet services & infrastructure space. Skills typically asked for this role: python, machine learning, tensorflow, pandas, numpy, scikit-learn. This is a sample role built from typical industry requirements, not a confirmed vacancy. Check the company's careers page for the real opening.|2
seed:591301d481cd5abc|Goldman Sachs|Management Trainee|FULL_TIME|Multiple locations|Remote|2-6 Lacs PA|0-1 Yrs|communication,excel,sales,business analysis|Goldman Sachs is looking for fresh graduates and early-career candidates for the Management Trainee role in the investment banking & brokerage space. Skills typically asked for this role: communication, excel, sales, business analysis. This is a sample role built from typical industry requirements, not a confirmed vacancy. Check the company's careers page for the real opening.|11
seed:65535e1ff0d12999|Goldman Sachs|Software Engineer (Banking Tech)|FULL_TIME|Multiple locations|Remote|3-6 Lacs PA|0-2 Yrs|java,sql,spring boot,rest api,git|Goldman Sachs is looking for fresh graduates and early-career candidates for the Software Engineer (Banking Tech) role in the investment banking & brokerage space. Skills typically asked for this role: java, sql, spring boot, rest api, git. This is a sample role built from typical industry requirements, not a confirmed vacancy. Check the company's careers page for the real opening.|14
seed:bf9526d0c02df4ed|HCA Healthcare|Clinical Research Associate|FULL_TIME|Multiple locations|Hybrid|3-7 Lacs PA|0-2 Yrs|clinical research,research,statistics,communication|HCA Healthcare is looking for fresh graduates and early-career candidates for the Clinical Research Associate role in the health care facilities space. Skills typically asked for this role: clinical research, research, statistics, communication. This is a sample role built from typical industry requirements, not a confirmed vacancy. Check the company's careers page for the real opening.|11
seed:92bb403933583856|HCA Healthcare|Medical Representative Trainee|FULL_TIME|Multiple locations|Remote|1-3 Lacs PA|0-1 Yrs|sales,communication,pharmacology|HCA Healthcare is looking for fresh graduates and early-career candidates for the Medical Representative Trainee role in the health care facilities space. Skills typically asked for this role: sales, communication, pharmacology. This is a sample role built from typical industry requirements, not a confirmed vacancy. Check the company's careers page for the real opening.|4
seed:17baa97387143781|HDFC Bank|Software Engineer (Banking Tech)|FULL_TIME|Pune|Onsite|4-6 Lacs PA|0-2 Yrs|java,sql,spring boot,rest api,git|HDFC Bank is looking for fresh graduates and early-career candidates for the Software Engineer (Banking Tech) role in the banking space. Skills typically asked for this role: java, sql, spring boot, rest api, git. This is a sample role built from typical industry requirements, not a confirmed vacancy. Check the company's careers page for the real opening.|0
seed:91ee75339115d976|HDFC Bank|Financial Analyst Trainee|FULL_TIME|Kochi, Bengaluru, Ahmedabad|Onsite|2-5 Lacs PA|0-2 Yrs|excel,financial modeling,accounting,statistics,communication|HDFC Bank is looking for fresh graduates and early-career candidates for the Financial Analyst Trainee role in the banking space. Skills typically asked for this role: excel, financial modeling, accounting, statistics, communication. This is a sample role built from typical industry requirements, not a confirmed vacancy. Check the company's careers page for the real opening.|6
seed:81dbae5736f13081|HP Inc.|Full Stack Developer|FULL_TIME|Multiple locations|Hybrid|3-7 Lacs PA|0-2 Yrs|javascript,react,node.js,html,css,mongodb,git|HP Inc. is looking for fresh graduates and early-career candidates for the Full Stack Developer role in the technology hardware, storage & peripherals space. Skills typically asked for this role: javascript, react, node.js, html, css, mongodb, git. This is a sample role built from typical industry requirements, not a confirmed vacancy. Check the company's careers page for the real opening.|14
seed:8475ca10b0aad565|HP Inc.|DevOps Engineer|FULL_TIME|Multiple locations|Onsite|4-7 Lacs PA|0-2 Yrs|linux,docker,kubernetes,aws,git|HP Inc. is looking for fresh graduates and early-career candidates for the DevOps Engineer role in the technology hardware, storage & peripherals space. Skills typically asked for this role: linux, docker, kubernetes, aws, git. This is a sample role built from typical industry requirements, not a confirmed vacancy. Check the company's careers page for the real opening.|7
seed:45f352fa830773f1|HP Inc.|Cyber Security Analyst|FULL_TIME|Multiple locations|Onsite|4-7 Lacs PA|0-2 Yrs|cyber security,linux,python,communication|HP Inc. is looking for fresh graduates and early-career candidates for the Cyber Security Analyst role in the technology hardware, storage & peripherals space. Skills typically asked for this role: cyber security, linux, python, communication. This is a sample role built from typical industry requirements, not a confirmed vacancy. Check the company's careers page for the real opening.|5
seed:957369f01d4f6207|Halliburton|Process Engineer Trainee|FULL_TIME|Multiple locations|Onsite|3-6 Lacs PA|0-2 Yrs|process design,thermodynamics,aspen plus,matlab|Halliburton is looking for fresh graduates and early-career candidates for the Process Engineer Trainee role in the oil & gas equipment & services space. Skills typically asked for this role: process design, thermodynamics, aspen plus, matlab. This is a sample role built from typical industry requirements, not a confirmed vacancy. Check the company's careers page for the real opening.|9
seed:599b618cb8848dd0|Halliburton|Engineering Intern|INTERNSHIP|Multiple locations|Remote|₹25,000 / month|Internship|process design,matlab,excel,project management|Halliburton is looking for fresh graduates and early-career candidates for the Engineering Intern role in the oil & gas equipment & services space. Skills typically asked for this role: process design, matlab, excel, project management. This is a sample role built from typical industry requirements, not a confirmed vacancy. Check the company's careers page for the real opening.|13
seed:e8e37007b473c71b|Hartford (The)|Operations Executive|FULL_TIME|Multiple locations|Remote|1-5 Lacs PA|0-2 Yrs|excel,communication,accounting,tally,gst|Hartford (The) is looking for fresh graduates and early-career candidates for the Operations Executive role in the property & casualty insurance space. Skills typically asked for this role: excel, communication, accounting, tally, gst. This is a sample role built from typical industry requirements, not a confirmed vacancy. Check the company's careers page for the real opening.|4
seed:9b1477bf30910e5b|Hartford (The)|Finance Intern|INTERNSHIP|Multiple locations|Hybrid|₹25,000 / month|Internship|excel,accounting,financial modeling,communication|Hartford (The) is looking for fresh graduates and early-career candidates for the Finance Intern role in the property & casualty insurance space. Skills typically asked for this role: excel, accounting, financial modeling, communication. This is a sample role built from typical industry requirements, not a confirmed vacancy. Check the company's careers page for the real opening.|14
seed:b3a11a4011735eed|Hasbro|Business Analyst|FULL_TIME|Multiple locations|Remote|4-6 Lacs PA|0-2 Yrs|sql,excel,power bi,business analysis,communication|Hasbro is looking for fresh graduates and early-career candidates for the Business Analyst role in the leisure products space. Skills typically asked for this role: sql, excel, power bi, business analysis, communication. This is a sample role built from typical industry requirements, not a confirmed vacancy. Check the company's careers page for the real opening.|3
seed:a6e5a0728bd05260|Hasbro|Marketing Intern|INTERNSHIP|Multiple locations|Onsite|₹25,000 / month|Internship|digital marketing,seo,content writing,communication|Hasbro is looking for fresh graduates and early-career candidates for the Marketing Intern role in the leisure products space. Skills typically asked for this role: digital marketing, seo, content writing, communication. This is a sample role built from typical industry requirements, not a confirmed vacancy. Check the company's careers page for the real opening.|10
seed:0f9564214df477e5|Healthpeak Properties|Quality Control Analyst|FULL_TIME|Multiple locations|Hybrid|2-6 Lacs PA|0-2 Yrs|quality control,lab techniques,spectroscopy,research|Healthpeak Properties is looking for fresh graduates and early-career candidates for the Quality Control Analyst role in the health care reits space. Skills typically asked for this role: quality control, lab techniques, spectroscopy, research. This is a sample role built from typical industry requirements, not a confirmed vacancy. Check the company's careers page for the real opening.|8
seed:497c0bd51890313a|Healthpeak Properties|Data Analyst (Healthcare)|FULL_TIME|Multiple locations|Remote|3-7 Lacs PA|0-2 Yrs|sql,excel,statistics,python,power bi|Healthpeak Properties is looking for fresh graduates and early-career candidates for the Data Analyst (Healthcare) role in the health care reits space. Skills typically asked for this role: sql, excel, statistics, python, power bi. This is a sample role built from typical industry requirements, not a confirmed vacancy. Check the company's careers page for the real opening.|11
seed:ab3c1e4d28cda5e7|Henry Schein|Quality Control Analyst|FULL_TIME|Multiple locations|Hybrid|1-3 Lacs PA|0-2 Yrs|quality control,lab techniques,spectroscopy,research|Henry Schein is looking for fresh graduates and early-career candidates for the Quality Control Analyst role in the health care distributors space. Skills typically asked for this role: quality control, lab techniques, spectroscopy, research. This is a sample role built from typical industry requirements, not a confirmed vacancy. Check the company's careers page for the real opening.|11
seed:fac149e4baf2afce|Henry Schein|Data Analyst (Healthcare)|FULL_TIME|Multiple locations|Onsite|3-7 Lacs PA|0-2 Yrs|sql,excel,statistics,python,power bi|Henry Schein is looking for fresh graduates and early-career candidates for the Data Analyst (Healthcare) role in the health care distributors space. Skills typically asked for this role: sql, excel, statistics, python, power bi. This is a sample role built from typical industry requirements, not a confirmed vacancy. Check the company's careers page for the real opening.|8
seed:aa0797c76be53475|Hero MotoCorp|Graduate Engineer Trainee|FULL_TIME|Pune|Onsite|3-6 Lacs PA|0-1 Yrs|autocad,solidworks,matlab,project management,quality control|Hero MotoCorp is looking for fresh graduates and early-career candidates for the Graduate Engineer Trainee role in the automobile space. Skills typically asked for this role: autocad, solidworks, matlab, project management, quality control. This is a sample role built from typical industry requirements, not a confirmed vacancy. Check the company's careers page for the real opening.|10
seed:6f1d93f6b4270b23|Hero MotoCorp|Design Engineer|FULL_TIME|Chennai, Kolkata|Onsite|3-6 Lacs PA|0-2 Yrs|autocad,solidworks,catia,cad,ansys|Hero MotoCorp is looking for fresh graduates and early-career candidates for the Design Engineer role in the automobile space. Skills typically asked for this role: autocad, solidworks, catia, cad, ansys. This is a sample role built from typical industry requirements, not a confirmed vacancy. Check the company's careers page for the real opening.|10
seed:63a2ce3e47fcc1fc|Hershey Company (The)|Marketing Intern|INTERNSHIP|Multiple locations|Remote|₹25,000 / month|Internship|digital marketing,seo,content writing,communication|Hershey Company (The) is looking for fresh graduates and early-career candidates for the Marketing Intern role in the packaged foods & meats space. Skills typically asked for this role: digital marketing, seo, content writing, communication. This is a sample role built from typical industry requirements, not a confirmed vacancy. Check the company's careers page for the real opening.|1
seed:30156c8cb4c589e0|Hershey Company (The)|Business Analyst|FULL_TIME|Multiple locations|Remote|5-8 Lacs PA|0-2 Yrs|sql,excel,power bi,business analysis,communication|Hershey Company (The) is looking for fresh graduates and early-career candidates for the Business Analyst role in the packaged foods & meats space. Skills typically asked for this role: sql, excel, power bi, business analysis, communication. This is a sample role built from typical industry requirements, not a confirmed vacancy. Check the company's careers page for the real opening.|9
seed:a2d057824cb1fabc|Hewlett Packard Enterprise|Associate Software Engineer|FULL_TIME|Multiple locations|Remote|3-6 Lacs PA|0-2 Yrs|python,sql,data structures,git,linux|Hewlett Packard Enterprise is looking for fresh graduates and early-career candidates for the Associate Software Engineer role in the technology hardware, storage & peripherals space. Skills typically asked for this role: python, sql, data structures, git, linux. This is a sample role built from typical industry requirements, not a confirmed vacancy. Check the company's careers page for the real opening.|11
seed:ba6388d0b4c6d7bc|Hewlett Packard Enterprise|Full Stack Developer|FULL_TIME|Multiple locations|Remote|3-7 Lacs PA|0-2 Yrs|javascript,react,node.js,html,css,mongodb,git|Hewlett Packard Enterprise is looking for fresh graduates and early-career candidates for the Full Stack Developer role in the technology hardware, storage & peripherals space. Skills typically asked for this role: javascript, react, node.js, html, css, mongodb, git. This is a sample role built from typical industry requirements, not a confirmed vacancy. Check the company's careers page for the real opening.|6
seed:c34f70be718278e0|Hewlett Packard Enterprise|QA / Test Engineer|FULL_TIME|Multiple locations|Hybrid|4-6 Lacs PA|0-2 Yrs|java,sql,git,rest api|Hewlett Packard Enterprise is looking for fresh graduates and early-career candidates for the QA / Test Engineer role in the technology hardware, storage & peripherals space. Skills typically asked for this role: java, sql, git, rest api. This is a sample role built from typical industry requirements, not a confirmed vacancy. Check the company's careers page for the real opening.|8
seed:4f69abc89271bde6|Hilton Worldwide|Management Trainee|FULL_TIME|Multiple locations|Remote|4-7 Lacs PA|0-1 Yrs|sales,communication,excel,business analysis,supply chain|Hilton Worldwide is looking for fresh graduates and early-career candidates for the Management Trainee role in the hotels, resorts & cruise lines space. Skills typically asked for this role: sales, communication, excel, business analysis, supply chain. This is a sample role built from typical industry requirements, not a confirmed vacancy. Check the company's careers page for the real opening.|7
seed:610759f89f8b4ef5|Hilton Worldwide|Software Engineer|FULL_TIME|Multiple locations|Remote|4-6 Lacs PA|0-2 Yrs|java,python,sql,react,git|Hilton Worldwide is looking for fresh graduates and early-career candidates for the Software Engineer role in the hotels, resorts & cruise lines space. Skills typically asked for this role: java, python, sql, react, git. This is a sample role built from typical industry requirements, not a confirmed vacancy. Check the company's careers page for the real opening.|6
seed:1364f5e9b463e3cf|Hindalco Industries|R&D Chemist|FULL_TIME|Kolkata|Onsite|3-5 Lacs PA|0-2 Yrs|research,lab techniques,spectroscopy,quality control|Hindalco Industries is looking for fresh graduates and early-career candidates for the R&D Chemist role in the metals and mining space. Skills typically asked for this role: research, lab techniques, spectroscopy, quality control. This is a sample role built from typical industry requirements, not a confirmed vacancy. Check the company's careers page for the real opening.|2
seed:3241ce68c4ca8313|Hindalco Industries|Plant Intern|INTERNSHIP|Hyderabad, Pune|Onsite|₹10,000 / month|Internship|process design,quality control,excel|Hindalco Industries is looking for fresh graduates and early-career candidates for the Plant Intern role in the metals and mining space. Skills typically asked for this role: process design, quality control, excel. This is a sample role built from typical industry requirements, not a confirmed vacancy. Check the company's careers page for the real opening.|9
seed:5ca044206ebff55d|Hindustan Aeronautics|Design Engineer|FULL_TIME|Pune, Noida|Onsite|3-6 Lacs PA|0-2 Yrs|autocad,solidworks,catia,cad,ansys|Hindustan Aeronautics is looking for fresh graduates and early-career candidates for the Design Engineer role in the aerospace and defence space. Skills typically asked for this role: autocad, solidworks, catia, cad, ansys. This is a sample role built from typical industry requirements, not a confirmed vacancy. Check the company's careers page for the real opening.|6
seed:61078addc85e8faa|Hindustan Aeronautics|Electrical Engineer Trainee|FULL_TIME|Noida|Hybrid|3-7 Lacs PA|0-2 Yrs|plc,scada,matlab,autocad,embedded c|Hindustan Aeronautics is looking for fresh graduates and early-career candidates for the Electrical Engineer Trainee role in the aerospace and defence space. Skills typically asked for this role: plc, scada, matlab, autocad, embedded c. This is a sample role built from typical industry requirements, not a confirmed vacancy. Check the company's careers page for the real opening.|11
seed:7995b57b0f5273bb|Hindustan Unilever|Marketing Intern|INTERNSHIP|Kochi, Delhi NCR|Hybrid|₹8,000 / month|Internship|digital marketing,seo,content writing,communication|Hindustan Unilever is looking for fresh graduates and early-career candidates for the Marketing Intern role in the consumer goods space. Skills typically asked for this role: digital marketing, seo, content writing, communication. This is a sample role built from typical industry requirements, not a confirmed vacancy. Check the company's careers page for the real opening.|6
seed:a9ca84e87b76328b|Hindustan Unilever|Business Analyst|FULL_TIME|Gurugram|Hybrid|4-7 Lacs PA|0-2 Yrs|sql,excel,power bi,business analysis,communication|Hindustan Unilever is looking for fresh graduates and early-career candidates for the Business Analyst role in the consumer goods space. Skills typically asked for this role: sql, excel, power bi, business analysis, communication. This is a sample role built from typical industry requirements, not a confirmed vacancy. Check the company's careers page for the real opening.|12
seed:8d983520bac8925f|Home Depot (The)|Supply Chain Analyst|FULL_TIME|Multiple locations|Remote|3-7 Lacs PA|0-2 Yrs|supply chain,excel,sql,sap,business analysis|Home Depot (The) is looking for fresh graduates and early-career candidates for the Supply Chain Analyst role in the home improvement retail space. Skills typically asked for this role: supply chain, excel, sql, sap, business analysis. This is a sample role built from typical industry requirements, not a confirmed vacancy. Check the company's careers page for the real opening.|3
seed:dab3b2bc2c80d2b8|Home Depot (The)|Digital Marketing Executive|FULL_TIME|Multiple locations|Remote|1-3 Lacs PA|0-2 Yrs|digital marketing,seo,content writing,excel,communication|Home Depot (The) is looking for fresh graduates and early-career candidates for the Digital Marketing Executive role in the home improvement retail space. Skills typically asked for this role: digital marketing, seo, content writing, excel, communication. This is a sample role built from typical industry requirements, not a confirmed vacancy. Check the company's careers page for the real opening.|6
seed:259088fe1dd304d1|Honeywell Aerospace|Production Engineer|FULL_TIME|Multiple locations|Onsite|3-6 Lacs PA|0-2 Yrs|lean manufacturing,six sigma,quality control,cnc,cad|Honeywell Aerospace is looking for fresh graduates and early-career candidates for the Production Engineer role in the aerospace & defense space. Skills typically asked for this role: lean manufacturing, six sigma, quality control, cnc, cad. This is a sample role built from typical industry requirements, not a confirmed vacancy. Check the company's careers page for the real opening.|11
seed:fa9ddba20bc9166f|Honeywell Aerospace|Electrical Engineer Trainee|FULL_TIME|Multiple locations|Remote|3-7 Lacs PA|0-2 Yrs|plc,scada,matlab,autocad,embedded c|Honeywell Aerospace is looking for fresh graduates and early-career candidates for the Electrical Engineer Trainee role in the aerospace & defense space. Skills typically asked for this role: plc, scada, matlab, autocad, embedded c. This is a sample role built from typical industry requirements, not a confirmed vacancy. Check the company's careers page for the real opening.|6
seed:ea541a4a5b692732|Honeywell Technologies|Design Engineer|FULL_TIME|Multiple locations|Hybrid|3-6 Lacs PA|0-2 Yrs|autocad,solidworks,catia,cad,ansys|Honeywell Technologies is looking for fresh graduates and early-career candidates for the Design Engineer role in the industrial conglomerates space. Skills typically asked for this role: autocad, solidworks, catia, cad, ansys. This is a sample role built from typical industry requirements, not a confirmed vacancy. Check the company's careers page for the real opening.|4
seed:08cb2ba4ffbc419b|Honeywell Technologies|Production Engineer|FULL_TIME|Multiple locations|Hybrid|4-7 Lacs PA|0-2 Yrs|lean manufacturing,six sigma,quality control,cnc,cad|Honeywell Technologies is looking for fresh graduates and early-career candidates for the Production Engineer role in the industrial conglomerates space. Skills typically asked for this role: lean manufacturing, six sigma, quality control, cnc, cad. This is a sample role built from typical industry requirements, not a confirmed vacancy. Check the company's careers page for the real opening.|3
seed:69e45113c864be47|Hormel Foods|Supply Chain Analyst|FULL_TIME|Multiple locations|Remote|4-8 Lacs PA|0-2 Yrs|supply chain,excel,sql,sap,business analysis|Hormel Foods is looking for fresh graduates and early-career candidates for the Supply Chain Analyst role in the packaged foods & meats space. Skills typically asked for this role: supply chain, excel, sql, sap, business analysis. This is a sample role built from typical industry requirements, not a confirmed vacancy. Check the company's careers page for the real opening.|11
seed:e9bc0f87d9fff028|Hormel Foods|Marketing Intern|INTERNSHIP|Multiple locations|Onsite|₹12,000 / month|Internship|digital marketing,seo,content writing,communication|Hormel Foods is looking for fresh graduates and early-career candidates for the Marketing Intern role in the packaged foods & meats space. Skills typically asked for this role: digital marketing, seo, content writing, communication. This is a sample role built from typical industry requirements, not a confirmed vacancy. Check the company's careers page for the real opening.|10
seed:0b47e970b1579a4c|Host Hotels & Resorts|Sales Executive|FULL_TIME|Multiple locations|Onsite|2-5 Lacs PA|0-2 Yrs|sales,communication,excel|Host Hotels & Resorts is looking for fresh graduates and early-career candidates for the Sales Executive role in the hotel & resort reits space. Skills typically asked for this role: sales, communication, excel. This is a sample role built from typical industry requirements, not a confirmed vacancy. Check the company's careers page for the real opening.|4
seed:ab7613345049e377|Host Hotels & Resorts|Planning Engineer|FULL_TIME|Multiple locations|Remote|4-8 Lacs PA|0-2 Yrs|project management,autocad,excel,revit|Host Hotels & Resorts is looking for fresh graduates and early-career candidates for the Planning Engineer role in the hotel & resort reits space. Skills typically asked for this role: project management, autocad, excel, revit. This is a sample role built from typical industry requirements, not a confirmed vacancy. Check the company's careers page for the real opening.|11
seed:2d50d56b40e9e8f3|Howmet Aerospace|Supply Chain Analyst|FULL_TIME|Multiple locations|Hybrid|3-5 Lacs PA|0-2 Yrs|supply chain,excel,sql,sap,business analysis|Howmet Aerospace is looking for fresh graduates and early-career candidates for the Supply Chain Analyst role in the aerospace & defense space. Skills typically asked for this role: supply chain, excel, sql, sap, business analysis. This is a sample role built from typical industry requirements, not a confirmed vacancy. Check the company's careers page for the real opening.|8
seed:538e11d529b56c80|Howmet Aerospace|Design Engineer|FULL_TIME|Multiple locations|Remote|2-5 Lacs PA|0-2 Yrs|autocad,solidworks,catia,cad,ansys|Howmet Aerospace is looking for fresh graduates and early-career candidates for the Design Engineer role in the aerospace & defense space. Skills typically asked for this role: autocad, solidworks, catia, cad, ansys. This is a sample role built from typical industry requirements, not a confirmed vacancy. Check the company's careers page for the real opening.|4
seed:d6405f23b4155be7|Hubbell Incorporated|Civil Site Engineer|FULL_TIME|Multiple locations|Onsite|2-5 Lacs PA|0-2 Yrs|autocad,revit,staad pro,project management|Hubbell Incorporated is looking for fresh graduates and early-career candidates for the Civil Site Engineer role in the industrial machinery & supplies & components space. Skills typically asked for this role: autocad, revit, staad pro, project management. This is a sample role built from typical industry requirements, not a confirmed vacancy. Check the company's careers page for the real opening.|14
seed:cb5b4281c5c0b1cc|Hubbell Incorporated|Electrical Engineer Trainee|FULL_TIME|Multiple locations|Hybrid|2-4 Lacs PA|0-2 Yrs|plc,scada,matlab,autocad,embedded c|Hubbell Incorporated is looking for fresh graduates and early-career candidates for the Electrical Engineer Trainee role in the industrial machinery & supplies & components space. Skills typically asked for this role: plc, scada, matlab, autocad, embedded c. This is a sample role built from typical industry requirements, not a confirmed vacancy. Check the company's careers page for the real opening.|3
seed:496dcb4fe40663d7|Humana|Data Analyst (Healthcare)|FULL_TIME|Multiple locations|Remote|3-6 Lacs PA|0-2 Yrs|sql,excel,statistics,python,power bi|Humana is looking for fresh graduates and early-career candidates for the Data Analyst (Healthcare) role in the managed health care space. Skills typically asked for this role: sql, excel, statistics, python, power bi. This is a sample role built from typical industry requirements, not a confirmed vacancy. Check the company's careers page for the real opening.|3
seed:32b5526a81e6b659|Humana|Research Intern|INTERNSHIP|Multiple locations|Hybrid|₹25,000 / month|Internship|research,lab techniques,statistics|Humana is looking for fresh graduates and early-career candidates for the Research Intern role in the managed health care space. Skills typically asked for this role: research, lab techniques, statistics. This is a sample role built from typical industry requirements, not a confirmed vacancy. Check the company's careers page for the real opening.|4
seed:a72e4e4eae5af12d|Huntington Bancshares|Software Engineer (Banking Tech)|FULL_TIME|Multiple locations|Remote|4-8 Lacs PA|0-2 Yrs|java,sql,spring boot,rest api,git|Huntington Bancshares is looking for fresh graduates and early-career candidates for the Software Engineer (Banking Tech) role in the regional banks space. Skills typically asked for this role: java, sql, spring boot, rest api, git. This is a sample role built from typical industry requirements, not a confirmed vacancy. Check the company's careers page for the real opening.|6
seed:80ac1508072691c5|Huntington Bancshares|Management Trainee|FULL_TIME|Multiple locations|Remote|4-8 Lacs PA|0-1 Yrs|communication,excel,sales,business analysis|Huntington Bancshares is looking for fresh graduates and early-career candidates for the Management Trainee role in the regional banks space. Skills typically asked for this role: communication, excel, sales, business analysis. This is a sample role built from typical industry requirements, not a confirmed vacancy. Check the company's careers page for the real opening.|14
seed:51fd543b56e01a85|Huntington Ingalls Industries|Design Engineer|FULL_TIME|Multiple locations|Hybrid|2-6 Lacs PA|0-2 Yrs|autocad,solidworks,catia,cad,ansys|Huntington Ingalls Industries is looking for fresh graduates and early-career candidates for the Design Engineer role in the aerospace & defense space. Skills typically asked for this role: autocad, solidworks, catia, cad, ansys. This is a sample role built from typical industry requirements, not a confirmed vacancy. Check the company's careers page for the real opening.|9
seed:4bff1e5f3c07e7cf|Huntington Ingalls Industries|Embedded Software Engineer|FULL_TIME|Multiple locations|Onsite|4-7 Lacs PA|0-2 Yrs|embedded c,c++,iot,arduino,linux|Huntington Ingalls Industries is looking for fresh graduates and early-career candidates for the Embedded Software Engineer role in the aerospace & defense space. Skills typically asked for this role: embedded c, c++, iot, arduino, linux. This is a sample role built from typical industry requirements, not a confirmed vacancy. Check the company's careers page for the real opening.|1
seed:99abcec92aee066a|IBM|Software Engineer Trainee|FULL_TIME|Multiple locations|Onsite|3-6 Lacs PA|0-1 Yrs|java,sql,data structures,git,rest api|IBM is looking for fresh graduates and early-career candidates for the Software Engineer Trainee role in the it consulting & other services space. Skills typically asked for this role: java, sql, data structures, git, rest api. This is a sample role built from typical industry requirements, not a confirmed vacancy. Check the company's careers page for the real opening.|1
seed:a6f693b316fdb050|IBM|Frontend Developer|FULL_TIME|Multiple locations|Onsite|2-4 Lacs PA|0-2 Yrs|javascript,typescript,react,html,css,git|IBM is looking for fresh graduates and early-career candidates for the Frontend Developer role in the it consulting & other services space. Skills typically asked for this role: javascript, typescript, react, html, css, git. This is a sample role built from typical industry requirements, not a confirmed vacancy. Check the company's careers page for the real opening.|2
seed:3c39ee6383f2d600|IBM|Full Stack Developer|FULL_TIME|Multiple locations|Onsite|4-8 Lacs PA|0-2 Yrs|javascript,react,node.js,html,css,mongodb,git|IBM is looking for fresh graduates and early-career candidates for the Full Stack Developer role in the it consulting & other services space. Skills typically asked for this role: javascript, react, node.js, html, css, mongodb, git. This is a sample role built from typical industry requirements, not a confirmed vacancy. Check the company's careers page for the real opening.|12
seed:fdfe3663bae34a7c|ICICI Bank|Finance Intern|INTERNSHIP|Mumbai, Chennai, Ahmedabad|Onsite|₹25,000 / month|Internship|excel,accounting,financial modeling,communication|ICICI Bank is looking for fresh graduates and early-career candidates for the Finance Intern role in the banking space. Skills typically asked for this role: excel, accounting, financial modeling, communication. This is a sample role built from typical industry requirements, not a confirmed vacancy. Check the company's careers page for the real opening.|10
seed:4d7277c728d74ff2|ICICI Bank|Operations Executive|FULL_TIME|Ahmedabad, Hyderabad|Onsite|2-6 Lacs PA|0-2 Yrs|excel,communication,accounting,tally,gst|ICICI Bank is looking for fresh graduates and early-career candidates for the Operations Executive role in the banking space. Skills typically asked for this role: excel, communication, accounting, tally, gst. This is a sample role built from typical industry requirements, not a confirmed vacancy. Check the company's careers page for the real opening.|11
seed:d2a4917a8df109db|IDEX Corporation|Civil Site Engineer|FULL_TIME|Multiple locations|Hybrid|2-5 Lacs PA|0-2 Yrs|autocad,revit,staad pro,project management|IDEX Corporation is looking for fresh graduates and early-career candidates for the Civil Site Engineer role in the industrial machinery & supplies & components space. Skills typically asked for this role: autocad, revit, staad pro, project management. This is a sample role built from typical industry requirements, not a confirmed vacancy. Check the company's careers page for the real opening.|2
seed:57c0a1efe4ca8972|IDEX Corporation|Supply Chain Analyst|FULL_TIME|Multiple locations|Remote|3-6 Lacs PA|0-2 Yrs|supply chain,excel,sql,sap,business analysis|IDEX Corporation is looking for fresh graduates and early-career candidates for the Supply Chain Analyst role in the industrial machinery & supplies & components space. Skills typically asked for this role: supply chain, excel, sql, sap, business analysis. This is a sample role built from typical industry requirements, not a confirmed vacancy. Check the company's careers page for the real opening.|7
seed:a108fd57313b1fac|IQVIA|Research Intern|INTERNSHIP|Multiple locations|Hybrid|₹10,000 / month|Internship|research,lab techniques,statistics|IQVIA is looking for fresh graduates and early-career candidates for the Research Intern role in the life sciences tools & services space. Skills typically asked for this role: research, lab techniques, statistics. This is a sample role built from typical industry requirements, not a confirmed vacancy. Check the company's careers page for the real opening.|5
seed:d0c0096da6e5f637|IQVIA|Research Associate|FULL_TIME|Multiple locations|Onsite|2-5 Lacs PA|0-2 Yrs|research,lab techniques,pcr,pharmacology|IQVIA is looking for fresh graduates and early-career candidates for the Research Associate role in the life sciences tools & services space. Skills typically asked for this role: research, lab techniques, pcr, pharmacology. This is a sample role built from typical industry requirements, not a confirmed vacancy. Check the company's careers page for the real opening.|0
seed:3770b7d1b6dac50f|ITC Limited|Digital Marketing Executive|FULL_TIME|Delhi NCR, Hyderabad|Onsite|2-5 Lacs PA|0-2 Yrs|digital marketing,seo,content writing,excel,communication|ITC Limited is looking for fresh graduates and early-career candidates for the Digital Marketing Executive role in the consumer goods space. Skills typically asked for this role: digital marketing, seo, content writing, excel, communication. This is a sample role built from typical industry requirements, not a confirmed vacancy. Check the company's careers page for the real opening.|14
seed:8bc162a7526763db|ITC Limited|Sales Executive|FULL_TIME|Kochi|Onsite|3-6 Lacs PA|0-2 Yrs|sales,communication,excel|ITC Limited is looking for fresh graduates and early-career candidates for the Sales Executive role in the consumer goods space. Skills typically asked for this role: sales, communication, excel. This is a sample role built from typical industry requirements, not a confirmed vacancy. Check the company's careers page for the real opening.|2
seed:f1fb309193c1a177|Idexx Laboratories|Data Analyst (Healthcare)|FULL_TIME|Multiple locations|Remote|3-7 Lacs PA|0-2 Yrs|sql,excel,statistics,python,power bi|Idexx Laboratories is looking for fresh graduates and early-career candidates for the Data Analyst (Healthcare) role in the health care equipment space. Skills typically asked for this role: sql, excel, statistics, python, power bi. This is a sample role built from typical industry requirements, not a confirmed vacancy. Check the company's careers page for the real opening.|7
seed:ae67f12a7f1e6c5e|Idexx Laboratories|Research Associate|FULL_TIME|Multiple locations|Onsite|1-3 Lacs PA|0-2 Yrs|research,lab techniques,pcr,pharmacology|Idexx Laboratories is looking for fresh graduates and early-career candidates for the Research Associate role in the health care equipment space. Skills typically asked for this role: research, lab techniques, pcr, pharmacology. This is a sample role built from typical industry requirements, not a confirmed vacancy. Check the company's careers page for the real opening.|14
seed:9b018d780a0813fb|Illinois Tool Works|Graduate Engineer Trainee|FULL_TIME|Multiple locations|Remote|3-6 Lacs PA|0-1 Yrs|autocad,solidworks,matlab,project management,quality control|Illinois Tool Works is looking for fresh graduates and early-career candidates for the Graduate Engineer Trainee role in the industrial machinery & supplies & components space. Skills typically asked for this role: autocad, solidworks, matlab, project management, quality control. This is a sample role built from typical industry requirements, not a confirmed vacancy. Check the company's careers page for the real opening.|11
seed:8a161628b6d32711|Illinois Tool Works|Supply Chain Analyst|FULL_TIME|Multiple locations|Hybrid|2-4 Lacs PA|0-2 Yrs|supply chain,excel,sql,sap,business analysis|Illinois Tool Works is looking for fresh graduates and early-career candidates for the Supply Chain Analyst role in the industrial machinery & supplies & components space. Skills typically asked for this role: supply chain, excel, sql, sap, business analysis. This is a sample role built from typical industry requirements, not a confirmed vacancy. Check the company's careers page for the real opening.|13
seed:3710f0d61ff3dc5c|Illumina, Inc.|Quality Control Analyst|FULL_TIME|Multiple locations|Remote|3-6 Lacs PA|0-2 Yrs|quality control,lab techniques,spectroscopy,research|Illumina, Inc. is looking for fresh graduates and early-career candidates for the Quality Control Analyst role in the life sciences tools & services space. Skills typically asked for this role: quality control, lab techniques, spectroscopy, research. This is a sample role built from typical industry requirements, not a confirmed vacancy. Check the company's careers page for the real opening.|7
seed:7a69a9a6eba1e04e|Illumina, Inc.|Clinical Research Associate|FULL_TIME|Multiple locations|Remote|3-6 Lacs PA|0-2 Yrs|clinical research,research,statistics,communication|Illumina, Inc. is looking for fresh graduates and early-career candidates for the Clinical Research Associate role in the life sciences tools & services space. Skills typically asked for this role: clinical research, research, statistics, communication. This is a sample role built from typical industry requirements, not a confirmed vacancy. Check the company's careers page for the real opening.|5
seed:855c6cc40ab38152|Incyte|Clinical Research Associate|FULL_TIME|Multiple locations|Onsite|3-6 Lacs PA|0-2 Yrs|clinical research,research,statistics,communication|Incyte is looking for fresh graduates and early-career candidates for the Clinical Research Associate role in the biotechnology space. Skills typically asked for this role: clinical research, research, statistics, communication. This is a sample role built from typical industry requirements, not a confirmed vacancy. Check the company's careers page for the real opening.|1
seed:bc86cbfd3d29f309|Incyte|Research Associate|FULL_TIME|Multiple locations|Remote|3-5 Lacs PA|0-2 Yrs|research,lab techniques,pcr,pharmacology|Incyte is looking for fresh graduates and early-career candidates for the Research Associate role in the biotechnology space. Skills typically asked for this role: research, lab techniques, pcr, pharmacology. This is a sample role built from typical industry requirements, not a confirmed vacancy. Check the company's careers page for the real opening.|3
seed:529d42a21b2ae470|Ingersoll Rand|Electrical Engineer Trainee|FULL_TIME|Multiple locations|Remote|3-6 Lacs PA|0-2 Yrs|plc,scada,matlab,autocad,embedded c|Ingersoll Rand is looking for fresh graduates and early-career candidates for the Electrical Engineer Trainee role in the industrial machinery & supplies & components space. Skills typically asked for this role: plc, scada, matlab, autocad, embedded c. This is a sample role built from typical industry requirements, not a confirmed vacancy. Check the company's careers page for the real opening.|8
seed:4dfa4207bc79a8ff|Ingersoll Rand|Civil Site Engineer|FULL_TIME|Multiple locations|Hybrid|2-5 Lacs PA|0-2 Yrs|autocad,revit,staad pro,project management|Ingersoll Rand is looking for fresh graduates and early-career candidates for the Civil Site Engineer role in the industrial machinery & supplies & components space. Skills typically asked for this role: autocad, revit, staad pro, project management. This is a sample role built from typical industry requirements, not a confirmed vacancy. Check the company's careers page for the real opening.|8
seed:ca92c51f218d6a21|Insulet Corporation|Research Associate|FULL_TIME|Multiple locations|Hybrid|1-5 Lacs PA|0-2 Yrs|research,lab techniques,pcr,pharmacology|Insulet Corporation is looking for fresh graduates and early-career candidates for the Research Associate role in the health care equipment space. Skills typically asked for this role: research, lab techniques, pcr, pharmacology. This is a sample role built from typical industry requirements, not a confirmed vacancy. Check the company's careers page for the real opening.|5
seed:3497338214ab487e|Insulet Corporation|Clinical Research Associate|FULL_TIME|Multiple locations|Remote|3-5 Lacs PA|0-2 Yrs|clinical research,research,statistics,communication|Insulet Corporation is looking for fresh graduates and early-career candidates for the Clinical Research Associate role in the health care equipment space. Skills typically asked for this role: clinical research, research, statistics, communication. This is a sample role built from typical industry requirements, not a confirmed vacancy. Check the company's careers page for the real opening.|7
seed:fda7c9e6c4dabd26|Intel|QA / Test Engineer|FULL_TIME|Multiple locations|Onsite|2-4 Lacs PA|0-2 Yrs|java,sql,git,rest api|Intel is looking for fresh graduates and early-career candidates for the QA / Test Engineer role in the semiconductors space. Skills typically asked for this role: java, sql, git, rest api. This is a sample role built from typical industry requirements, not a confirmed vacancy. Check the company's careers page for the real opening.|4
seed:61f8b40de4327409|Intel|Software Engineer Trainee|FULL_TIME|Multiple locations|Hybrid|2-5 Lacs PA|0-1 Yrs|java,sql,data structures,git,rest api|Intel is looking for fresh graduates and early-career candidates for the Software Engineer Trainee role in the semiconductors space. Skills typically asked for this role: java, sql, data structures, git, rest api. This is a sample role built from typical industry requirements, not a confirmed vacancy. Check the company's careers page for the real opening.|5
seed:7118b5bd4cec7cb9|Intel|Full Stack Developer|FULL_TIME|Multiple locations|Remote|5-8 Lacs PA|0-2 Yrs|javascript,react,node.js,html,css,mongodb,git|Intel is looking for fresh graduates and early-career candidates for the Full Stack Developer role in the semiconductors space. Skills typically asked for this role: javascript, react, node.js, html, css, mongodb, git. This is a sample role built from typical industry requirements, not a confirmed vacancy. Check the company's careers page for the real opening.|12
seed:52691cf070938e64|Interactive Brokers|Software Engineer (Banking Tech)|FULL_TIME|Multiple locations|Remote|4-7 Lacs PA|0-2 Yrs|java,sql,spring boot,rest api,git|Interactive Brokers is looking for fresh graduates and early-career candidates for the Software Engineer (Banking Tech) role in the investment banking & brokerage space. Skills typically asked for this role: java, sql, spring boot, rest api, git. This is a sample role built from typical industry requirements, not a confirmed vacancy. Check the company's careers page for the real opening.|8
seed:69c065837a12bd0d|Interactive Brokers|Business Analyst|FULL_TIME|Multiple locations|Onsite|4-6 Lacs PA|0-2 Yrs|sql,excel,business analysis,power bi,communication|Interactive Brokers is looking for fresh graduates and early-career candidates for the Business Analyst role in the investment banking & brokerage space. Skills typically asked for this role: sql, excel, business analysis, power bi, communication. This is a sample role built from typical industry requirements, not a confirmed vacancy. Check the company's careers page for the real opening.|0
seed:58238484e9b364f5|Intercontinental Exchange|Operations Executive|FULL_TIME|Multiple locations|Remote|1-5 Lacs PA|0-2 Yrs|excel,communication,accounting,tally,gst|Intercontinental Exchange is looking for fresh graduates and early-career candidates for the Operations Executive role in the financial exchanges & data space. Skills typically asked for this role: excel, communication, accounting, tally, gst. This is a sample role built from typical industry requirements, not a confirmed vacancy. Check the company's careers page for the real opening.|0
seed:4b6a98169d32f98a|Intercontinental Exchange|Software Engineer (Banking Tech)|FULL_TIME|Multiple locations|Remote|4-6 Lacs PA|0-2 Yrs|java,sql,spring boot,rest api,git|Intercontinental Exchange is looking for fresh graduates and early-career candidates for the Software Engineer (Banking Tech) role in the financial exchanges & data space. Skills typically asked for this role: java, sql, spring boot, rest api, git. This is a sample role built from typical industry requirements, not a confirmed vacancy. Check the company's careers page for the real opening.|7
seed:eb96339ec120d700|International Flavors & Fragrances|Quality Engineer|FULL_TIME|Multiple locations|Remote|4-7 Lacs PA|0-2 Yrs|quality control,six sigma,lean manufacturing,excel|International Flavors & Fragrances is looking for fresh graduates and early-career candidates for the Quality Engineer role in the specialty chemicals space. Skills typically asked for this role: quality control, six sigma, lean manufacturing, excel. This is a sample role built from typical industry requirements, not a confirmed vacancy. Check the company's careers page for the real opening.|13
seed:20f47e42bda88552|International Flavors & Fragrances|Supply Chain Executive|FULL_TIME|Multiple locations|Hybrid|3-5 Lacs PA|0-2 Yrs|supply chain,excel,sap,communication|International Flavors & Fragrances is looking for fresh graduates and early-career candidates for the Supply Chain Executive role in the specialty chemicals space. Skills typically asked for this role: supply chain, excel, sap, communication. This is a sample role built from typical industry requirements, not a confirmed vacancy. Check the company's careers page for the real opening.|9
seed:26bea756a5654a2f|International Paper|R&D Chemist|FULL_TIME|Multiple locations|Onsite|2-5 Lacs PA|0-2 Yrs|research,lab techniques,spectroscopy,quality control|International Paper is looking for fresh graduates and early-career candidates for the R&D Chemist role in the paper & plastic packaging products & materials space. Skills typically asked for this role: research, lab techniques, spectroscopy, quality control. This is a sample role built from typical industry requirements, not a confirmed vacancy. Check the company's careers page for the real opening.|5
seed:18360d7b7fc72960|International Paper|Process Engineer Trainee|FULL_TIME|Multiple locations|Remote|4-7 Lacs PA|0-2 Yrs|process design,thermodynamics,quality control,six sigma|International Paper is looking for fresh graduates and early-career candidates for the Process Engineer Trainee role in the paper & plastic packaging products & materials space. Skills typically asked for this role: process design, thermodynamics, quality control, six sigma. This is a sample role built from typical industry requirements, not a confirmed vacancy. Check the company's careers page for the real opening.|0
seed:e4285dbba2c55d80|Intuit|Software Development Intern|INTERNSHIP|Multiple locations|Onsite|₹25,000 / month|Internship|python,java,data structures,git|Intuit is looking for fresh graduates and early-career candidates for the Software Development Intern role in the application software space. Skills typically asked for this role: python, java, data structures, git. This is a sample role built from typical industry requirements, not a confirmed vacancy. Check the company's careers page for the real opening.|0
seed:81bc7fac47f0f58a|Intuit|Frontend Developer|FULL_TIME|Multiple locations|Onsite|3-6 Lacs PA|0-2 Yrs|javascript,typescript,react,html,css,git|Intuit is looking for fresh graduates and early-career candidates for the Frontend Developer role in the application software space. Skills typically asked for this role: javascript, typescript, react, html, css, git. This is a sample role built from typical industry requirements, not a confirmed vacancy. Check the company's careers page for the real opening.|12
seed:ded684decbaf7e20|Intuit|QA / Test Engineer|FULL_TIME|Multiple locations|Hybrid|4-7 Lacs PA|0-2 Yrs|java,sql,git,rest api|Intuit is looking for fresh graduates and early-career candidates for the QA / Test Engineer role in the application software space. Skills typically asked for this role: java, sql, git, rest api. This is a sample role built from typical industry requirements, not a confirmed vacancy. Check the company's careers page for the real opening.|2
seed:5c652a466464642b|Intuitive Surgical|Medical Representative Trainee|FULL_TIME|Multiple locations|Onsite|1-3 Lacs PA|0-1 Yrs|sales,communication,pharmacology|Intuitive Surgical is looking for fresh graduates and early-career candidates for the Medical Representative Trainee role in the health care equipment space. Skills typically asked for this role: sales, communication, pharmacology. This is a sample role built from typical industry requirements, not a confirmed vacancy. Check the company's careers page for the real opening.|12
seed:9a2a717c07923a11|Intuitive Surgical|Research Associate|FULL_TIME|Multiple locations|Onsite|2-5 Lacs PA|0-2 Yrs|research,lab techniques,pcr,pharmacology|Intuitive Surgical is looking for fresh graduates and early-career candidates for the Research Associate role in the health care equipment space. Skills typically asked for this role: research, lab techniques, pcr, pharmacology. This is a sample role built from typical industry requirements, not a confirmed vacancy. Check the company's careers page for the real opening.|7
seed:5297cb201c64959a|Invesco|Management Trainee|FULL_TIME|Multiple locations|Onsite|3-6 Lacs PA|0-1 Yrs|communication,excel,sales,business analysis|Invesco is looking for fresh graduates and early-career candidates for the Management Trainee role in the asset management & custody banks space. Skills typically asked for this role: communication, excel, sales, business analysis. This is a sample role built from typical industry requirements, not a confirmed vacancy. Check the company's careers page for the real opening.|1
seed:6c39e288927ea49b|Invesco|Business Analyst|FULL_TIME|Multiple locations|Onsite|4-6 Lacs PA|0-2 Yrs|sql,excel,business analysis,power bi,communication|Invesco is looking for fresh graduates and early-career candidates for the Business Analyst role in the asset management & custody banks space. Skills typically asked for this role: sql, excel, business analysis, power bi, communication. This is a sample role built from typical industry requirements, not a confirmed vacancy. Check the company's careers page for the real opening.|12
seed:3fe279a398b01d84|Invitation Homes|Planning Engineer|FULL_TIME|Multiple locations|Onsite|3-6 Lacs PA|0-2 Yrs|project management,autocad,excel,revit|Invitation Homes is looking for fresh graduates and early-career candidates for the Planning Engineer role in the single-family residential reits space. Skills typically asked for this role: project management, autocad, excel, revit. This is a sample role built from typical industry requirements, not a confirmed vacancy. Check the company's careers page for the real opening.|11
seed:07a09848207c437e|Invitation Homes|Business Analyst|FULL_TIME|Multiple locations|Onsite|4-6 Lacs PA|0-2 Yrs|excel,financial modeling,sql,business analysis|Invitation Homes is looking for fresh graduates and early-career candidates for the Business Analyst role in the single-family residential reits space. Skills typically asked for this role: excel, financial modeling, sql, business analysis. This is a sample role built from typical industry requirements, not a confirmed vacancy. Check the company's careers page for the real opening.|10
seed:169a4a7b271093eb|Iron Mountain|Sales Executive|FULL_TIME|Multiple locations|Remote|2-5 Lacs PA|0-2 Yrs|sales,communication,excel|Iron Mountain is looking for fresh graduates and early-career candidates for the Sales Executive role in the other specialized reits space. Skills typically asked for this role: sales, communication, excel. This is a sample role built from typical industry requirements, not a confirmed vacancy. Check the company's careers page for the real opening.|6
seed:2854ec137cb8e98a|Iron Mountain|Business Analyst|FULL_TIME|Multiple locations|Onsite|3-5 Lacs PA|0-2 Yrs|excel,financial modeling,sql,business analysis|Iron Mountain is looking for fresh graduates and early-career candidates for the Business Analyst role in the other specialized reits space. Skills typically asked for this role: excel, financial modeling, sql, business analysis. This is a sample role built from typical industry requirements, not a confirmed vacancy. Check the company's careers page for the real opening.|4
seed:1651bc7af572c931|J.B. Hunt|Design Engineer|FULL_TIME|Multiple locations|Hybrid|4-8 Lacs PA|0-2 Yrs|autocad,solidworks,catia,cad,ansys|J.B. Hunt is looking for fresh graduates and early-career candidates for the Design Engineer role in the cargo ground transportation space. Skills typically asked for this role: autocad, solidworks, catia, cad, ansys. This is a sample role built from typical industry requirements, not a confirmed vacancy. Check the company's careers page for the real opening.|1
seed:11b260302ed0c6ba|J.B. Hunt|Engineering Intern|INTERNSHIP|Multiple locations|Onsite|₹15,000 / month|Internship|autocad,matlab,solidworks,communication|J.B. Hunt is looking for fresh graduates and early-career candidates for the Engineering Intern role in the cargo ground transportation space. Skills typically asked for this role: autocad, matlab, solidworks, communication. This is a sample role built from typical industry requirements, not a confirmed vacancy. Check the company's careers page for the real opening.|0
seed:1145394895aee930|J.M. Smucker Company (The)|Marketing Intern|INTERNSHIP|Multiple locations|Hybrid|₹10,000 / month|Internship|digital marketing,seo,content writing,communication|J.M. Smucker Company (The) is looking for fresh graduates and early-career candidates for the Marketing Intern role in the packaged foods & meats space. Skills typically asked for this role: digital marketing, seo, content writing, communication. This is a sample role built from typical industry requirements, not a confirmed vacancy. Check the company's careers page for the real opening.|7
seed:c081ce1bb2a35e04|J.M. Smucker Company (The)|Business Analyst|FULL_TIME|Multiple locations|Onsite|4-6 Lacs PA|0-2 Yrs|sql,excel,power bi,business analysis,communication|J.M. Smucker Company (The) is looking for fresh graduates and early-career candidates for the Business Analyst role in the packaged foods & meats space. Skills typically asked for this role: sql, excel, power bi, business analysis, communication. This is a sample role built from typical industry requirements, not a confirmed vacancy. Check the company's careers page for the real opening.|12
seed:6d42bf3dde171491|JPMorgan Chase|Software Engineer (Banking Tech)|FULL_TIME|Multiple locations|Hybrid|4-7 Lacs PA|0-2 Yrs|java,sql,spring boot,rest api,git|JPMorgan Chase is looking for fresh graduates and early-career candidates for the Software Engineer (Banking Tech) role in the diversified banks space. Skills typically asked for this role: java, sql, spring boot, rest api, git. This is a sample role built from typical industry requirements, not a confirmed vacancy. Check the company's careers page for the real opening.|13
seed:d9f2a68c9ce5e378|JPMorgan Chase|Management Trainee|FULL_TIME|Multiple locations|Remote|3-5 Lacs PA|0-1 Yrs|communication,excel,sales,business analysis|JPMorgan Chase is looking for fresh graduates and early-career candidates for the Management Trainee role in the diversified banks space. Skills typically asked for this role: communication, excel, sales, business analysis. This is a sample role built from typical industry requirements, not a confirmed vacancy. Check the company's careers page for the real opening.|3
seed:b4a1428b5a9deb7e|JSW Steel|Quality Engineer|FULL_TIME|Visakhapatnam, Delhi NCR, Pune|Hybrid|2-4 Lacs PA|0-2 Yrs|quality control,six sigma,lean manufacturing,excel|JSW Steel is looking for fresh graduates and early-career candidates for the Quality Engineer role in the metals and mining space. Skills typically asked for this role: quality control, six sigma, lean manufacturing, excel. This is a sample role built from typical industry requirements, not a confirmed vacancy. Check the company's careers page for the real opening.|4
seed:ec16ddff2be22faa|JSW Steel|Supply Chain Executive|FULL_TIME|Noida|Onsite|4-8 Lacs PA|0-2 Yrs|supply chain,excel,sap,communication|JSW Steel is looking for fresh graduates and early-career candidates for the Supply Chain Executive role in the metals and mining space. Skills typically asked for this role: supply chain, excel, sap, communication. This is a sample role built from typical industry requirements, not a confirmed vacancy. Check the company's careers page for the real opening.|5
seed:009a6a147a65cc63|Jabil|Frontend Developer|FULL_TIME|Multiple locations|Onsite|4-7 Lacs PA|0-2 Yrs|javascript,typescript,react,html,css,git|Jabil is looking for fresh graduates and early-career candidates for the Frontend Developer role in the electronic manufacturing services space. Skills typically asked for this role: javascript, typescript, react, html, css, git. This is a sample role built from typical industry requirements, not a confirmed vacancy. Check the company's careers page for the real opening.|2
seed:5e1e6ee4ec7ee2bb|Jabil|Software Development Intern|INTERNSHIP|Multiple locations|Onsite|₹8,000 / month|Internship|python,java,data structures,git|Jabil is looking for fresh graduates and early-career candidates for the Software Development Intern role in the electronic manufacturing services space. Skills typically asked for this role: python, java, data structures, git. This is a sample role built from typical industry requirements, not a confirmed vacancy. Check the company's careers page for the real opening.|2
seed:e5d9bdc57274c2bd|Jabil|Python Developer|FULL_TIME|Multiple locations|Remote|2-5 Lacs PA|0-2 Yrs|python,sql,rest api,git,pandas|Jabil is looking for fresh graduates and early-career candidates for the Python Developer role in the electronic manufacturing services space. Skills typically asked for this role: python, sql, rest api, git, pandas. This is a sample role built from typical industry requirements, not a confirmed vacancy. Check the company's careers page for the real opening.|10
seed:72a1bc4fa6421b1c|Jack Henry & Associates|Risk Analyst|FULL_TIME|Multiple locations|Onsite|4-7 Lacs PA|0-2 Yrs|excel,statistics,sql,python,financial modeling|Jack Henry & Associates is looking for fresh graduates and early-career candidates for the Risk Analyst role in the transaction & payment processing services space. Skills typically asked for this role: excel, statistics, sql, python, financial modeling. This is a sample role built from typical industry requirements, not a confirmed vacancy. Check the company's careers page for the real opening.|0
seed:d73e024ccf5c05dd|Jack Henry & Associates|Business Analyst|FULL_TIME|Multiple locations|Hybrid|5-7 Lacs PA|0-2 Yrs|sql,excel,business analysis,power bi,communication|Jack Henry & Associates is looking for fresh graduates and early-career candidates for the Business Analyst role in the transaction & payment processing services space. Skills typically asked for this role: sql, excel, business analysis, power bi, communication. This is a sample role built from typical industry requirements, not a confirmed vacancy. Check the company's careers page for the real opening.|3
seed:57a38388fd3fa21a|Jacobs Solutions|Graduate Engineer Trainee|FULL_TIME|Multiple locations|Hybrid|3-7 Lacs PA|0-1 Yrs|autocad,solidworks,matlab,project management,quality control|Jacobs Solutions is looking for fresh graduates and early-career candidates for the Graduate Engineer Trainee role in the construction & engineering space. Skills typically asked for this role: autocad, solidworks, matlab, project management, quality control. This is a sample role built from typical industry requirements, not a confirmed vacancy. Check the company's careers page for the real opening.|2
seed:3c89c83f2008b9c4|Jacobs Solutions|Design Engineer|FULL_TIME|Multiple locations|Remote|4-6 Lacs PA|0-2 Yrs|autocad,solidworks,catia,cad,ansys|Jacobs Solutions is looking for fresh graduates and early-career candidates for the Design Engineer role in the construction & engineering space. Skills typically asked for this role: autocad, solidworks, catia, cad, ansys. This is a sample role built from typical industry requirements, not a confirmed vacancy. Check the company's careers page for the real opening.|6
seed:3b0f48d4e03c5924|Johnson & Johnson|Quality Control Analyst|FULL_TIME|Multiple locations|Onsite|1-5 Lacs PA|0-2 Yrs|quality control,lab techniques,spectroscopy,research|Johnson & Johnson is looking for fresh graduates and early-career candidates for the Quality Control Analyst role in the pharmaceuticals space. Skills typically asked for this role: quality control, lab techniques, spectroscopy, research. This is a sample role built from typical industry requirements, not a confirmed vacancy. Check the company's careers page for the real opening.|4
seed:104aad4e0cebc41c|Johnson & Johnson|Clinical Research Associate|FULL_TIME|Multiple locations|Hybrid|2-5 Lacs PA|0-2 Yrs|clinical research,research,statistics,communication|Johnson & Johnson is looking for fresh graduates and early-career candidates for the Clinical Research Associate role in the pharmaceuticals space. Skills typically asked for this role: clinical research, research, statistics, communication. This is a sample role built from typical industry requirements, not a confirmed vacancy. Check the company's careers page for the real opening.|11
seed:b8c1a92d31911ff9|Johnson Controls|Graduate Engineer Trainee|FULL_TIME|Multiple locations|Hybrid|3-7 Lacs PA|0-1 Yrs|autocad,solidworks,matlab,project management,quality control|Johnson Controls is looking for fresh graduates and early-career candidates for the Graduate Engineer Trainee role in the building products space. Skills typically asked for this role: autocad, solidworks, matlab, project management, quality control. This is a sample role built from typical industry requirements, not a confirmed vacancy. Check the company's careers page for the real opening.|1
seed:d87a4672336ca6a6|Johnson Controls|Engineering Intern|INTERNSHIP|Multiple locations|Onsite|₹8,000 / month|Internship|autocad,matlab,solidworks,communication|Johnson Controls is looking for fresh graduates and early-career candidates for the Engineering Intern role in the building products space. Skills typically asked for this role: autocad, matlab, solidworks, communication. This is a sample role built from typical industry requirements, not a confirmed vacancy. Check the company's careers page for the real opening.|9
seed:0a6109a98d66559e|KKR & Co.|Software Engineer (Banking Tech)|FULL_TIME|Multiple locations|Onsite|4-7 Lacs PA|0-2 Yrs|java,sql,spring boot,rest api,git|KKR & Co. is looking for fresh graduates and early-career candidates for the Software Engineer (Banking Tech) role in the asset management & custody banks space. Skills typically asked for this role: java, sql, spring boot, rest api, git. This is a sample role built from typical industry requirements, not a confirmed vacancy. Check the company's careers page for the real opening.|1
seed:d1b0256c2f71f21a|KKR & Co.|Management Trainee|FULL_TIME|Multiple locations|Onsite|2-5 Lacs PA|0-1 Yrs|communication,excel,sales,business analysis|KKR & Co. is looking for fresh graduates and early-career candidates for the Management Trainee role in the asset management & custody banks space. Skills typically asked for this role: communication, excel, sales, business analysis. This is a sample role built from typical industry requirements, not a confirmed vacancy. Check the company's careers page for the real opening.|9
seed:42ce8940de202434|KLA Corporation|Full Stack Developer|FULL_TIME|Multiple locations|Hybrid|4-8 Lacs PA|0-2 Yrs|javascript,react,node.js,html,css,mongodb,git|KLA Corporation is looking for fresh graduates and early-career candidates for the Full Stack Developer role in the semiconductor materials & equipment space. Skills typically asked for this role: javascript, react, node.js, html, css, mongodb, git. This is a sample role built from typical industry requirements, not a confirmed vacancy. Check the company's careers page for the real opening.|5
seed:724bea108ffddfda|KLA Corporation|Data Analyst|FULL_TIME|Multiple locations|Onsite|3-7 Lacs PA|0-2 Yrs|sql,excel,python,power bi,statistics|KLA Corporation is looking for fresh graduates and early-career candidates for the Data Analyst role in the semiconductor materials & equipment space. Skills typically asked for this role: sql, excel, python, power bi, statistics. This is a sample role built from typical industry requirements, not a confirmed vacancy. Check the company's careers page for the real opening.|3
seed:cdf6dd7afbe56e16|KLA Corporation|QA / Test Engineer|FULL_TIME|Multiple locations|Onsite|2-4 Lacs PA|0-2 Yrs|java,sql,git,rest api|KLA Corporation is looking for fresh graduates and early-career candidates for the QA / Test Engineer role in the semiconductor materials & equipment space. Skills typically asked for this role: java, sql, git, rest api. This is a sample role built from typical industry requirements, not a confirmed vacancy. Check the company's careers page for the real opening.|0
seed:1c5df054ac90f1c9|Kenvue|Management Trainee|FULL_TIME|Multiple locations|Remote|4-8 Lacs PA|0-1 Yrs|sales,communication,excel,business analysis,supply chain|Kenvue is looking for fresh graduates and early-career candidates for the Management Trainee role in the personal care products space. Skills typically asked for this role: sales, communication, excel, business analysis, supply chain. This is a sample role built from typical industry requirements, not a confirmed vacancy. Check the company's careers page for the real opening.|9
seed:32a390b89f071d7f|Kenvue|Software Engineer|FULL_TIME|Multiple locations|Hybrid|4-8 Lacs PA|0-2 Yrs|java,python,sql,react,git|Kenvue is looking for fresh graduates and early-career candidates for the Software Engineer role in the personal care products space. Skills typically asked for this role: java, python, sql, react, git. This is a sample role built from typical industry requirements, not a confirmed vacancy. Check the company's careers page for the real opening.|5
seed:964ee6c5f3823f41|Keurig Dr Pepper|Supply Chain Analyst|FULL_TIME|Multiple locations|Onsite|2-6 Lacs PA|0-2 Yrs|supply chain,excel,sql,sap,business analysis|Keurig Dr Pepper is looking for fresh graduates and early-career candidates for the Supply Chain Analyst role in the soft drinks & non-alcoholic beverages space. Skills typically asked for this role: supply chain, excel, sql, sap, business analysis. This is a sample role built from typical industry requirements, not a confirmed vacancy. Check the company's careers page for the real opening.|3
seed:e19f08eacbd8f074|Keurig Dr Pepper|Business Analyst|FULL_TIME|Multiple locations|Remote|3-6 Lacs PA|0-2 Yrs|sql,excel,power bi,business analysis,communication|Keurig Dr Pepper is looking for fresh graduates and early-career candidates for the Business Analyst role in the soft drinks & non-alcoholic beverages space. Skills typically asked for this role: sql, excel, power bi, business analysis, communication. This is a sample role built from typical industry requirements, not a confirmed vacancy. Check the company's careers page for the real opening.|8
seed:da23ef7458b69680|KeyCorp|Risk Analyst|FULL_TIME|Multiple locations|Hybrid|3-6 Lacs PA|0-2 Yrs|excel,statistics,sql,python,financial modeling|KeyCorp is looking for fresh graduates and early-career candidates for the Risk Analyst role in the regional banks space. Skills typically asked for this role: excel, statistics, sql, python, financial modeling. This is a sample role built from typical industry requirements, not a confirmed vacancy. Check the company's careers page for the real opening.|7
seed:20022b19b4f1b99a|KeyCorp|Finance Intern|INTERNSHIP|Multiple locations|Hybrid|₹20,000 / month|Internship|excel,accounting,financial modeling,communication|KeyCorp is looking for fresh graduates and early-career candidates for the Finance Intern role in the regional banks space. Skills typically asked for this role: excel, accounting, financial modeling, communication. This is a sample role built from typical industry requirements, not a confirmed vacancy. Check the company's careers page for the real opening.|7
seed:822514660b931635|Keysight Technologies|Machine Learning Engineer|FULL_TIME|Multiple locations|Onsite|4-7 Lacs PA|0-2 Yrs|python,machine learning,tensorflow,pandas,numpy,scikit-learn|Keysight Technologies is looking for fresh graduates and early-career candidates for the Machine Learning Engineer role in the electronic equipment & instruments space. Skills typically asked for this role: python, machine learning, tensorflow, pandas, numpy, scikit-learn. This is a sample role built from typical industry requirements, not a confirmed vacancy. Check the company's careers page for the real opening.|11
seed:e17403abcf12e36b|Keysight Technologies|Python Developer|FULL_TIME|Multiple locations|Hybrid|4-8 Lacs PA|0-2 Yrs|python,sql,rest api,git,pandas|Keysight Technologies is looking for fresh graduates and early-career candidates for the Python Developer role in the electronic equipment & instruments space. Skills typically asked for this role: python, sql, rest api, git, pandas. This is a sample role built from typical industry requirements, not a confirmed vacancy. Check the company's careers page for the real opening.|10
seed:079622f151e97c84|Keysight Technologies|Associate Software Engineer|FULL_TIME|Multiple locations|Hybrid|3-6 Lacs PA|0-2 Yrs|python,sql,data structures,git,linux|Keysight Technologies is looking for fresh graduates and early-career candidates for the Associate Software Engineer role in the electronic equipment & instruments space. Skills typically asked for this role: python, sql, data structures, git, linux. This is a sample role built from typical industry requirements, not a confirmed vacancy. Check the company's careers page for the real opening.|5
seed:817b76989ba2d523|Kimberly-Clark|Marketing Intern|INTERNSHIP|Multiple locations|Remote|₹20,000 / month|Internship|digital marketing,seo,content writing,communication|Kimberly-Clark is looking for fresh graduates and early-career candidates for the Marketing Intern role in the household products space. Skills typically asked for this role: digital marketing, seo, content writing, communication. This is a sample role built from typical industry requirements, not a confirmed vacancy. Check the company's careers page for the real opening.|3
seed:908f54c611bc2c4e|Kimberly-Clark|Digital Marketing Executive|FULL_TIME|Multiple locations|Remote|1-4 Lacs PA|0-2 Yrs|digital marketing,seo,content writing,excel,communication|Kimberly-Clark is looking for fresh graduates and early-career candidates for the Digital Marketing Executive role in the household products space. Skills typically asked for this role: digital marketing, seo, content writing, excel, communication. This is a sample role built from typical industry requirements, not a confirmed vacancy. Check the company's careers page for the real opening.|4
seed:88faa24f2e95ec4e|Kimco Realty|Business Analyst|FULL_TIME|Multiple locations|Onsite|4-7 Lacs PA|0-2 Yrs|excel,financial modeling,sql,business analysis|Kimco Realty is looking for fresh graduates and early-career candidates for the Business Analyst role in the retail reits space. Skills typically asked for this role: excel, financial modeling, sql, business analysis. This is a sample role built from typical industry requirements, not a confirmed vacancy. Check the company's careers page for the real opening.|13
seed:ae8eabf02bafa8c0|Kimco Realty|Sales Executive|FULL_TIME|Multiple locations|Hybrid|2-5 Lacs PA|0-2 Yrs|sales,communication,excel|Kimco Realty is looking for fresh graduates and early-career candidates for the Sales Executive role in the retail reits space. Skills typically asked for this role: sales, communication, excel. This is a sample role built from typical industry requirements, not a confirmed vacancy. Check the company's careers page for the real opening.|1
seed:0166110b1b0e94c7|Kinder Morgan|Process Engineer Trainee|FULL_TIME|Multiple locations|Onsite|4-8 Lacs PA|0-2 Yrs|process design,thermodynamics,aspen plus,matlab|Kinder Morgan is looking for fresh graduates and early-career candidates for the Process Engineer Trainee role in the oil & gas storage & transportation space. Skills typically asked for this role: process design, thermodynamics, aspen plus, matlab. This is a sample role built from typical industry requirements, not a confirmed vacancy. Check the company's careers page for the real opening.|14
seed:76d1ec47bc5d6d77|Kinder Morgan|Maintenance Engineer|FULL_TIME|Multiple locations|Hybrid|2-5 Lacs PA|0-2 Yrs|quality control,plc,autocad,six sigma|Kinder Morgan is looking for fresh graduates and early-career candidates for the Maintenance Engineer role in the oil & gas storage & transportation space. Skills typically asked for this role: quality control, plc, autocad, six sigma. This is a sample role built from typical industry requirements, not a confirmed vacancy. Check the company's careers page for the real opening.|11
seed:eab16211bb33c646|Kotak Mahindra Bank|Business Analyst|FULL_TIME|Pune, Bengaluru, Mumbai|Hybrid|4-8 Lacs PA|0-2 Yrs|sql,excel,business analysis,power bi,communication|Kotak Mahindra Bank is looking for fresh graduates and early-career candidates for the Business Analyst role in the banking space. Skills typically asked for this role: sql, excel, business analysis, power bi, communication. This is a sample role built from typical industry requirements, not a confirmed vacancy. Check the company's careers page for the real opening.|4
seed:6588660897ab1697|Kotak Mahindra Bank|Operations Executive|FULL_TIME|Delhi NCR|Hybrid|1-4 Lacs PA|0-2 Yrs|excel,communication,accounting,tally,gst|Kotak Mahindra Bank is looking for fresh graduates and early-career candidates for the Operations Executive role in the banking space. Skills typically asked for this role: excel, communication, accounting, tally, gst. This is a sample role built from typical industry requirements, not a confirmed vacancy. Check the company's careers page for the real opening.|4
seed:3d69986665f17c48|Kraft Heinz|Management Trainee|FULL_TIME|Multiple locations|Remote|4-7 Lacs PA|0-1 Yrs|sales,communication,excel,business analysis,supply chain|Kraft Heinz is looking for fresh graduates and early-career candidates for the Management Trainee role in the packaged foods & meats space. Skills typically asked for this role: sales, communication, excel, business analysis, supply chain. This is a sample role built from typical industry requirements, not a confirmed vacancy. Check the company's careers page for the real opening.|7
seed:39194028d98950f5|Kraft Heinz|Supply Chain Analyst|FULL_TIME|Multiple locations|Hybrid|2-6 Lacs PA|0-2 Yrs|supply chain,excel,sql,sap,business analysis|Kraft Heinz is looking for fresh graduates and early-career candidates for the Supply Chain Analyst role in the packaged foods & meats space. Skills typically asked for this role: supply chain, excel, sql, sap, business analysis. This is a sample role built from typical industry requirements, not a confirmed vacancy. Check the company's careers page for the real opening.|1
seed:b50052db7294799b|Kroger|Digital Marketing Executive|FULL_TIME|Multiple locations|Onsite|2-4 Lacs PA|0-2 Yrs|digital marketing,seo,content writing,excel,communication|Kroger is looking for fresh graduates and early-career candidates for the Digital Marketing Executive role in the food retail space. Skills typically asked for this role: digital marketing, seo, content writing, excel, communication. This is a sample role built from typical industry requirements, not a confirmed vacancy. Check the company's careers page for the real opening.|3
seed:9f43df9a3802f996|Kroger|Sales Executive|FULL_TIME|Multiple locations|Hybrid|3-5 Lacs PA|0-2 Yrs|sales,communication,excel|Kroger is looking for fresh graduates and early-career candidates for the Sales Executive role in the food retail space. Skills typically asked for this role: sales, communication, excel. This is a sample role built from typical industry requirements, not a confirmed vacancy. Check the company's careers page for the real opening.|3
seed:9ea7bd945c8f7ca9|L3Harris|Embedded Software Engineer|FULL_TIME|Multiple locations|Remote|4-7 Lacs PA|0-2 Yrs|embedded c,c++,iot,arduino,linux|L3Harris is looking for fresh graduates and early-career candidates for the Embedded Software Engineer role in the aerospace & defense space. Skills typically asked for this role: embedded c, c++, iot, arduino, linux. This is a sample role built from typical industry requirements, not a confirmed vacancy. Check the company's careers page for the real opening.|4
seed:1e74b1fbadcae37e|L3Harris|Civil Site Engineer|FULL_TIME|Multiple locations|Hybrid|3-5 Lacs PA|0-2 Yrs|autocad,revit,staad pro,project management|L3Harris is looking for fresh graduates and early-career candidates for the Civil Site Engineer role in the aerospace & defense space. Skills typically asked for this role: autocad, revit, staad pro, project management. This is a sample role built from typical industry requirements, not a confirmed vacancy. Check the company's careers page for the real opening.|12
seed:324b3530fe61d632|Labcorp|Quality Control Analyst|FULL_TIME|Multiple locations|Onsite|3-7 Lacs PA|0-2 Yrs|quality control,lab techniques,spectroscopy,research|Labcorp is looking for fresh graduates and early-career candidates for the Quality Control Analyst role in the health care services space. Skills typically asked for this role: quality control, lab techniques, spectroscopy, research. This is a sample role built from typical industry requirements, not a confirmed vacancy. Check the company's careers page for the real opening.|13
seed:0b4a55a3d8e48b56|Labcorp|Medical Representative Trainee|FULL_TIME|Multiple locations|Remote|2-6 Lacs PA|0-1 Yrs|sales,communication,pharmacology|Labcorp is looking for fresh graduates and early-career candidates for the Medical Representative Trainee role in the health care services space. Skills typically asked for this role: sales, communication, pharmacology. This is a sample role built from typical industry requirements, not a confirmed vacancy. Check the company's careers page for the real opening.|4
seed:4243d8759513dafb|Lam Research|Data Science Intern|INTERNSHIP|Multiple locations|Remote|₹15,000 / month|Internship|python,pandas,numpy,machine learning,sql|Lam Research is looking for fresh graduates and early-career candidates for the Data Science Intern role in the semiconductor materials & equipment space. Skills typically asked for this role: python, pandas, numpy, machine learning, sql. This is a sample role built from typical industry requirements, not a confirmed vacancy. Check the company's careers page for the real opening.|13
seed:b2ec9c8ee94bd5ba|Lam Research|Associate Software Engineer|FULL_TIME|Multiple locations|Remote|4-7 Lacs PA|0-2 Yrs|python,sql,data structures,git,linux|Lam Research is looking for fresh graduates and early-career candidates for the Associate Software Engineer role in the semiconductor materials & equipment space. Skills typically asked for this role: python, sql, data structures, git, linux. This is a sample role built from typical industry requirements, not a confirmed vacancy. Check the company's careers page for the real opening.|5
seed:de9aec8a4b128f0a|Lam Research|Machine Learning Engineer|FULL_TIME|Multiple locations|Onsite|4-8 Lacs PA|0-2 Yrs|python,machine learning,tensorflow,pandas,numpy,scikit-learn|Lam Research is looking for fresh graduates and early-career candidates for the Machine Learning Engineer role in the semiconductor materials & equipment space. Skills typically asked for this role: python, machine learning, tensorflow, pandas, numpy, scikit-learn. This is a sample role built from typical industry requirements, not a confirmed vacancy. Check the company's careers page for the real opening.|13
seed:e109c51df09cd988|Larsen & Toubro|Graduate Engineer Trainee|FULL_TIME|Chennai, Ahmedabad|Onsite|4-6 Lacs PA|0-1 Yrs|autocad,solidworks,matlab,project management,quality control|Larsen & Toubro is looking for fresh graduates and early-career candidates for the Graduate Engineer Trainee role in the engineering and construction space. Skills typically asked for this role: autocad, solidworks, matlab, project management, quality control. This is a sample role built from typical industry requirements, not a confirmed vacancy. Check the company's careers page for the real opening.|6
seed:331b14873d13cb8e|Larsen & Toubro|Production Engineer|FULL_TIME|Delhi NCR, Pune, Kochi|Onsite|3-6 Lacs PA|0-2 Yrs|lean manufacturing,six sigma,quality control,cnc,cad|Larsen & Toubro is looking for fresh graduates and early-career candidates for the Production Engineer role in the engineering and construction space. Skills typically asked for this role: lean manufacturing, six sigma, quality control, cnc, cad. This is a sample role built from typical industry requirements, not a confirmed vacancy. Check the company's careers page for the real opening.|5
seed:f65905e5f3ff8cd0|Las Vegas Sands|Software Engineer|FULL_TIME|Multiple locations|Remote|3-6 Lacs PA|0-2 Yrs|java,python,sql,react,git|Las Vegas Sands is looking for fresh graduates and early-career candidates for the Software Engineer role in the casinos & gaming space. Skills typically asked for this role: java, python, sql, react, git. This is a sample role built from typical industry requirements, not a confirmed vacancy. Check the company's careers page for the real opening.|8
seed:08bf1fedead239cf|Las Vegas Sands|Supply Chain Analyst|FULL_TIME|Multiple locations|Onsite|4-8 Lacs PA|0-2 Yrs|supply chain,excel,sql,sap,business analysis|Las Vegas Sands is looking for fresh graduates and early-career candidates for the Supply Chain Analyst role in the casinos & gaming space. Skills typically asked for this role: supply chain, excel, sql, sap, business analysis. This is a sample role built from typical industry requirements, not a confirmed vacancy. Check the company's careers page for the real opening.|9
seed:4244ed549e25bb5d|Leidos|Civil Site Engineer|FULL_TIME|Multiple locations|Hybrid|1-4 Lacs PA|0-2 Yrs|autocad,revit,staad pro,project management|Leidos is looking for fresh graduates and early-career candidates for the Civil Site Engineer role in the diversified support services space. Skills typically asked for this role: autocad, revit, staad pro, project management. This is a sample role built from typical industry requirements, not a confirmed vacancy. Check the company's careers page for the real opening.|8
seed:01a7083c4370b193|Leidos|Electrical Engineer Trainee|FULL_TIME|Multiple locations|Hybrid|2-6 Lacs PA|0-2 Yrs|plc,scada,matlab,autocad,embedded c|Leidos is looking for fresh graduates and early-career candidates for the Electrical Engineer Trainee role in the diversified support services space. Skills typically asked for this role: plc, scada, matlab, autocad, embedded c. This is a sample role built from typical industry requirements, not a confirmed vacancy. Check the company's careers page for the real opening.|12
seed:9e900f138c1c8acd|Lennar|Business Analyst|FULL_TIME|Multiple locations|Hybrid|5-8 Lacs PA|0-2 Yrs|sql,excel,power bi,business analysis,communication|Lennar is looking for fresh graduates and early-career candidates for the Business Analyst role in the homebuilding space. Skills typically asked for this role: sql, excel, power bi, business analysis, communication. This is a sample role built from typical industry requirements, not a confirmed vacancy. Check the company's careers page for the real opening.|9
seed:75cd129fbabe3f31|Lennar|Supply Chain Analyst|FULL_TIME|Multiple locations|Hybrid|3-6 Lacs PA|0-2 Yrs|supply chain,excel,sql,sap,business analysis|Lennar is looking for fresh graduates and early-career candidates for the Supply Chain Analyst role in the homebuilding space. Skills typically asked for this role: supply chain, excel, sql, sap, business analysis. This is a sample role built from typical industry requirements, not a confirmed vacancy. Check the company's careers page for the real opening.|5
seed:8a871000d75e4a50|Lennox International|Civil Site Engineer|FULL_TIME|Multiple locations|Onsite|2-4 Lacs PA|0-2 Yrs|autocad,revit,staad pro,project management|Lennox International is looking for fresh graduates and early-career candidates for the Civil Site Engineer role in the building products space. Skills typically asked for this role: autocad, revit, staad pro, project management. This is a sample role built from typical industry requirements, not a confirmed vacancy. Check the company's careers page for the real opening.|10
seed:7bfd5eca58b0a7f9|Lennox International|Engineering Intern|INTERNSHIP|Multiple locations|Hybrid|₹12,000 / month|Internship|autocad,matlab,solidworks,communication|Lennox International is looking for fresh graduates and early-career candidates for the Engineering Intern role in the building products space. Skills typically asked for this role: autocad, matlab, solidworks, communication. This is a sample role built from typical industry requirements, not a confirmed vacancy. Check the company's careers page for the real opening.|6
seed:c05c0f9070341d3d|Lilly (Eli)|Research Intern|INTERNSHIP|Multiple locations|Hybrid|₹8,000 / month|Internship|research,lab techniques,statistics|Lilly (Eli) is looking for fresh graduates and early-career candidates for the Research Intern role in the pharmaceuticals space. Skills typically asked for this role: research, lab techniques, statistics. This is a sample role built from typical industry requirements, not a confirmed vacancy. Check the company's careers page for the real opening.|6
seed:309ba877b9b22e5e|Lilly (Eli)|Clinical Research Associate|FULL_TIME|Multiple locations|Onsite|3-7 Lacs PA|0-2 Yrs|clinical research,research,statistics,communication|Lilly (Eli) is looking for fresh graduates and early-career candidates for the Clinical Research Associate role in the pharmaceuticals space. Skills typically asked for this role: clinical research, research, statistics, communication. This is a sample role built from typical industry requirements, not a confirmed vacancy. Check the company's careers page for the real opening.|7
seed:080095e242bc5278|Linde plc|Process Engineer Trainee|FULL_TIME|Multiple locations|Onsite|3-6 Lacs PA|0-2 Yrs|process design,thermodynamics,quality control,six sigma|Linde plc is looking for fresh graduates and early-career candidates for the Process Engineer Trainee role in the industrial gases space. Skills typically asked for this role: process design, thermodynamics, quality control, six sigma. This is a sample role built from typical industry requirements, not a confirmed vacancy. Check the company's careers page for the real opening.|4
seed:5451e96b0c1efccf|Linde plc|R&D Chemist|FULL_TIME|Multiple locations|Onsite|3-5 Lacs PA|0-2 Yrs|research,lab techniques,spectroscopy,quality control|Linde plc is looking for fresh graduates and early-career candidates for the R&D Chemist role in the industrial gases space. Skills typically asked for this role: research, lab techniques, spectroscopy, quality control. This is a sample role built from typical industry requirements, not a confirmed vacancy. Check the company's careers page for the real opening.|7
seed:676356834d3922cd|Live Nation Entertainment|Network Engineer Trainee|FULL_TIME|Multiple locations|Onsite|2-5 Lacs PA|0-2 Yrs|linux,iot,python,communication|Live Nation Entertainment is looking for fresh graduates and early-career candidates for the Network Engineer Trainee role in the movies & entertainment space. Skills typically asked for this role: linux, iot, python, communication. This is a sample role built from typical industry requirements, not a confirmed vacancy. Check the company's careers page for the real opening.|9
seed:f91350c2a58d9b7a|Live Nation Entertainment|Software Engineer|FULL_TIME|Multiple locations|Onsite|3-7 Lacs PA|0-2 Yrs|java,python,sql,rest api,git|Live Nation Entertainment is looking for fresh graduates and early-career candidates for the Software Engineer role in the movies & entertainment space. Skills typically asked for this role: java, python, sql, rest api, git. This is a sample role built from typical industry requirements, not a confirmed vacancy. Check the company's careers page for the real opening.|0
seed:20560fe5ebf2cd69|Lockheed Martin|Electrical Engineer Trainee|FULL_TIME|Multiple locations|Remote|4-6 Lacs PA|0-2 Yrs|plc,scada,matlab,autocad,embedded c|Lockheed Martin is looking for fresh graduates and early-career candidates for the Electrical Engineer Trainee role in the aerospace & defense space. Skills typically asked for this role: plc, scada, matlab, autocad, embedded c. This is a sample role built from typical industry requirements, not a confirmed vacancy. Check the company's careers page for the real opening.|5
seed:51dba260a0519178|Lockheed Martin|Civil Site Engineer|FULL_TIME|Multiple locations|Hybrid|3-5 Lacs PA|0-2 Yrs|autocad,revit,staad pro,project management|Lockheed Martin is looking for fresh graduates and early-career candidates for the Civil Site Engineer role in the aerospace & defense space. Skills typically asked for this role: autocad, revit, staad pro, project management. This is a sample role built from typical industry requirements, not a confirmed vacancy. Check the company's careers page for the real opening.|13
seed:efe3a4a04adddbdb|Loews Corporation|Software Engineer (Banking Tech)|FULL_TIME|Multiple locations|Remote|3-5 Lacs PA|0-2 Yrs|java,sql,spring boot,rest api,git|Loews Corporation is looking for fresh graduates and early-career candidates for the Software Engineer (Banking Tech) role in the multi-line insurance space. Skills typically asked for this role: java, sql, spring boot, rest api, git. This is a sample role built from typical industry requirements, not a confirmed vacancy. Check the company's careers page for the real opening.|2
seed:979a1f81e3cf6bd7|Loews Corporation|Operations Executive|FULL_TIME|Multiple locations|Hybrid|3-6 Lacs PA|0-2 Yrs|excel,communication,accounting,tally,gst|Loews Corporation is looking for fresh graduates and early-career candidates for the Operations Executive role in the multi-line insurance space. Skills typically asked for this role: excel, communication, accounting, tally, gst. This is a sample role built from typical industry requirements, not a confirmed vacancy. Check the company's careers page for the real opening.|14
seed:80a88d5f486aed26|Lowe's|Software Engineer|FULL_TIME|Multiple locations|Hybrid|3-6 Lacs PA|0-2 Yrs|java,python,sql,react,git|Lowe's is looking for fresh graduates and early-career candidates for the Software Engineer role in the home improvement retail space. Skills typically asked for this role: java, python, sql, react, git. This is a sample role built from typical industry requirements, not a confirmed vacancy. Check the company's careers page for the real opening.|12
seed:5f081474984e1664|Lowe's|Sales Executive|FULL_TIME|Multiple locations|Onsite|2-4 Lacs PA|0-2 Yrs|sales,communication,excel|Lowe's is looking for fresh graduates and early-career candidates for the Sales Executive role in the home improvement retail space. Skills typically asked for this role: sales, communication, excel. This is a sample role built from typical industry requirements, not a confirmed vacancy. Check the company's careers page for the real opening.|10
seed:2b01f18270c031a2|Lululemon Athletica|Sales Executive|FULL_TIME|Multiple locations|Hybrid|2-4 Lacs PA|0-2 Yrs|sales,communication,excel|Lululemon Athletica is looking for fresh graduates and early-career candidates for the Sales Executive role in the apparel, accessories & luxury goods space. Skills typically asked for this role: sales, communication, excel. This is a sample role built from typical industry requirements, not a confirmed vacancy. Check the company's careers page for the real opening.|2
seed:0770aa22ac5f8b6b|Lululemon Athletica|Software Engineer|FULL_TIME|Multiple locations|Hybrid|4-8 Lacs PA|0-2 Yrs|java,python,sql,react,git|Lululemon Athletica is looking for fresh graduates and early-career candidates for the Software Engineer role in the apparel, accessories & luxury goods space. Skills typically asked for this role: java, python, sql, react, git. This is a sample role built from typical industry requirements, not a confirmed vacancy. Check the company's careers page for the real opening.|3
seed:1bd678f434a85377|Lumentum|Python Developer|FULL_TIME|Multiple locations|Remote|3-6 Lacs PA|0-2 Yrs|python,sql,rest api,git,pandas|Lumentum is looking for fresh graduates and early-career candidates for the Python Developer role in the communications equipment space. Skills typically asked for this role: python, sql, rest api, git, pandas. This is a sample role built from typical industry requirements, not a confirmed vacancy. Check the company's careers page for the real opening.|5
seed:f9113a1af3a5dce4|Lumentum|Machine Learning Engineer|FULL_TIME|Multiple locations|Hybrid|5-9 Lacs PA|0-2 Yrs|python,machine learning,tensorflow,pandas,numpy,scikit-learn|Lumentum is looking for fresh graduates and early-career candidates for the Machine Learning Engineer role in the communications equipment space. Skills typically asked for this role: python, machine learning, tensorflow, pandas, numpy, scikit-learn. This is a sample role built from typical industry requirements, not a confirmed vacancy. Check the company's careers page for the real opening.|13
seed:543d829ced5864f4|Lumentum|DevOps Engineer|FULL_TIME|Multiple locations|Onsite|3-5 Lacs PA|0-2 Yrs|linux,docker,kubernetes,aws,git|Lumentum is looking for fresh graduates and early-career candidates for the DevOps Engineer role in the communications equipment space. Skills typically asked for this role: linux, docker, kubernetes, aws, git. This is a sample role built from typical industry requirements, not a confirmed vacancy. Check the company's careers page for the real opening.|13
seed:43d5c5e4d8b79a9f|LyondellBasell|Process Engineer Trainee|FULL_TIME|Multiple locations|Onsite|3-5 Lacs PA|0-2 Yrs|process design,thermodynamics,quality control,six sigma|LyondellBasell is looking for fresh graduates and early-career candidates for the Process Engineer Trainee role in the specialty chemicals space. Skills typically asked for this role: process design, thermodynamics, quality control, six sigma. This is a sample role built from typical industry requirements, not a confirmed vacancy. Check the company's careers page for the real opening.|13
seed:24bae2579f60c294|LyondellBasell|Quality Engineer|FULL_TIME|Multiple locations|Hybrid|3-7 Lacs PA|0-2 Yrs|quality control,six sigma,lean manufacturing,excel|LyondellBasell is looking for fresh graduates and early-career candidates for the Quality Engineer role in the specialty chemicals space. Skills typically asked for this role: quality control, six sigma, lean manufacturing, excel. This is a sample role built from typical industry requirements, not a confirmed vacancy. Check the company's careers page for the real opening.|9
seed:5f6d59d1b5c3971a|M&T Bank|Financial Analyst Trainee|FULL_TIME|Multiple locations|Onsite|4-6 Lacs PA|0-2 Yrs|excel,financial modeling,accounting,statistics,communication|M&T Bank is looking for fresh graduates and early-career candidates for the Financial Analyst Trainee role in the regional banks space. Skills typically asked for this role: excel, financial modeling, accounting, statistics, communication. This is a sample role built from typical industry requirements, not a confirmed vacancy. Check the company's careers page for the real opening.|13
seed:69db2b7dbf8edf5f|M&T Bank|Risk Analyst|FULL_TIME|Multiple locations|Onsite|5-9 Lacs PA|0-2 Yrs|excel,statistics,sql,python,financial modeling|M&T Bank is looking for fresh graduates and early-career candidates for the Risk Analyst role in the regional banks space. Skills typically asked for this role: excel, statistics, sql, python, financial modeling. This is a sample role built from typical industry requirements, not a confirmed vacancy. Check the company's careers page for the real opening.|1
seed:fcd88db39031a46d|MGM Resorts|Supply Chain Analyst|FULL_TIME|Multiple locations|Onsite|4-7 Lacs PA|0-2 Yrs|supply chain,excel,sql,sap,business analysis|MGM Resorts is looking for fresh graduates and early-career candidates for the Supply Chain Analyst role in the casinos & gaming space. Skills typically asked for this role: supply chain, excel, sql, sap, business analysis. This is a sample role built from typical industry requirements, not a confirmed vacancy. Check the company's careers page for the real opening.|2
seed:46acf8ba4d5934d2|MGM Resorts|Business Analyst|FULL_TIME|Multiple locations|Hybrid|3-6 Lacs PA|0-2 Yrs|sql,excel,power bi,business analysis,communication|MGM Resorts is looking for fresh graduates and early-career candidates for the Business Analyst role in the casinos & gaming space. Skills typically asked for this role: sql, excel, power bi, business analysis, communication. This is a sample role built from typical industry requirements, not a confirmed vacancy. Check the company's careers page for the real opening.|12
seed:5b4de9e549caa90c|MSCI|Management Trainee|FULL_TIME|Multiple locations|Onsite|4-7 Lacs PA|0-1 Yrs|communication,excel,sales,business analysis|MSCI is looking for fresh graduates and early-career candidates for the Management Trainee role in the financial exchanges & data space. Skills typically asked for this role: communication, excel, sales, business analysis. This is a sample role built from typical industry requirements, not a confirmed vacancy. Check the company's careers page for the real opening.|12
seed:d6589d5f33430367|MSCI|Operations Executive|FULL_TIME|Multiple locations|Hybrid|2-5 Lacs PA|0-2 Yrs|excel,communication,accounting,tally,gst|MSCI is looking for fresh graduates and early-career candidates for the Operations Executive role in the financial exchanges & data space. Skills typically asked for this role: excel, communication, accounting, tally, gst. This is a sample role built from typical industry requirements, not a confirmed vacancy. Check the company's careers page for the real opening.|9
seed:40ec24b2186e7e61|Mahindra & Mahindra|Production Engineer|FULL_TIME|Chennai, Gurugram|Onsite|3-6 Lacs PA|0-2 Yrs|lean manufacturing,six sigma,quality control,cnc,cad|Mahindra & Mahindra is looking for fresh graduates and early-career candidates for the Production Engineer role in the automobile space. Skills typically asked for this role: lean manufacturing, six sigma, quality control, cnc, cad. This is a sample role built from typical industry requirements, not a confirmed vacancy. Check the company's careers page for the real opening.|1
seed:c33ef2d193d2e003|Mahindra & Mahindra|Design Engineer|FULL_TIME|Kolkata, Ahmedabad|Onsite|2-5 Lacs PA|0-2 Yrs|autocad,solidworks,catia,cad,ansys|Mahindra & Mahindra is looking for fresh graduates and early-career candidates for the Design Engineer role in the automobile space. Skills typically asked for this role: autocad, solidworks, catia, cad, ansys. This is a sample role built from typical industry requirements, not a confirmed vacancy. Check the company's careers page for the real opening.|7
seed:24c3154d7b071cf8|Marathon Petroleum|Process Engineer Trainee|FULL_TIME|Multiple locations|Onsite|4-8 Lacs PA|0-2 Yrs|process design,thermodynamics,aspen plus,matlab|Marathon Petroleum is looking for fresh graduates and early-career candidates for the Process Engineer Trainee role in the oil & gas refining & marketing space. Skills typically asked for this role: process design, thermodynamics, aspen plus, matlab. This is a sample role built from typical industry requirements, not a confirmed vacancy. Check the company's careers page for the real opening.|13
seed:1707f5645401ac6e|Marathon Petroleum|Data Analyst (Operations)|FULL_TIME|Multiple locations|Onsite|4-8 Lacs PA|0-2 Yrs|sql,excel,python,power bi,statistics|Marathon Petroleum is looking for fresh graduates and early-career candidates for the Data Analyst (Operations) role in the oil & gas refining & marketing space. Skills typically asked for this role: sql, excel, python, power bi, statistics. This is a sample role built from typical industry requirements, not a confirmed vacancy. Check the company's careers page for the real opening.|2
seed:a00226df2e7eb63f|Marriott International|Marketing Intern|INTERNSHIP|Multiple locations|Onsite|₹25,000 / month|Internship|digital marketing,seo,content writing,communication|Marriott International is looking for fresh graduates and early-career candidates for the Marketing Intern role in the hotels, resorts & cruise lines space. Skills typically asked for this role: digital marketing, seo, content writing, communication. This is a sample role built from typical industry requirements, not a confirmed vacancy. Check the company's careers page for the real opening.|1
seed:86b7314139344b87|Marriott International|Management Trainee|FULL_TIME|Multiple locations|Remote|5-7 Lacs PA|0-1 Yrs|sales,communication,excel,business analysis,supply chain|Marriott International is looking for fresh graduates and early-career candidates for the Management Trainee role in the hotels, resorts & cruise lines space. Skills typically asked for this role: sales, communication, excel, business analysis, supply chain. This is a sample role built from typical industry requirements, not a confirmed vacancy. Check the company's careers page for the real opening.|6
seed:7dad9651ef984cee|Marsh McLennan|Business Analyst|FULL_TIME|Multiple locations|Hybrid|4-6 Lacs PA|0-2 Yrs|sql,excel,business analysis,power bi,communication|Marsh McLennan is looking for fresh graduates and early-career candidates for the Business Analyst role in the insurance brokers space. Skills typically asked for this role: sql, excel, business analysis, power bi, communication. This is a sample role built from typical industry requirements, not a confirmed vacancy. Check the company's careers page for the real opening.|14
seed:5f557f6d7fb0a844|Marsh McLennan|Operations Executive|FULL_TIME|Multiple locations|Onsite|2-5 Lacs PA|0-2 Yrs|excel,communication,accounting,tally,gst|Marsh McLennan is looking for fresh graduates and early-career candidates for the Operations Executive role in the insurance brokers space. Skills typically asked for this role: excel, communication, accounting, tally, gst. This is a sample role built from typical industry requirements, not a confirmed vacancy. Check the company's careers page for the real opening.|4
seed:76ce829824306d08|Martin Marietta Materials|Process Engineer Trainee|FULL_TIME|Multiple locations|Remote|3-6 Lacs PA|0-2 Yrs|process design,thermodynamics,quality control,six sigma|Martin Marietta Materials is looking for fresh graduates and early-career candidates for the Process Engineer Trainee role in the construction materials space. Skills typically asked for this role: process design, thermodynamics, quality control, six sigma. This is a sample role built from typical industry requirements, not a confirmed vacancy. Check the company's careers page for the real opening.|7
seed:bde3b97dcab5e5a5|Martin Marietta Materials|Plant Intern|INTERNSHIP|Multiple locations|Onsite|₹12,000 / month|Internship|process design,quality control,excel|Martin Marietta Materials is looking for fresh graduates and early-career candidates for the Plant Intern role in the construction materials space. Skills typically asked for this role: process design, quality control, excel. This is a sample role built from typical industry requirements, not a confirmed vacancy. Check the company's careers page for the real opening.|1
seed:6b64012e7c4e2a0e|Maruti Suzuki India|Electrical Engineer Trainee|FULL_TIME|Noida, Hyderabad, Delhi NCR|Onsite|3-7 Lacs PA|0-2 Yrs|plc,scada,matlab,autocad,embedded c|Maruti Suzuki India is looking for fresh graduates and early-career candidates for the Electrical Engineer Trainee role in the automobile space. Skills typically asked for this role: plc, scada, matlab, autocad, embedded c. This is a sample role built from typical industry requirements, not a confirmed vacancy. Check the company's careers page for the real opening.|3
seed:5251435affe629a1|Maruti Suzuki India|Design Engineer|FULL_TIME|Gurugram, Ahmedabad|Onsite|3-6 Lacs PA|0-2 Yrs|autocad,solidworks,catia,cad,ansys|Maruti Suzuki India is looking for fresh graduates and early-career candidates for the Design Engineer role in the automobile space. Skills typically asked for this role: autocad, solidworks, catia, cad, ansys. This is a sample role built from typical industry requirements, not a confirmed vacancy. Check the company's careers page for the real opening.|1
seed:d1ca8dc1962fb1f0|Marvell Technology|Frontend Developer|FULL_TIME|Multiple locations|Hybrid|3-5 Lacs PA|0-2 Yrs|javascript,typescript,react,html,css,git|Marvell Technology is looking for fresh graduates and early-career candidates for the Frontend Developer role in the semiconductors space. Skills typically asked for this role: javascript, typescript, react, html, css, git. This is a sample role built from typical industry requirements, not a confirmed vacancy. Check the company's careers page for the real opening.|2
seed:a092329351ab16f4|Marvell Technology|Cyber Security Analyst|FULL_TIME|Multiple locations|Remote|3-6 Lacs PA|0-2 Yrs|cyber security,linux,python,communication|Marvell Technology is looking for fresh graduates and early-career candidates for the Cyber Security Analyst role in the semiconductors space. Skills typically asked for this role: cyber security, linux, python, communication. This is a sample role built from typical industry requirements, not a confirmed vacancy. Check the company's careers page for the real opening.|1
seed:639f5c874e4c5a3c|Marvell Technology|Java Developer|FULL_TIME|Multiple locations|Onsite|2-4 Lacs PA|0-2 Yrs|java,spring boot,mysql,rest api,git|Marvell Technology is looking for fresh graduates and early-career candidates for the Java Developer role in the semiconductors space. Skills typically asked for this role: java, spring boot, mysql, rest api, git. This is a sample role built from typical industry requirements, not a confirmed vacancy. Check the company's careers page for the real opening.|2
seed:e8056a428243f5a7|Masco|Graduate Engineer Trainee|FULL_TIME|Multiple locations|Hybrid|2-6 Lacs PA|0-1 Yrs|autocad,solidworks,matlab,project management,quality control|Masco is looking for fresh graduates and early-career candidates for the Graduate Engineer Trainee role in the building products space. Skills typically asked for this role: autocad, solidworks, matlab, project management, quality control. This is a sample role built from typical industry requirements, not a confirmed vacancy. Check the company's careers page for the real opening.|9
seed:53f4e85b104bd854|Masco|Electrical Engineer Trainee|FULL_TIME|Multiple locations|Hybrid|3-6 Lacs PA|0-2 Yrs|plc,scada,matlab,autocad,embedded c|Masco is looking for fresh graduates and early-career candidates for the Electrical Engineer Trainee role in the building products space. Skills typically asked for this role: plc, scada, matlab, autocad, embedded c. This is a sample role built from typical industry requirements, not a confirmed vacancy. Check the company's careers page for the real opening.|10
seed:bcf463ad1c946a18|Mastercard|Software Engineer (Banking Tech)|FULL_TIME|Multiple locations|Remote|4-7 Lacs PA|0-2 Yrs|java,sql,spring boot,rest api,git|Mastercard is looking for fresh graduates and early-career candidates for the Software Engineer (Banking Tech) role in the transaction & payment processing services space. Skills typically asked for this role: java, sql, spring boot, rest api, git. This is a sample role built from typical industry requirements, not a confirmed vacancy. Check the company's careers page for the real opening.|9
seed:bbbeca91ede35fba|Mastercard|Financial Analyst Trainee|FULL_TIME|Multiple locations|Onsite|2-5 Lacs PA|0-2 Yrs|excel,financial modeling,accounting,statistics,communication|Mastercard is looking for fresh graduates and early-career candidates for the Financial Analyst Trainee role in the transaction & payment processing services space. Skills typically asked for this role: excel, financial modeling, accounting, statistics, communication. This is a sample role built from typical industry requirements, not a confirmed vacancy. Check the company's careers page for the real opening.|2
seed:aa0af2ce326bd153|McCormick & Company|Supply Chain Analyst|FULL_TIME|Multiple locations|Remote|2-5 Lacs PA|0-2 Yrs|supply chain,excel,sql,sap,business analysis|McCormick & Company is looking for fresh graduates and early-career candidates for the Supply Chain Analyst role in the packaged foods & meats space. Skills typically asked for this role: supply chain, excel, sql, sap, business analysis. This is a sample role built from typical industry requirements, not a confirmed vacancy. Check the company's careers page for the real opening.|1
seed:ebbed62ea9b1c54f|McCormick & Company|Marketing Intern|INTERNSHIP|Multiple locations|Hybrid|₹12,000 / month|Internship|digital marketing,seo,content writing,communication|McCormick & Company is looking for fresh graduates and early-career candidates for the Marketing Intern role in the packaged foods & meats space. Skills typically asked for this role: digital marketing, seo, content writing, communication. This is a sample role built from typical industry requirements, not a confirmed vacancy. Check the company's careers page for the real opening.|12
seed:951f3cba6073c5bb|McDonald's|Supply Chain Analyst|FULL_TIME|Multiple locations|Remote|2-5 Lacs PA|0-2 Yrs|supply chain,excel,sql,sap,business analysis|McDonald's is looking for fresh graduates and early-career candidates for the Supply Chain Analyst role in the restaurants space. Skills typically asked for this role: supply chain, excel, sql, sap, business analysis. This is a sample role built from typical industry requirements, not a confirmed vacancy. Check the company's careers page for the real opening.|10
seed:e3955a323ddf5b6a|McDonald's|Business Analyst|FULL_TIME|Multiple locations|Hybrid|4-7 Lacs PA|0-2 Yrs|sql,excel,power bi,business analysis,communication|McDonald's is looking for fresh graduates and early-career candidates for the Business Analyst role in the restaurants space. Skills typically asked for this role: sql, excel, power bi, business analysis, communication. This is a sample role built from typical industry requirements, not a confirmed vacancy. Check the company's careers page for the real opening.|0
seed:570c3085b5f38e91|McKesson Corporation|Research Intern|INTERNSHIP|Multiple locations|Onsite|₹25,000 / month|Internship|research,lab techniques,statistics|McKesson Corporation is looking for fresh graduates and early-career candidates for the Research Intern role in the health care distributors space. Skills typically asked for this role: research, lab techniques, statistics. This is a sample role built from typical industry requirements, not a confirmed vacancy. Check the company's careers page for the real opening.|0
seed:5fecb1276aacd446|McKesson Corporation|Medical Representative Trainee|FULL_TIME|Multiple locations|Onsite|3-6 Lacs PA|0-1 Yrs|sales,communication,pharmacology|McKesson Corporation is looking for fresh graduates and early-career candidates for the Medical Representative Trainee role in the health care distributors space. Skills typically asked for this role: sales, communication, pharmacology. This is a sample role built from typical industry requirements, not a confirmed vacancy. Check the company's careers page for the real opening.|14
seed:25cf49e7395595d7|Medtronic|Clinical Research Associate|FULL_TIME|Multiple locations|Remote|1-4 Lacs PA|0-2 Yrs|clinical research,research,statistics,communication|Medtronic is looking for fresh graduates and early-career candidates for the Clinical Research Associate role in the health care equipment space. Skills typically asked for this role: clinical research, research, statistics, communication. This is a sample role built from typical industry requirements, not a confirmed vacancy. Check the company's careers page for the real opening.|5
seed:9724f3de69f5c5f7|Medtronic|Quality Control Analyst|FULL_TIME|Multiple locations|Hybrid|2-5 Lacs PA|0-2 Yrs|quality control,lab techniques,spectroscopy,research|Medtronic is looking for fresh graduates and early-career candidates for the Quality Control Analyst role in the health care equipment space. Skills typically asked for this role: quality control, lab techniques, spectroscopy, research. This is a sample role built from typical industry requirements, not a confirmed vacancy. Check the company's careers page for the real opening.|13
seed:a89af03726cc502b|Merck & Co.|Clinical Research Associate|FULL_TIME|Multiple locations|Hybrid|2-4 Lacs PA|0-2 Yrs|clinical research,research,statistics,communication|Merck & Co. is looking for fresh graduates and early-career candidates for the Clinical Research Associate role in the pharmaceuticals space. Skills typically asked for this role: clinical research, research, statistics, communication. This is a sample role built from typical industry requirements, not a confirmed vacancy. Check the company's careers page for the real opening.|0
seed:1f3ede63ffbeeb99|Merck & Co.|Research Intern|INTERNSHIP|Multiple locations|Remote|₹25,000 / month|Internship|research,lab techniques,statistics|Merck & Co. is looking for fresh graduates and early-career candidates for the Research Intern role in the pharmaceuticals space. Skills typically asked for this role: research, lab techniques, statistics. This is a sample role built from typical industry requirements, not a confirmed vacancy. Check the company's careers page for the real opening.|8
seed:f12723201f8cc294|MetLife|Research Associate|FULL_TIME|Multiple locations|Hybrid|2-5 Lacs PA|0-2 Yrs|research,lab techniques,pcr,pharmacology|MetLife is looking for fresh graduates and early-career candidates for the Research Associate role in the life & health insurance space. Skills typically asked for this role: research, lab techniques, pcr, pharmacology. This is a sample role built from typical industry requirements, not a confirmed vacancy. Check the company's careers page for the real opening.|12
seed:ed8a6b1b279b160f|MetLife|Data Analyst (Healthcare)|FULL_TIME|Multiple locations|Onsite|3-6 Lacs PA|0-2 Yrs|sql,excel,statistics,python,power bi|MetLife is looking for fresh graduates and early-career candidates for the Data Analyst (Healthcare) role in the life & health insurance space. Skills typically asked for this role: sql, excel, statistics, python, power bi. This is a sample role built from typical industry requirements, not a confirmed vacancy. Check the company's careers page for the real opening.|4
seed:30dad2e374280789|Meta Platforms|UI/UX Designer|FULL_TIME|Multiple locations|Hybrid|3-6 Lacs PA|0-2 Yrs|figma,ui/ux,photoshop,illustrator|Meta Platforms is looking for fresh graduates and early-career candidates for the UI/UX Designer role in the interactive media & services space. Skills typically asked for this role: figma, ui/ux, photoshop, illustrator. This is a sample role built from typical industry requirements, not a confirmed vacancy. Check the company's careers page for the real opening.|11
seed:47f75dbbb6417d76|Meta Platforms|Digital Marketing Specialist|FULL_TIME|Multiple locations|Onsite|2-5 Lacs PA|0-2 Yrs|digital marketing,seo,content writing,figma|Meta Platforms is looking for fresh graduates and early-career candidates for the Digital Marketing Specialist role in the interactive media & services space. Skills typically asked for this role: digital marketing, seo, content writing, figma. This is a sample role built from typical industry requirements, not a confirmed vacancy. Check the company's careers page for the real opening.|2
seed:a02ea2d9debc1e50|Mettler Toledo|Quality Control Analyst|FULL_TIME|Multiple locations|Remote|3-5 Lacs PA|0-2 Yrs|quality control,lab techniques,spectroscopy,research|Mettler Toledo is looking for fresh graduates and early-career candidates for the Quality Control Analyst role in the life sciences tools & services space. Skills typically asked for this role: quality control, lab techniques, spectroscopy, research. This is a sample role built from typical industry requirements, not a confirmed vacancy. Check the company's careers page for the real opening.|12
seed:5fb1f6d2e6b83985|Mettler Toledo|Medical Representative Trainee|FULL_TIME|Multiple locations|Onsite|1-4 Lacs PA|0-1 Yrs|sales,communication,pharmacology|Mettler Toledo is looking for fresh graduates and early-career candidates for the Medical Representative Trainee role in the life sciences tools & services space. Skills typically asked for this role: sales, communication, pharmacology. This is a sample role built from typical industry requirements, not a confirmed vacancy. Check the company's careers page for the real opening.|13
seed:95d8b868481ef166|Microchip Technology|Machine Learning Engineer|FULL_TIME|Multiple locations|Remote|6-9 Lacs PA|0-2 Yrs|python,machine learning,tensorflow,pandas,numpy,scikit-learn|Microchip Technology is looking for fresh graduates and early-career candidates for the Machine Learning Engineer role in the semiconductors space. Skills typically asked for this role: python, machine learning, tensorflow, pandas, numpy, scikit-learn. This is a sample role built from typical industry requirements, not a confirmed vacancy. Check the company's careers page for the real opening.|3
seed:1f319b6e58859849|Microchip Technology|Python Developer|FULL_TIME|Multiple locations|Remote|3-7 Lacs PA|0-2 Yrs|python,sql,rest api,git,pandas|Microchip Technology is looking for fresh graduates and early-career candidates for the Python Developer role in the semiconductors space. Skills typically asked for this role: python, sql, rest api, git, pandas. This is a sample role built from typical industry requirements, not a confirmed vacancy. Check the company's careers page for the real opening.|14
seed:721463e04edce4ae|Microchip Technology|Data Analyst|FULL_TIME|Multiple locations|Hybrid|3-6 Lacs PA|0-2 Yrs|sql,excel,python,power bi,statistics|Microchip Technology is looking for fresh graduates and early-career candidates for the Data Analyst role in the semiconductors space. Skills typically asked for this role: sql, excel, python, power bi, statistics. This is a sample role built from typical industry requirements, not a confirmed vacancy. Check the company's careers page for the real opening.|9
seed:b8fae045cc2cdf4a|Micron Technology|Python Developer|FULL_TIME|Multiple locations|Onsite|3-7 Lacs PA|0-2 Yrs|python,sql,rest api,git,pandas|Micron Technology is looking for fresh graduates and early-career candidates for the Python Developer role in the semiconductors space. Skills typically asked for this role: python, sql, rest api, git, pandas. This is a sample role built from typical industry requirements, not a confirmed vacancy. Check the company's careers page for the real opening.|7
seed:ce382c3d2b4266d6|Micron Technology|Data Science Intern|INTERNSHIP|Multiple locations|Onsite|₹20,000 / month|Internship|python,pandas,numpy,machine learning,sql|Micron Technology is looking for fresh graduates and early-career candidates for the Data Science Intern role in the semiconductors space. Skills typically asked for this role: python, pandas, numpy, machine learning, sql. This is a sample role built from typical industry requirements, not a confirmed vacancy. Check the company's careers page for the real opening.|1
seed:cfc45976b805a5ce|Micron Technology|Data Analyst|FULL_TIME|Multiple locations|Hybrid|3-6 Lacs PA|0-2 Yrs|sql,excel,python,power bi,statistics|Micron Technology is looking for fresh graduates and early-career candidates for the Data Analyst role in the semiconductors space. Skills typically asked for this role: sql, excel, python, power bi, statistics. This is a sample role built from typical industry requirements, not a confirmed vacancy. Check the company's careers page for the real opening.|2
seed:d5ba4eae213576b4|Microsoft|Software Engineer Trainee|FULL_TIME|Multiple locations|Onsite|3-6 Lacs PA|0-1 Yrs|java,sql,data structures,git,rest api|Microsoft is looking for fresh graduates and early-career candidates for the Software Engineer Trainee role in the systems software space. Skills typically asked for this role: java, sql, data structures, git, rest api. This is a sample role built from typical industry requirements, not a confirmed vacancy. Check the company's careers page for the real opening.|5
seed:eefb57aa0c0862ff|Microsoft|Frontend Developer|FULL_TIME|Multiple locations|Remote|3-7 Lacs PA|0-2 Yrs|javascript,typescript,react,html,css,git|Microsoft is looking for fresh graduates and early-career candidates for the Frontend Developer role in the systems software space. Skills typically asked for this role: javascript, typescript, react, html, css, git. This is a sample role built from typical industry requirements, not a confirmed vacancy. Check the company's careers page for the real opening.|13
seed:430de70bee562b90|Microsoft|Data Science Intern|INTERNSHIP|Multiple locations|Onsite|₹8,000 / month|Internship|python,pandas,numpy,machine learning,sql|Microsoft is looking for fresh graduates and early-career candidates for the Data Science Intern role in the systems software space. Skills typically asked for this role: python, pandas, numpy, machine learning, sql. This is a sample role built from typical industry requirements, not a confirmed vacancy. Check the company's careers page for the real opening.|7
seed:ed98c3f03900f3ae|Mid-America Apartment Communities|Sales Executive|FULL_TIME|Multiple locations|Onsite|2-6 Lacs PA|0-2 Yrs|sales,communication,excel|Mid-America Apartment Communities is looking for fresh graduates and early-career candidates for the Sales Executive role in the multi-family residential reits space. Skills typically asked for this role: sales, communication, excel. This is a sample role built from typical industry requirements, not a confirmed vacancy. Check the company's careers page for the real opening.|8
seed:217a9f692f7946f0|Mid-America Apartment Communities|Planning Engineer|FULL_TIME|Multiple locations|Remote|3-6 Lacs PA|0-2 Yrs|project management,autocad,excel,revit|Mid-America Apartment Communities is looking for fresh graduates and early-career candidates for the Planning Engineer role in the multi-family residential reits space. Skills typically asked for this role: project management, autocad, excel, revit. This is a sample role built from typical industry requirements, not a confirmed vacancy. Check the company's careers page for the real opening.|4
seed:a0d95646977df56b|Moderna|Research Associate|FULL_TIME|Multiple locations|Hybrid|2-6 Lacs PA|0-2 Yrs|research,lab techniques,pcr,pharmacology|Moderna is looking for fresh graduates and early-career candidates for the Research Associate role in the biotechnology space. Skills typically asked for this role: research, lab techniques, pcr, pharmacology. This is a sample role built from typical industry requirements, not a confirmed vacancy. Check the company's careers page for the real opening.|7
seed:a36cf2370355ed02|Moderna|Research Intern|INTERNSHIP|Multiple locations|Onsite|₹15,000 / month|Internship|research,lab techniques,statistics|Moderna is looking for fresh graduates and early-career candidates for the Research Intern role in the biotechnology space. Skills typically asked for this role: research, lab techniques, statistics. This is a sample role built from typical industry requirements, not a confirmed vacancy. Check the company's careers page for the real opening.|5
seed:dcc3bfcbffb4cf8d|Mondelez International|Sales Executive|FULL_TIME|Multiple locations|Onsite|2-5 Lacs PA|0-2 Yrs|sales,communication,excel|Mondelez International is looking for fresh graduates and early-career candidates for the Sales Executive role in the packaged foods & meats space. Skills typically asked for this role: sales, communication, excel. This is a sample role built from typical industry requirements, not a confirmed vacancy. Check the company's careers page for the real opening.|13
seed:9d4e50a46f0b04dd|Mondelez International|Marketing Intern|INTERNSHIP|Multiple locations|Onsite|₹8,000 / month|Internship|digital marketing,seo,content writing,communication|Mondelez International is looking for fresh graduates and early-career candidates for the Marketing Intern role in the packaged foods & meats space. Skills typically asked for this role: digital marketing, seo, content writing, communication. This is a sample role built from typical industry requirements, not a confirmed vacancy. Check the company's careers page for the real opening.|7
seed:dd206366f90e5fe3|Monolithic Power Systems|Python Developer|FULL_TIME|Multiple locations|Hybrid|4-6 Lacs PA|0-2 Yrs|python,sql,rest api,git,pandas|Monolithic Power Systems is looking for fresh graduates and early-career candidates for the Python Developer role in the semiconductors space. Skills typically asked for this role: python, sql, rest api, git, pandas. This is a sample role built from typical industry requirements, not a confirmed vacancy. Check the company's careers page for the real opening.|2
seed:4cbb2c8407d88749|Monolithic Power Systems|Software Engineer Trainee|FULL_TIME|Multiple locations|Hybrid|4-8 Lacs PA|0-1 Yrs|java,sql,data structures,git,rest api|Monolithic Power Systems is looking for fresh graduates and early-career candidates for the Software Engineer Trainee role in the semiconductors space. Skills typically asked for this role: java, sql, data structures, git, rest api. This is a sample role built from typical industry requirements, not a confirmed vacancy. Check the company's careers page for the real opening.|6
seed:3f9abcb5758577db|Monolithic Power Systems|Software Development Intern|INTERNSHIP|Multiple locations|Remote|₹8,000 / month|Internship|python,java,data structures,git|Monolithic Power Systems is looking for fresh graduates and early-career candidates for the Software Development Intern role in the semiconductors space. Skills typically asked for this role: python, java, data structures, git. This is a sample role built from typical industry requirements, not a confirmed vacancy. Check the company's careers page for the real opening.|4
seed:81544216c20cfcf5|Monster Beverage|Supply Chain Analyst|FULL_TIME|Multiple locations|Onsite|4-7 Lacs PA|0-2 Yrs|supply chain,excel,sql,sap,business analysis|Monster Beverage is looking for fresh graduates and early-career candidates for the Supply Chain Analyst role in the soft drinks & non-alcoholic beverages space. Skills typically asked for this role: supply chain, excel, sql, sap, business analysis. This is a sample role built from typical industry requirements, not a confirmed vacancy. Check the company's careers page for the real opening.|14
seed:aa2f68f5a2dbe142|Monster Beverage|Business Analyst|FULL_TIME|Multiple locations|Remote|5-8 Lacs PA|0-2 Yrs|sql,excel,power bi,business analysis,communication|Monster Beverage is looking for fresh graduates and early-career candidates for the Business Analyst role in the soft drinks & non-alcoholic beverages space. Skills typically asked for this role: sql, excel, power bi, business analysis, communication. This is a sample role built from typical industry requirements, not a confirmed vacancy. Check the company's careers page for the real opening.|13
seed:a763f8a3e2a83823|Moody's Corporation|Management Trainee|FULL_TIME|Multiple locations|Hybrid|4-7 Lacs PA|0-1 Yrs|communication,excel,sales,business analysis|Moody's Corporation is looking for fresh graduates and early-career candidates for the Management Trainee role in the financial exchanges & data space. Skills typically asked for this role: communication, excel, sales, business analysis. This is a sample role built from typical industry requirements, not a confirmed vacancy. Check the company's careers page for the real opening.|10
seed:a4ecf1843d182098|Moody's Corporation|Operations Executive|FULL_TIME|Multiple locations|Remote|1-5 Lacs PA|0-2 Yrs|excel,communication,accounting,tally,gst|Moody's Corporation is looking for fresh graduates and early-career candidates for the Operations Executive role in the financial exchanges & data space. Skills typically asked for this role: excel, communication, accounting, tally, gst. This is a sample role built from typical industry requirements, not a confirmed vacancy. Check the company's careers page for the real opening.|1
seed:3de694e5efb464b3|Morgan Stanley|Risk Analyst|FULL_TIME|Multiple locations|Onsite|3-6 Lacs PA|0-2 Yrs|excel,statistics,sql,python,financial modeling|Morgan Stanley is looking for fresh graduates and early-career candidates for the Risk Analyst role in the investment banking & brokerage space. Skills typically asked for this role: excel, statistics, sql, python, financial modeling. This is a sample role built from typical industry requirements, not a confirmed vacancy. Check the company's careers page for the real opening.|2
seed:8391360d33818e06|Morgan Stanley|Business Analyst|FULL_TIME|Multiple locations|Remote|4-7 Lacs PA|0-2 Yrs|sql,excel,business analysis,power bi,communication|Morgan Stanley is looking for fresh graduates and early-career candidates for the Business Analyst role in the investment banking & brokerage space. Skills typically asked for this role: sql, excel, business analysis, power bi, communication. This is a sample role built from typical industry requirements, not a confirmed vacancy. Check the company's careers page for the real opening.|8
seed:de290de126644b5e|Mosaic Company (The)|Quality Engineer|FULL_TIME|Multiple locations|Remote|3-7 Lacs PA|0-2 Yrs|quality control,six sigma,lean manufacturing,excel|Mosaic Company (The) is looking for fresh graduates and early-career candidates for the Quality Engineer role in the fertilizers & agricultural chemicals space. Skills typically asked for this role: quality control, six sigma, lean manufacturing, excel. This is a sample role built from typical industry requirements, not a confirmed vacancy. Check the company's careers page for the real opening.|0
seed:c7f7fddf5f232da4|Mosaic Company (The)|Plant Intern|INTERNSHIP|Multiple locations|Onsite|₹10,000 / month|Internship|process design,quality control,excel|Mosaic Company (The) is looking for fresh graduates and early-career candidates for the Plant Intern role in the fertilizers & agricultural chemicals space. Skills typically asked for this role: process design, quality control, excel. This is a sample role built from typical industry requirements, not a confirmed vacancy. Check the company's careers page for the real opening.|1
seed:0308ac5ccfcdfd5a|Motorola Solutions|Frontend Developer|FULL_TIME|Multiple locations|Hybrid|4-7 Lacs PA|0-2 Yrs|javascript,typescript,react,html,css,git|Motorola Solutions is looking for fresh graduates and early-career candidates for the Frontend Developer role in the communications equipment space. Skills typically asked for this role: javascript, typescript, react, html, css, git. This is a sample role built from typical industry requirements, not a confirmed vacancy. Check the company's careers page for the real opening.|10
seed:da49722f1c5b4f81|Motorola Solutions|Data Science Intern|INTERNSHIP|Multiple locations|Remote|₹25,000 / month|Internship|python,pandas,numpy,machine learning,sql|Motorola Solutions is looking for fresh graduates and early-career candidates for the Data Science Intern role in the communications equipment space. Skills typically asked for this role: python, pandas, numpy, machine learning, sql. This is a sample role built from typical industry requirements, not a confirmed vacancy. Check the company's careers page for the real opening.|8
seed:045c653e8ae9b5f0|Motorola Solutions|Machine Learning Engineer|FULL_TIME|Multiple locations|Onsite|5-8 Lacs PA|0-2 Yrs|python,machine learning,tensorflow,pandas,numpy,scikit-learn|Motorola Solutions is looking for fresh graduates and early-career candidates for the Machine Learning Engineer role in the communications equipment space. Skills typically asked for this role: python, machine learning, tensorflow, pandas, numpy, scikit-learn. This is a sample role built from typical industry requirements, not a confirmed vacancy. Check the company's careers page for the real opening.|10
seed:c51783eb5ae50d80|NRG Energy|Maintenance Engineer|FULL_TIME|Multiple locations|Onsite|2-4 Lacs PA|0-2 Yrs|quality control,plc,autocad,six sigma|NRG Energy is looking for fresh graduates and early-career candidates for the Maintenance Engineer role in the independent power producers & energy traders space. Skills typically asked for this role: quality control, plc, autocad, six sigma. This is a sample role built from typical industry requirements, not a confirmed vacancy. Check the company's careers page for the real opening.|5
seed:9813f21b9f529673|NRG Energy|Engineering Intern|INTERNSHIP|Multiple locations|Onsite|₹25,000 / month|Internship|process design,matlab,excel,project management|NRG Energy is looking for fresh graduates and early-career candidates for the Engineering Intern role in the independent power producers & energy traders space. Skills typically asked for this role: process design, matlab, excel, project management. This is a sample role built from typical industry requirements, not a confirmed vacancy. Check the company's careers page for the real opening.|8
seed:198442819587136b|NTPC|Engineering Intern|INTERNSHIP|Bengaluru|Onsite|₹10,000 / month|Internship|process design,matlab,excel,project management|NTPC is looking for fresh graduates and early-career candidates for the Engineering Intern role in the power space. Skills typically asked for this role: process design, matlab, excel, project management. This is a sample role built from typical industry requirements, not a confirmed vacancy. Check the company's careers page for the real opening.|1
seed:0406ea207a944ca0|NTPC|Maintenance Engineer|FULL_TIME|Gurugram, Pune, Ahmedabad|Hybrid|2-5 Lacs PA|0-2 Yrs|quality control,plc,autocad,six sigma|NTPC is looking for fresh graduates and early-career candidates for the Maintenance Engineer role in the power space. Skills typically asked for this role: quality control, plc, autocad, six sigma. This is a sample role built from typical industry requirements, not a confirmed vacancy. Check the company's careers page for the real opening.|11
seed:28cf225da122031b|NVR, Inc.|Management Trainee|FULL_TIME|Multiple locations|Remote|4-8 Lacs PA|0-1 Yrs|sales,communication,excel,business analysis,supply chain|NVR, Inc. is looking for fresh graduates and early-career candidates for the Management Trainee role in the homebuilding space. Skills typically asked for this role: sales, communication, excel, business analysis, supply chain. This is a sample role built from typical industry requirements, not a confirmed vacancy. Check the company's careers page for the real opening.|13
seed:5dd1eedccaca20f1|NVR, Inc.|Business Analyst|FULL_TIME|Multiple locations|Hybrid|4-6 Lacs PA|0-2 Yrs|sql,excel,power bi,business analysis,communication|NVR, Inc. is looking for fresh graduates and early-career candidates for the Business Analyst role in the homebuilding space. Skills typically asked for this role: sql, excel, power bi, business analysis, communication. This is a sample role built from typical industry requirements, not a confirmed vacancy. Check the company's careers page for the real opening.|13
seed:74fb4785927e9ef1|NXP Semiconductors|Associate Software Engineer|FULL_TIME|Multiple locations|Hybrid|4-7 Lacs PA|0-2 Yrs|python,sql,data structures,git,linux|NXP Semiconductors is looking for fresh graduates and early-career candidates for the Associate Software Engineer role in the semiconductors space. Skills typically asked for this role: python, sql, data structures, git, linux. This is a sample role built from typical industry requirements, not a confirmed vacancy. Check the company's careers page for the real opening.|2
seed:3edb3a3d310063c2|NXP Semiconductors|Data Analyst|FULL_TIME|Multiple locations|Remote|3-5 Lacs PA|0-2 Yrs|sql,excel,python,power bi,statistics|NXP Semiconductors is looking for fresh graduates and early-career candidates for the Data Analyst role in the semiconductors space. Skills typically asked for this role: sql, excel, python, power bi, statistics. This is a sample role built from typical industry requirements, not a confirmed vacancy. Check the company's careers page for the real opening.|14
seed:977f88a5ef443419|NXP Semiconductors|Cloud Support Associate|FULL_TIME|Multiple locations|Hybrid|2-5 Lacs PA|0-1 Yrs|aws,linux,sql,communication|NXP Semiconductors is looking for fresh graduates and early-career candidates for the Cloud Support Associate role in the semiconductors space. Skills typically asked for this role: aws, linux, sql, communication. This is a sample role built from typical industry requirements, not a confirmed vacancy. Check the company's careers page for the real opening.|5
seed:51d26ba06064e954|Nasdaq, Inc.|Business Analyst|FULL_TIME|Multiple locations|Onsite|3-6 Lacs PA|0-2 Yrs|sql,excel,business analysis,power bi,communication|Nasdaq, Inc. is looking for fresh graduates and early-career candidates for the Business Analyst role in the financial exchanges & data space. Skills typically asked for this role: sql, excel, business analysis, power bi, communication. This is a sample role built from typical industry requirements, not a confirmed vacancy. Check the company's careers page for the real opening.|5
seed:90bd769771b6080a|Nasdaq, Inc.|Financial Analyst Trainee|FULL_TIME|Multiple locations|Remote|2-5 Lacs PA|0-2 Yrs|excel,financial modeling,accounting,statistics,communication|Nasdaq, Inc. is looking for fresh graduates and early-career candidates for the Financial Analyst Trainee role in the financial exchanges & data space. Skills typically asked for this role: excel, financial modeling, accounting, statistics, communication. This is a sample role built from typical industry requirements, not a confirmed vacancy. Check the company's careers page for the real opening.|0
seed:eb7f281e05df05ce|Nestle India|Business Analyst|FULL_TIME|Visakhapatnam|Hybrid|4-8 Lacs PA|0-2 Yrs|sql,excel,power bi,business analysis,communication|Nestle India is looking for fresh graduates and early-career candidates for the Business Analyst role in the consumer goods space. Skills typically asked for this role: sql, excel, power bi, business analysis, communication. This is a sample role built from typical industry requirements, not a confirmed vacancy. Check the company's careers page for the real opening.|3
seed:85e910fbf5db197b|Nestle India|Sales Executive|FULL_TIME|Visakhapatnam|Onsite|2-4 Lacs PA|0-2 Yrs|sales,communication,excel|Nestle India is looking for fresh graduates and early-career candidates for the Sales Executive role in the consumer goods space. Skills typically asked for this role: sales, communication, excel. This is a sample role built from typical industry requirements, not a confirmed vacancy. Check the company's careers page for the real opening.|3
seed:75dda1655acc2386|NetApp|Cyber Security Analyst|FULL_TIME|Multiple locations|Hybrid|4-7 Lacs PA|0-2 Yrs|cyber security,linux,python,communication|NetApp is looking for fresh graduates and early-career candidates for the Cyber Security Analyst role in the technology hardware, storage & peripherals space. Skills typically asked for this role: cyber security, linux, python, communication. This is a sample role built from typical industry requirements, not a confirmed vacancy. Check the company's careers page for the real opening.|4
seed:de4f40b76ce6a823|NetApp|Data Science Intern|INTERNSHIP|Multiple locations|Hybrid|₹20,000 / month|Internship|python,pandas,numpy,machine learning,sql|NetApp is looking for fresh graduates and early-career candidates for the Data Science Intern role in the technology hardware, storage & peripherals space. Skills typically asked for this role: python, pandas, numpy, machine learning, sql. This is a sample role built from typical industry requirements, not a confirmed vacancy. Check the company's careers page for the real opening.|9
seed:7cd5d9335e2a96db|NetApp|Associate Software Engineer|FULL_TIME|Multiple locations|Hybrid|3-7 Lacs PA|0-2 Yrs|python,sql,data structures,git,linux|NetApp is looking for fresh graduates and early-career candidates for the Associate Software Engineer role in the technology hardware, storage & peripherals space. Skills typically asked for this role: python, sql, data structures, git, linux. This is a sample role built from typical industry requirements, not a confirmed vacancy. Check the company's careers page for the real opening.|3
seed:842f60c117de257b|Netflix|Network Engineer Trainee|FULL_TIME|Multiple locations|Onsite|4-7 Lacs PA|0-2 Yrs|linux,iot,python,communication|Netflix is looking for fresh graduates and early-career candidates for the Network Engineer Trainee role in the movies & entertainment space. Skills typically asked for this role: linux, iot, python, communication. This is a sample role built from typical industry requirements, not a confirmed vacancy. Check the company's careers page for the real opening.|3
seed:3d564c6b04720744|Netflix|UI/UX Designer|FULL_TIME|Multiple locations|Remote|3-7 Lacs PA|0-2 Yrs|figma,ui/ux,photoshop,illustrator|Netflix is looking for fresh graduates and early-career candidates for the UI/UX Designer role in the movies & entertainment space. Skills typically asked for this role: figma, ui/ux, photoshop, illustrator. This is a sample role built from typical industry requirements, not a confirmed vacancy. Check the company's careers page for the real opening.|11
seed:b00e36ca66675e8d|Newmont|Quality Engineer|FULL_TIME|Multiple locations|Hybrid|4-6 Lacs PA|0-2 Yrs|quality control,six sigma,lean manufacturing,excel|Newmont is looking for fresh graduates and early-career candidates for the Quality Engineer role in the gold space. Skills typically asked for this role: quality control, six sigma, lean manufacturing, excel. This is a sample role built from typical industry requirements, not a confirmed vacancy. Check the company's careers page for the real opening.|14
seed:cab5db5e6974c655|Newmont|Supply Chain Executive|FULL_TIME|Multiple locations|Onsite|3-6 Lacs PA|0-2 Yrs|supply chain,excel,sap,communication|Newmont is looking for fresh graduates and early-career candidates for the Supply Chain Executive role in the gold space. Skills typically asked for this role: supply chain, excel, sap, communication. This is a sample role built from typical industry requirements, not a confirmed vacancy. Check the company's careers page for the real opening.|11
seed:5743fce714be943b|News Corp|UI/UX Designer|FULL_TIME|Multiple locations|Remote|3-6 Lacs PA|0-2 Yrs|figma,ui/ux,photoshop,illustrator|News Corp is looking for fresh graduates and early-career candidates for the UI/UX Designer role in the publishing space. Skills typically asked for this role: figma, ui/ux, photoshop, illustrator. This is a sample role built from typical industry requirements, not a confirmed vacancy. Check the company's careers page for the real opening.|1
seed:e9a3dc5fff363499|News Corp|Software Engineer|FULL_TIME|Multiple locations|Onsite|5-7 Lacs PA|0-2 Yrs|java,python,sql,rest api,git|News Corp is looking for fresh graduates and early-career candidates for the Software Engineer role in the publishing space. Skills typically asked for this role: java, python, sql, rest api, git. This is a sample role built from typical industry requirements, not a confirmed vacancy. Check the company's careers page for the real opening.|6
seed:8f8900775ee824fe|NextEra Energy|Graduate Engineer Trainee (Electrical)|FULL_TIME|Multiple locations|Onsite|3-7 Lacs PA|0-1 Yrs|plc,scada,matlab,project management|NextEra Energy is looking for fresh graduates and early-career candidates for the Graduate Engineer Trainee (Electrical) role in the multi-utilities space. Skills typically asked for this role: plc, scada, matlab, project management. This is a sample role built from typical industry requirements, not a confirmed vacancy. Check the company's careers page for the real opening.|10
seed:93c3d4832948cd16|NextEra Energy|Maintenance Engineer|FULL_TIME|Multiple locations|Remote|4-7 Lacs PA|0-2 Yrs|quality control,plc,autocad,six sigma|NextEra Energy is looking for fresh graduates and early-career candidates for the Maintenance Engineer role in the multi-utilities space. Skills typically asked for this role: quality control, plc, autocad, six sigma. This is a sample role built from typical industry requirements, not a confirmed vacancy. Check the company's careers page for the real opening.|9
seed:f54d199373d41482|NiSource|Process Engineer Trainee|FULL_TIME|Multiple locations|Onsite|4-7 Lacs PA|0-2 Yrs|process design,thermodynamics,aspen plus,matlab|NiSource is looking for fresh graduates and early-career candidates for the Process Engineer Trainee role in the multi-utilities space. Skills typically asked for this role: process design, thermodynamics, aspen plus, matlab. This is a sample role built from typical industry requirements, not a confirmed vacancy. Check the company's careers page for the real opening.|1
seed:846e885f4f8156ac|NiSource|Data Analyst (Operations)|FULL_TIME|Multiple locations|Remote|4-7 Lacs PA|0-2 Yrs|sql,excel,python,power bi,statistics|NiSource is looking for fresh graduates and early-career candidates for the Data Analyst (Operations) role in the multi-utilities space. Skills typically asked for this role: sql, excel, python, power bi, statistics. This is a sample role built from typical industry requirements, not a confirmed vacancy. Check the company's careers page for the real opening.|5
seed:fa10ca71ab6fd509|Nike, Inc.|Supply Chain Analyst|FULL_TIME|Multiple locations|Onsite|2-5 Lacs PA|0-2 Yrs|supply chain,excel,sql,sap,business analysis|Nike, Inc. is looking for fresh graduates and early-career candidates for the Supply Chain Analyst role in the apparel, accessories & luxury goods space. Skills typically asked for this role: supply chain, excel, sql, sap, business analysis. This is a sample role built from typical industry requirements, not a confirmed vacancy. Check the company's careers page for the real opening.|9
seed:2af3e3634a7b7033|Nike, Inc.|Digital Marketing Executive|FULL_TIME|Multiple locations|Remote|2-6 Lacs PA|0-2 Yrs|digital marketing,seo,content writing,excel,communication|Nike, Inc. is looking for fresh graduates and early-career candidates for the Digital Marketing Executive role in the apparel, accessories & luxury goods space. Skills typically asked for this role: digital marketing, seo, content writing, excel, communication. This is a sample role built from typical industry requirements, not a confirmed vacancy. Check the company's careers page for the real opening.|4
seed:3863729498128a78|Nordson Corporation|Supply Chain Analyst|FULL_TIME|Multiple locations|Onsite|3-7 Lacs PA|0-2 Yrs|supply chain,excel,sql,sap,business analysis|Nordson Corporation is looking for fresh graduates and early-career candidates for the Supply Chain Analyst role in the industrial machinery & supplies & components space. Skills typically asked for this role: supply chain, excel, sql, sap, business analysis. This is a sample role built from typical industry requirements, not a confirmed vacancy. Check the company's careers page for the real opening.|13
seed:c34a3317383075f3|Nordson Corporation|Civil Site Engineer|FULL_TIME|Multiple locations|Hybrid|3-7 Lacs PA|0-2 Yrs|autocad,revit,staad pro,project management|Nordson Corporation is looking for fresh graduates and early-career candidates for the Civil Site Engineer role in the industrial machinery & supplies & components space. Skills typically asked for this role: autocad, revit, staad pro, project management. This is a sample role built from typical industry requirements, not a confirmed vacancy. Check the company's careers page for the real opening.|9
seed:8ec67e49cc0e2f77|Norfolk Southern|Supply Chain Analyst|FULL_TIME|Multiple locations|Onsite|3-6 Lacs PA|0-2 Yrs|supply chain,excel,sql,sap,business analysis|Norfolk Southern is looking for fresh graduates and early-career candidates for the Supply Chain Analyst role in the rail transportation space. Skills typically asked for this role: supply chain, excel, sql, sap, business analysis. This is a sample role built from typical industry requirements, not a confirmed vacancy. Check the company's careers page for the real opening.|8
seed:37c00153c821af5d|Norfolk Southern|Civil Site Engineer|FULL_TIME|Multiple locations|Hybrid|3-6 Lacs PA|0-2 Yrs|autocad,revit,staad pro,project management|Norfolk Southern is looking for fresh graduates and early-career candidates for the Civil Site Engineer role in the rail transportation space. Skills typically asked for this role: autocad, revit, staad pro, project management. This is a sample role built from typical industry requirements, not a confirmed vacancy. Check the company's careers page for the real opening.|2
seed:c3dc427eeb119703|Northern Trust|Operations Executive|FULL_TIME|Multiple locations|Remote|1-3 Lacs PA|0-2 Yrs|excel,communication,accounting,tally,gst|Northern Trust is looking for fresh graduates and early-career candidates for the Operations Executive role in the asset management & custody banks space. Skills typically asked for this role: excel, communication, accounting, tally, gst. This is a sample role built from typical industry requirements, not a confirmed vacancy. Check the company's careers page for the real opening.|9
seed:d32d838e5e275a12|Northern Trust|Financial Analyst Trainee|FULL_TIME|Multiple locations|Onsite|3-6 Lacs PA|0-2 Yrs|excel,financial modeling,accounting,statistics,communication|Northern Trust is looking for fresh graduates and early-career candidates for the Financial Analyst Trainee role in the asset management & custody banks space. Skills typically asked for this role: excel, financial modeling, accounting, statistics, communication. This is a sample role built from typical industry requirements, not a confirmed vacancy. Check the company's careers page for the real opening.|14
seed:edd38dd95c096927|Northrop Grumman|Graduate Engineer Trainee|FULL_TIME|Multiple locations|Onsite|4-6 Lacs PA|0-1 Yrs|autocad,solidworks,matlab,project management,quality control|Northrop Grumman is looking for fresh graduates and early-career candidates for the Graduate Engineer Trainee role in the aerospace & defense space. Skills typically asked for this role: autocad, solidworks, matlab, project management, quality control. This is a sample role built from typical industry requirements, not a confirmed vacancy. Check the company's careers page for the real opening.|0
seed:5559d2cff54ab70c|Northrop Grumman|Design Engineer|FULL_TIME|Multiple locations|Hybrid|3-7 Lacs PA|0-2 Yrs|autocad,solidworks,catia,cad,ansys|Northrop Grumman is looking for fresh graduates and early-career candidates for the Design Engineer role in the aerospace & defense space. Skills typically asked for this role: autocad, solidworks, catia, cad, ansys. This is a sample role built from typical industry requirements, not a confirmed vacancy. Check the company's careers page for the real opening.|5
seed:64f545f23d84e62e|Norwegian Cruise Line Holdings|Supply Chain Analyst|FULL_TIME|Multiple locations|Remote|3-5 Lacs PA|0-2 Yrs|supply chain,excel,sql,sap,business analysis|Norwegian Cruise Line Holdings is looking for fresh graduates and early-career candidates for the Supply Chain Analyst role in the hotels, resorts & cruise lines space. Skills typically asked for this role: supply chain, excel, sql, sap, business analysis. This is a sample role built from typical industry requirements, not a confirmed vacancy. Check the company's careers page for the real opening.|6
seed:53761c1b5f2acb61|Norwegian Cruise Line Holdings|Software Engineer|FULL_TIME|Multiple locations|Remote|5-8 Lacs PA|0-2 Yrs|java,python,sql,react,git|Norwegian Cruise Line Holdings is looking for fresh graduates and early-career candidates for the Software Engineer role in the hotels, resorts & cruise lines space. Skills typically asked for this role: java, python, sql, react, git. This is a sample role built from typical industry requirements, not a confirmed vacancy. Check the company's careers page for the real opening.|4
seed:ac992eab3bc3b871|Nucor|Quality Engineer|FULL_TIME|Multiple locations|Onsite|4-6 Lacs PA|0-2 Yrs|quality control,six sigma,lean manufacturing,excel|Nucor is looking for fresh graduates and early-career candidates for the Quality Engineer role in the steel space. Skills typically asked for this role: quality control, six sigma, lean manufacturing, excel. This is a sample role built from typical industry requirements, not a confirmed vacancy. Check the company's careers page for the real opening.|7
seed:87b861e45838a081|Nucor|Supply Chain Executive|FULL_TIME|Multiple locations|Hybrid|3-7 Lacs PA|0-2 Yrs|supply chain,excel,sap,communication|Nucor is looking for fresh graduates and early-career candidates for the Supply Chain Executive role in the steel space. Skills typically asked for this role: supply chain, excel, sap, communication. This is a sample role built from typical industry requirements, not a confirmed vacancy. Check the company's careers page for the real opening.|13
seed:4c3f865decd62250|Nvidia|Frontend Developer|FULL_TIME|Multiple locations|Remote|3-5 Lacs PA|0-2 Yrs|javascript,typescript,react,html,css,git|Nvidia is looking for fresh graduates and early-career candidates for the Frontend Developer role in the semiconductors space. Skills typically asked for this role: javascript, typescript, react, html, css, git. This is a sample role built from typical industry requirements, not a confirmed vacancy. Check the company's careers page for the real opening.|2
seed:1522a06a5bb8a128|Nvidia|Cyber Security Analyst|FULL_TIME|Multiple locations|Hybrid|4-8 Lacs PA|0-2 Yrs|cyber security,linux,python,communication|Nvidia is looking for fresh graduates and early-career candidates for the Cyber Security Analyst role in the semiconductors space. Skills typically asked for this role: cyber security, linux, python, communication. This is a sample role built from typical industry requirements, not a confirmed vacancy. Check the company's careers page for the real opening.|6
seed:e66883617864786f|Nvidia|Full Stack Developer|FULL_TIME|Multiple locations|Onsite|3-6 Lacs PA|0-2 Yrs|javascript,react,node.js,html,css,mongodb,git|Nvidia is looking for fresh graduates and early-career candidates for the Full Stack Developer role in the semiconductors space. Skills typically asked for this role: javascript, react, node.js, html, css, mongodb, git. This is a sample role built from typical industry requirements, not a confirmed vacancy. Check the company's careers page for the real opening.|6
seed:cd10cf519b5347f3|Nykaa|Cyber Security Analyst|FULL_TIME|Kolkata|Onsite|5-9 Lacs PA|0-2 Yrs|cyber security,linux,python,communication|Nykaa is looking for fresh graduates and early-career candidates for the Cyber Security Analyst role in the e-commerce space. Skills typically asked for this role: cyber security, linux, python, communication. This is a sample role built from typical industry requirements, not a confirmed vacancy. Check the company's careers page for the real opening.|14
seed:2875cf96816a8762|Nykaa|Java Developer|FULL_TIME|Kolkata, Mumbai|Hybrid|3-6 Lacs PA|0-2 Yrs|java,spring boot,mysql,rest api,git|Nykaa is looking for fresh graduates and early-career candidates for the Java Developer role in the e-commerce space. Skills typically asked for this role: java, spring boot, mysql, rest api, git. This is a sample role built from typical industry requirements, not a confirmed vacancy. Check the company's careers page for the real opening.|12
seed:bdac2f3b678f7916|O'Reilly Automotive|Electrical Engineer Trainee|FULL_TIME|Multiple locations|Remote|3-5 Lacs PA|0-2 Yrs|plc,scada,matlab,autocad,embedded c|O'Reilly Automotive is looking for fresh graduates and early-career candidates for the Electrical Engineer Trainee role in the automotive retail space. Skills typically asked for this role: plc, scada, matlab, autocad, embedded c. This is a sample role built from typical industry requirements, not a confirmed vacancy. Check the company's careers page for the real opening.|14
seed:cc9a8d24c2890769|O'Reilly Automotive|Design Engineer|FULL_TIME|Multiple locations|Remote|2-5 Lacs PA|0-2 Yrs|autocad,solidworks,catia,cad,ansys|O'Reilly Automotive is looking for fresh graduates and early-career candidates for the Design Engineer role in the automotive retail space. Skills typically asked for this role: autocad, solidworks, catia, cad, ansys. This is a sample role built from typical industry requirements, not a confirmed vacancy. Check the company's careers page for the real opening.|12
seed:ad874feef3601460|ON Semiconductor|Full Stack Developer|FULL_TIME|Multiple locations|Hybrid|4-7 Lacs PA|0-2 Yrs|javascript,react,node.js,html,css,mongodb,git|ON Semiconductor is looking for fresh graduates and early-career candidates for the Full Stack Developer role in the semiconductors space. Skills typically asked for this role: javascript, react, node.js, html, css, mongodb, git. This is a sample role built from typical industry requirements, not a confirmed vacancy. Check the company's careers page for the real opening.|8
seed:2ad94acd41f1ae8d|ON Semiconductor|Python Developer|FULL_TIME|Multiple locations|Remote|4-7 Lacs PA|0-2 Yrs|python,sql,rest api,git,pandas|ON Semiconductor is looking for fresh graduates and early-career candidates for the Python Developer role in the semiconductors space. Skills typically asked for this role: python, sql, rest api, git, pandas. This is a sample role built from typical industry requirements, not a confirmed vacancy. Check the company's careers page for the real opening.|0
seed:6aeb43b8c54af503|ON Semiconductor|Machine Learning Engineer|FULL_TIME|Multiple locations|Onsite|4-7 Lacs PA|0-2 Yrs|python,machine learning,tensorflow,pandas,numpy,scikit-learn|ON Semiconductor is looking for fresh graduates and early-career candidates for the Machine Learning Engineer role in the semiconductors space. Skills typically asked for this role: python, machine learning, tensorflow, pandas, numpy, scikit-learn. This is a sample role built from typical industry requirements, not a confirmed vacancy. Check the company's careers page for the real opening.|9
seed:d4a5f9df05b9f423|ONGC|Graduate Engineer Trainee (Electrical)|FULL_TIME|Delhi NCR, Visakhapatnam|Onsite|5-8 Lacs PA|0-1 Yrs|plc,scada,matlab,project management|ONGC is looking for fresh graduates and early-career candidates for the Graduate Engineer Trainee (Electrical) role in the oil and gas space. Skills typically asked for this role: plc, scada, matlab, project management. This is a sample role built from typical industry requirements, not a confirmed vacancy. Check the company's careers page for the real opening.|4
seed:cd23f75dca7df1dd|ONGC|Process Engineer Trainee|FULL_TIME|Visakhapatnam|Onsite|5-8 Lacs PA|0-2 Yrs|process design,thermodynamics,aspen plus,matlab|ONGC is looking for fresh graduates and early-career candidates for the Process Engineer Trainee role in the oil and gas space. Skills typically asked for this role: process design, thermodynamics, aspen plus, matlab. This is a sample role built from typical industry requirements, not a confirmed vacancy. Check the company's careers page for the real opening.|11
seed:67263dc822c80dd7|Occidental Petroleum|Process Engineer Trainee|FULL_TIME|Multiple locations|Onsite|3-6 Lacs PA|0-2 Yrs|process design,thermodynamics,aspen plus,matlab|Occidental Petroleum is looking for fresh graduates and early-career candidates for the Process Engineer Trainee role in the oil & gas exploration & production space. Skills typically asked for this role: process design, thermodynamics, aspen plus, matlab. This is a sample role built from typical industry requirements, not a confirmed vacancy. Check the company's careers page for the real opening.|5
seed:4647229627d2d295|Occidental Petroleum|Graduate Engineer Trainee (Electrical)|FULL_TIME|Multiple locations|Hybrid|3-6 Lacs PA|0-1 Yrs|plc,scada,matlab,project management|Occidental Petroleum is looking for fresh graduates and early-career candidates for the Graduate Engineer Trainee (Electrical) role in the oil & gas exploration & production space. Skills typically asked for this role: plc, scada, matlab, project management. This is a sample role built from typical industry requirements, not a confirmed vacancy. Check the company's careers page for the real opening.|12
seed:47d904dce5ef7c47|Ola Electric|Design Engineer|FULL_TIME|Mumbai, Kolkata, Visakhapatnam|Onsite|3-6 Lacs PA|0-2 Yrs|autocad,solidworks,catia,cad,ansys|Ola Electric is looking for fresh graduates and early-career candidates for the Design Engineer role in the electric vehicles space. Skills typically asked for this role: autocad, solidworks, catia, cad, ansys. This is a sample role built from typical industry requirements, not a confirmed vacancy. Check the company's careers page for the real opening.|14
seed:5dffe08240e29acc|Ola Electric|Engineering Intern|INTERNSHIP|Pune, Hyderabad|Onsite|₹15,000 / month|Internship|autocad,matlab,solidworks,communication|Ola Electric is looking for fresh graduates and early-career candidates for the Engineering Intern role in the electric vehicles space. Skills typically asked for this role: autocad, matlab, solidworks, communication. This is a sample role built from typical industry requirements, not a confirmed vacancy. Check the company's careers page for the real opening.|10
seed:36d8b84ad627797e|Old Dominion|Graduate Engineer Trainee|FULL_TIME|Multiple locations|Hybrid|4-7 Lacs PA|0-1 Yrs|autocad,solidworks,matlab,project management,quality control|Old Dominion is looking for fresh graduates and early-career candidates for the Graduate Engineer Trainee role in the cargo ground transportation space. Skills typically asked for this role: autocad, solidworks, matlab, project management, quality control. This is a sample role built from typical industry requirements, not a confirmed vacancy. Check the company's careers page for the real opening.|7
seed:4607b99fbbee2fd7|Old Dominion|Electrical Engineer Trainee|FULL_TIME|Multiple locations|Hybrid|3-6 Lacs PA|0-2 Yrs|plc,scada,matlab,autocad,embedded c|Old Dominion is looking for fresh graduates and early-career candidates for the Electrical Engineer Trainee role in the cargo ground transportation space. Skills typically asked for this role: plc, scada, matlab, autocad, embedded c. This is a sample role built from typical industry requirements, not a confirmed vacancy. Check the company's careers page for the real opening.|9
seed:8c762867fd88978c|Omnicom Group|Data Analyst|FULL_TIME|Multiple locations|Hybrid|3-6 Lacs PA|0-2 Yrs|sql,excel,python,tableau,statistics|Omnicom Group is looking for fresh graduates and early-career candidates for the Data Analyst role in the advertising space. Skills typically asked for this role: sql, excel, python, tableau, statistics. This is a sample role built from typical industry requirements, not a confirmed vacancy. Check the company's careers page for the real opening.|12
seed:cc91dfe909ad9fc0|Omnicom Group|UI/UX Designer|FULL_TIME|Multiple locations|Onsite|2-5 Lacs PA|0-2 Yrs|figma,ui/ux,photoshop,illustrator|Omnicom Group is looking for fresh graduates and early-career candidates for the UI/UX Designer role in the advertising space. Skills typically asked for this role: figma, ui/ux, photoshop, illustrator. This is a sample role built from typical industry requirements, not a confirmed vacancy. Check the company's careers page for the real opening.|9
seed:9662dc5e1bb14d60|Oneok|Engineering Intern|INTERNSHIP|Multiple locations|Onsite|₹20,000 / month|Internship|process design,matlab,excel,project management|Oneok is looking for fresh graduates and early-career candidates for the Engineering Intern role in the oil & gas storage & transportation space. Skills typically asked for this role: process design, matlab, excel, project management. This is a sample role built from typical industry requirements, not a confirmed vacancy. Check the company's careers page for the real opening.|13
seed:b98f091b67b2a613|Oneok|Process Engineer Trainee|FULL_TIME|Multiple locations|Remote|3-5 Lacs PA|0-2 Yrs|process design,thermodynamics,aspen plus,matlab|Oneok is looking for fresh graduates and early-career candidates for the Process Engineer Trainee role in the oil & gas storage & transportation space. Skills typically asked for this role: process design, thermodynamics, aspen plus, matlab. This is a sample role built from typical industry requirements, not a confirmed vacancy. Check the company's careers page for the real opening.|14
seed:954d842b4bba8f13|Oracle Corporation|Data Analyst|FULL_TIME|Multiple locations|Onsite|4-7 Lacs PA|0-2 Yrs|sql,excel,python,power bi,statistics|Oracle Corporation is looking for fresh graduates and early-career candidates for the Data Analyst role in the application software space. Skills typically asked for this role: sql, excel, python, power bi, statistics. This is a sample role built from typical industry requirements, not a confirmed vacancy. Check the company's careers page for the real opening.|13
seed:f24418b19b7ae203|Oracle Corporation|Frontend Developer|FULL_TIME|Multiple locations|Onsite|3-7 Lacs PA|0-2 Yrs|javascript,typescript,react,html,css,git|Oracle Corporation is looking for fresh graduates and early-career candidates for the Frontend Developer role in the application software space. Skills typically asked for this role: javascript, typescript, react, html, css, git. This is a sample role built from typical industry requirements, not a confirmed vacancy. Check the company's careers page for the real opening.|9
seed:4911c32baeac8776|Oracle Corporation|Python Developer|FULL_TIME|Multiple locations|Remote|4-6 Lacs PA|0-2 Yrs|python,sql,rest api,git,pandas|Oracle Corporation is looking for fresh graduates and early-career candidates for the Python Developer role in the application software space. Skills typically asked for this role: python, sql, rest api, git, pandas. This is a sample role built from typical industry requirements, not a confirmed vacancy. Check the company's careers page for the real opening.|3
seed:26b479360954330f|Otis Worldwide|Production Engineer|FULL_TIME|Multiple locations|Hybrid|2-5 Lacs PA|0-2 Yrs|lean manufacturing,six sigma,quality control,cnc,cad|Otis Worldwide is looking for fresh graduates and early-career candidates for the Production Engineer role in the industrial machinery & supplies & components space. Skills typically asked for this role: lean manufacturing, six sigma, quality control, cnc, cad. This is a sample role built from typical industry requirements, not a confirmed vacancy. Check the company's careers page for the real opening.|9
seed:9c4105ed9d77fcf4|Otis Worldwide|Embedded Software Engineer|FULL_TIME|Multiple locations|Onsite|4-6 Lacs PA|0-2 Yrs|embedded c,c++,iot,arduino,linux|Otis Worldwide is looking for fresh graduates and early-career candidates for the Embedded Software Engineer role in the industrial machinery & supplies & components space. Skills typically asked for this role: embedded c, c++, iot, arduino, linux. This is a sample role built from typical industry requirements, not a confirmed vacancy. Check the company's careers page for the real opening.|3
seed:d4e45722643683e4|PG&E Corporation|Data Analyst (Operations)|FULL_TIME|Multiple locations|Onsite|4-7 Lacs PA|0-2 Yrs|sql,excel,python,power bi,statistics|PG&E Corporation is looking for fresh graduates and early-career candidates for the Data Analyst (Operations) role in the multi-utilities space. Skills typically asked for this role: sql, excel, python, power bi, statistics. This is a sample role built from typical industry requirements, not a confirmed vacancy. Check the company's careers page for the real opening.|7
seed:69d0bd76b18cbd99|PG&E Corporation|Process Engineer Trainee|FULL_TIME|Multiple locations|Remote|4-8 Lacs PA|0-2 Yrs|process design,thermodynamics,aspen plus,matlab|PG&E Corporation is looking for fresh graduates and early-career candidates for the Process Engineer Trainee role in the multi-utilities space. Skills typically asked for this role: process design, thermodynamics, aspen plus, matlab. This is a sample role built from typical industry requirements, not a confirmed vacancy. Check the company's careers page for the real opening.|1
seed:d8a2fab791e74850|PNC Financial Services|Operations Executive|FULL_TIME|Multiple locations|Hybrid|2-5 Lacs PA|0-2 Yrs|excel,communication,accounting,tally,gst|PNC Financial Services is looking for fresh graduates and early-career candidates for the Operations Executive role in the diversified banks space. Skills typically asked for this role: excel, communication, accounting, tally, gst. This is a sample role built from typical industry requirements, not a confirmed vacancy. Check the company's careers page for the real opening.|2
seed:e8e5e373143a4d73|PNC Financial Services|Business Analyst|FULL_TIME|Multiple locations|Hybrid|4-7 Lacs PA|0-2 Yrs|sql,excel,business analysis,power bi,communication|PNC Financial Services is looking for fresh graduates and early-career candidates for the Business Analyst role in the diversified banks space. Skills typically asked for this role: sql, excel, business analysis, power bi, communication. This is a sample role built from typical industry requirements, not a confirmed vacancy. Check the company's careers page for the real opening.|4
seed:ccc4891881c4c2b2|PPG Industries|Process Engineer Trainee|FULL_TIME|Multiple locations|Onsite|3-7 Lacs PA|0-2 Yrs|process design,thermodynamics,quality control,six sigma|PPG Industries is looking for fresh graduates and early-career candidates for the Process Engineer Trainee role in the specialty chemicals space. Skills typically asked for this role: process design, thermodynamics, quality control, six sigma. This is a sample role built from typical industry requirements, not a confirmed vacancy. Check the company's careers page for the real opening.|9
seed:cf660d17de1c24c3|PPG Industries|Quality Engineer|FULL_TIME|Multiple locations|Hybrid|3-6 Lacs PA|0-2 Yrs|quality control,six sigma,lean manufacturing,excel|PPG Industries is looking for fresh graduates and early-career candidates for the Quality Engineer role in the specialty chemicals space. Skills typically asked for this role: quality control, six sigma, lean manufacturing, excel. This is a sample role built from typical industry requirements, not a confirmed vacancy. Check the company's careers page for the real opening.|5
seed:5c0f0a3248cab792|PPL Corporation|Maintenance Engineer|FULL_TIME|Multiple locations|Onsite|3-5 Lacs PA|0-2 Yrs|quality control,plc,autocad,six sigma|PPL Corporation is looking for fresh graduates and early-career candidates for the Maintenance Engineer role in the electric utilities space. Skills typically asked for this role: quality control, plc, autocad, six sigma. This is a sample role built from typical industry requirements, not a confirmed vacancy. Check the company's careers page for the real opening.|3
seed:97a42f36e1797333|PPL Corporation|Process Engineer Trainee|FULL_TIME|Multiple locations|Hybrid|3-7 Lacs PA|0-2 Yrs|process design,thermodynamics,aspen plus,matlab|PPL Corporation is looking for fresh graduates and early-career candidates for the Process Engineer Trainee role in the electric utilities space. Skills typically asked for this role: process design, thermodynamics, aspen plus, matlab. This is a sample role built from typical industry requirements, not a confirmed vacancy. Check the company's careers page for the real opening.|13
seed:6fb4a97fce7aa796|PTC Inc.|Cyber Security Analyst|FULL_TIME|Multiple locations|Hybrid|3-6 Lacs PA|0-2 Yrs|cyber security,linux,python,communication|PTC Inc. is looking for fresh graduates and early-career candidates for the Cyber Security Analyst role in the application software space. Skills typically asked for this role: cyber security, linux, python, communication. This is a sample role built from typical industry requirements, not a confirmed vacancy. Check the company's careers page for the real opening.|10
seed:b4f917b672fee3fe|PTC Inc.|Software Engineer Trainee|FULL_TIME|Multiple locations|Onsite|4-7 Lacs PA|0-1 Yrs|java,sql,data structures,git,rest api|PTC Inc. is looking for fresh graduates and early-career candidates for the Software Engineer Trainee role in the application software space. Skills typically asked for this role: java, sql, data structures, git, rest api. This is a sample role built from typical industry requirements, not a confirmed vacancy. Check the company's careers page for the real opening.|11
seed:f06c1b09eb2ddf6a|PTC Inc.|Java Developer|FULL_TIME|Multiple locations|Onsite|4-8 Lacs PA|0-2 Yrs|java,spring boot,mysql,rest api,git|PTC Inc. is looking for fresh graduates and early-career candidates for the Java Developer role in the application software space. Skills typically asked for this role: java, spring boot, mysql, rest api, git. This is a sample role built from typical industry requirements, not a confirmed vacancy. Check the company's careers page for the real opening.|5
seed:0de74c58777614e1|Paccar|Electrical Engineer Trainee|FULL_TIME|Multiple locations|Hybrid|3-7 Lacs PA|0-2 Yrs|plc,scada,matlab,autocad,embedded c|Paccar is looking for fresh graduates and early-career candidates for the Electrical Engineer Trainee role in the construction machinery & heavy transportation equipment space. Skills typically asked for this role: plc, scada, matlab, autocad, embedded c. This is a sample role built from typical industry requirements, not a confirmed vacancy. Check the company's careers page for the real opening.|11
seed:d1c9e49246d745d7|Paccar|Civil Site Engineer|FULL_TIME|Multiple locations|Hybrid|1-4 Lacs PA|0-2 Yrs|autocad,revit,staad pro,project management|Paccar is looking for fresh graduates and early-career candidates for the Civil Site Engineer role in the construction machinery & heavy transportation equipment space. Skills typically asked for this role: autocad, revit, staad pro, project management. This is a sample role built from typical industry requirements, not a confirmed vacancy. Check the company's careers page for the real opening.|11
seed:7f8d18a0bc654465|Packaging Corporation of America|Supply Chain Executive|FULL_TIME|Multiple locations|Hybrid|4-8 Lacs PA|0-2 Yrs|supply chain,excel,sap,communication|Packaging Corporation of America is looking for fresh graduates and early-career candidates for the Supply Chain Executive role in the paper & plastic packaging products & materials space. Skills typically asked for this role: supply chain, excel, sap, communication. This is a sample role built from typical industry requirements, not a confirmed vacancy. Check the company's careers page for the real opening.|10
seed:3f85d521ef40d9e9|Packaging Corporation of America|Plant Intern|INTERNSHIP|Multiple locations|Hybrid|₹10,000 / month|Internship|process design,quality control,excel|Packaging Corporation of America is looking for fresh graduates and early-career candidates for the Plant Intern role in the paper & plastic packaging products & materials space. Skills typically asked for this role: process design, quality control, excel. This is a sample role built from typical industry requirements, not a confirmed vacancy. Check the company's careers page for the real opening.|4
seed:b91ffe1b87d9e45a|Palantir Technologies|Java Developer|FULL_TIME|Multiple locations|Remote|3-6 Lacs PA|0-2 Yrs|java,spring boot,mysql,rest api,git|Palantir Technologies is looking for fresh graduates and early-career candidates for the Java Developer role in the application software space. Skills typically asked for this role: java, spring boot, mysql, rest api, git. This is a sample role built from typical industry requirements, not a confirmed vacancy. Check the company's careers page for the real opening.|4
seed:dbb4e4eeecb436ba|Palantir Technologies|Frontend Developer|FULL_TIME|Multiple locations|Hybrid|2-6 Lacs PA|0-2 Yrs|javascript,typescript,react,html,css,git|Palantir Technologies is looking for fresh graduates and early-career candidates for the Frontend Developer role in the application software space. Skills typically asked for this role: javascript, typescript, react, html, css, git. This is a sample role built from typical industry requirements, not a confirmed vacancy. Check the company's careers page for the real opening.|1
seed:87558c4b0cc3ea6f|Palantir Technologies|Machine Learning Engineer|FULL_TIME|Multiple locations|Hybrid|5-7 Lacs PA|0-2 Yrs|python,machine learning,tensorflow,pandas,numpy,scikit-learn|Palantir Technologies is looking for fresh graduates and early-career candidates for the Machine Learning Engineer role in the application software space. Skills typically asked for this role: python, machine learning, tensorflow, pandas, numpy, scikit-learn. This is a sample role built from typical industry requirements, not a confirmed vacancy. Check the company's careers page for the real opening.|11
seed:834ed6a862d3be26|Palo Alto Networks|Machine Learning Engineer|FULL_TIME|Multiple locations|Remote|4-7 Lacs PA|0-2 Yrs|python,machine learning,tensorflow,pandas,numpy,scikit-learn|Palo Alto Networks is looking for fresh graduates and early-career candidates for the Machine Learning Engineer role in the systems software space. Skills typically asked for this role: python, machine learning, tensorflow, pandas, numpy, scikit-learn. This is a sample role built from typical industry requirements, not a confirmed vacancy. Check the company's careers page for the real opening.|2
seed:7404705011729eb4|Palo Alto Networks|Cyber Security Analyst|FULL_TIME|Multiple locations|Onsite|5-8 Lacs PA|0-2 Yrs|cyber security,linux,python,communication|Palo Alto Networks is looking for fresh graduates and early-career candidates for the Cyber Security Analyst role in the systems software space. Skills typically asked for this role: cyber security, linux, python, communication. This is a sample role built from typical industry requirements, not a confirmed vacancy. Check the company's careers page for the real opening.|2
seed:2ba0d67f0286e5c8|Palo Alto Networks|QA / Test Engineer|FULL_TIME|Multiple locations|Onsite|3-7 Lacs PA|0-2 Yrs|java,sql,git,rest api|Palo Alto Networks is looking for fresh graduates and early-career candidates for the QA / Test Engineer role in the systems software space. Skills typically asked for this role: java, sql, git, rest api. This is a sample role built from typical industry requirements, not a confirmed vacancy. Check the company's careers page for the real opening.|14
seed:7510b1db60562759|Parker Hannifin|Production Engineer|FULL_TIME|Multiple locations|Remote|3-6 Lacs PA|0-2 Yrs|lean manufacturing,six sigma,quality control,cnc,cad|Parker Hannifin is looking for fresh graduates and early-career candidates for the Production Engineer role in the industrial machinery & supplies & components space. Skills typically asked for this role: lean manufacturing, six sigma, quality control, cnc, cad. This is a sample role built from typical industry requirements, not a confirmed vacancy. Check the company's careers page for the real opening.|9
seed:8000811d78a6a8fc|Parker Hannifin|Electrical Engineer Trainee|FULL_TIME|Multiple locations|Hybrid|4-6 Lacs PA|0-2 Yrs|plc,scada,matlab,autocad,embedded c|Parker Hannifin is looking for fresh graduates and early-career candidates for the Electrical Engineer Trainee role in the industrial machinery & supplies & components space. Skills typically asked for this role: plc, scada, matlab, autocad, embedded c. This is a sample role built from typical industry requirements, not a confirmed vacancy. Check the company's careers page for the real opening.|0
seed:ef3d5545a7af5772|PayPal|Risk Analyst|FULL_TIME|Multiple locations|Onsite|4-8 Lacs PA|0-2 Yrs|excel,statistics,sql,python,financial modeling|PayPal is looking for fresh graduates and early-career candidates for the Risk Analyst role in the transaction & payment processing services space. Skills typically asked for this role: excel, statistics, sql, python, financial modeling. This is a sample role built from typical industry requirements, not a confirmed vacancy. Check the company's careers page for the real opening.|9
seed:f8786ea8dabf12d6|PayPal|Operations Executive|FULL_TIME|Multiple locations|Hybrid|1-5 Lacs PA|0-2 Yrs|excel,communication,accounting,tally,gst|PayPal is looking for fresh graduates and early-career candidates for the Operations Executive role in the transaction & payment processing services space. Skills typically asked for this role: excel, communication, accounting, tally, gst. This is a sample role built from typical industry requirements, not a confirmed vacancy. Check the company's careers page for the real opening.|4
seed:88be61bbcdfab9b6|Paychex|Production Engineer|FULL_TIME|Multiple locations|Hybrid|3-6 Lacs PA|0-2 Yrs|lean manufacturing,six sigma,quality control,cnc,cad|Paychex is looking for fresh graduates and early-career candidates for the Production Engineer role in the human resource & employment services space. Skills typically asked for this role: lean manufacturing, six sigma, quality control, cnc, cad. This is a sample role built from typical industry requirements, not a confirmed vacancy. Check the company's careers page for the real opening.|12
seed:a5c3fd686f288b9a|Paychex|Electrical Engineer Trainee|FULL_TIME|Multiple locations|Onsite|2-6 Lacs PA|0-2 Yrs|plc,scada,matlab,autocad,embedded c|Paychex is looking for fresh graduates and early-career candidates for the Electrical Engineer Trainee role in the human resource & employment services space. Skills typically asked for this role: plc, scada, matlab, autocad, embedded c. This is a sample role built from typical industry requirements, not a confirmed vacancy. Check the company's careers page for the real opening.|4
seed:4d60d12982e68a39|Paytm (One97 Communications)|Data Analyst|FULL_TIME|Kochi, Kolkata, Bengaluru|Hybrid|3-6 Lacs PA|0-2 Yrs|sql,excel,python,power bi,statistics|Paytm (One97 Communications) is looking for fresh graduates and early-career candidates for the Data Analyst role in the fintech space. Skills typically asked for this role: sql, excel, python, power bi, statistics. This is a sample role built from typical industry requirements, not a confirmed vacancy. Check the company's careers page for the real opening.|8
seed:e82c6878bb75c489|Paytm (One97 Communications)|Java Developer|FULL_TIME|Bengaluru|Remote|2-4 Lacs PA|0-2 Yrs|java,spring boot,mysql,rest api,git|Paytm (One97 Communications) is looking for fresh graduates and early-career candidates for the Java Developer role in the fintech space. Skills typically asked for this role: java, spring boot, mysql, rest api, git. This is a sample role built from typical industry requirements, not a confirmed vacancy. Check the company's careers page for the real opening.|10
seed:fef1f8a152d02056|Paytm (One97 Communications)|Python Developer|FULL_TIME|Delhi NCR, Chennai|Hybrid|4-8 Lacs PA|0-2 Yrs|python,sql,rest api,git,pandas|Paytm (One97 Communications) is looking for fresh graduates and early-career candidates for the Python Developer role in the fintech space. Skills typically asked for this role: python, sql, rest api, git, pandas. This is a sample role built from typical industry requirements, not a confirmed vacancy. Check the company's careers page for the real opening.|8
seed:9eed188f21c5b272|Pentair|Civil Site Engineer|FULL_TIME|Multiple locations|Onsite|2-5 Lacs PA|0-2 Yrs|autocad,revit,staad pro,project management|Pentair is looking for fresh graduates and early-career candidates for the Civil Site Engineer role in the industrial machinery & supplies & components space. Skills typically asked for this role: autocad, revit, staad pro, project management. This is a sample role built from typical industry requirements, not a confirmed vacancy. Check the company's careers page for the real opening.|4
seed:6c44391092325c3c|Pentair|Engineering Intern|INTERNSHIP|Multiple locations|Onsite|₹15,000 / month|Internship|autocad,matlab,solidworks,communication|Pentair is looking for fresh graduates and early-career candidates for the Engineering Intern role in the industrial machinery & supplies & components space. Skills typically asked for this role: autocad, matlab, solidworks, communication. This is a sample role built from typical industry requirements, not a confirmed vacancy. Check the company's careers page for the real opening.|7
seed:d8c225ff0375ef9f|PepsiCo|Software Engineer|FULL_TIME|Multiple locations|Hybrid|5-9 Lacs PA|0-2 Yrs|java,python,sql,react,git|PepsiCo is looking for fresh graduates and early-career candidates for the Software Engineer role in the soft drinks & non-alcoholic beverages space. Skills typically asked for this role: java, python, sql, react, git. This is a sample role built from typical industry requirements, not a confirmed vacancy. Check the company's careers page for the real opening.|1
seed:be030901856acd93|PepsiCo|Business Analyst|FULL_TIME|Multiple locations|Hybrid|4-8 Lacs PA|0-2 Yrs|sql,excel,power bi,business analysis,communication|PepsiCo is looking for fresh graduates and early-career candidates for the Business Analyst role in the soft drinks & non-alcoholic beverages space. Skills typically asked for this role: sql, excel, power bi, business analysis, communication. This is a sample role built from typical industry requirements, not a confirmed vacancy. Check the company's careers page for the real opening.|13
seed:e76831d84cc64396|Pfizer|Research Associate|FULL_TIME|Multiple locations|Onsite|1-4 Lacs PA|0-2 Yrs|research,lab techniques,pcr,pharmacology|Pfizer is looking for fresh graduates and early-career candidates for the Research Associate role in the pharmaceuticals space. Skills typically asked for this role: research, lab techniques, pcr, pharmacology. This is a sample role built from typical industry requirements, not a confirmed vacancy. Check the company's careers page for the real opening.|3
seed:46e4870199b69840|Pfizer|Data Analyst (Healthcare)|FULL_TIME|Multiple locations|Onsite|3-7 Lacs PA|0-2 Yrs|sql,excel,statistics,python,power bi|Pfizer is looking for fresh graduates and early-career candidates for the Data Analyst (Healthcare) role in the pharmaceuticals space. Skills typically asked for this role: sql, excel, statistics, python, power bi. This is a sample role built from typical industry requirements, not a confirmed vacancy. Check the company's careers page for the real opening.|10
seed:a589722166c661b8|Philip Morris International|Business Analyst|FULL_TIME|Multiple locations|Onsite|4-7 Lacs PA|0-2 Yrs|sql,excel,power bi,business analysis,communication|Philip Morris International is looking for fresh graduates and early-career candidates for the Business Analyst role in the tobacco space. Skills typically asked for this role: sql, excel, power bi, business analysis, communication. This is a sample role built from typical industry requirements, not a confirmed vacancy. Check the company's careers page for the real opening.|4
seed:0dbda5a9657db4a1|Philip Morris International|Digital Marketing Executive|FULL_TIME|Multiple locations|Hybrid|2-5 Lacs PA|0-2 Yrs|digital marketing,seo,content writing,excel,communication|Philip Morris International is looking for fresh graduates and early-career candidates for the Digital Marketing Executive role in the tobacco space. Skills typically asked for this role: digital marketing, seo, content writing, excel, communication. This is a sample role built from typical industry requirements, not a confirmed vacancy. Check the company's careers page for the real opening.|14
seed:8220e7e9dccef56a|Phillips 66|Process Engineer Trainee|FULL_TIME|Multiple locations|Hybrid|5-9 Lacs PA|0-2 Yrs|process design,thermodynamics,aspen plus,matlab|Phillips 66 is looking for fresh graduates and early-career candidates for the Process Engineer Trainee role in the oil & gas refining & marketing space. Skills typically asked for this role: process design, thermodynamics, aspen plus, matlab. This is a sample role built from typical industry requirements, not a confirmed vacancy. Check the company's careers page for the real opening.|5
seed:84ba4a14e4b51dc0|Phillips 66|Engineering Intern|INTERNSHIP|Multiple locations|Onsite|₹12,000 / month|Internship|process design,matlab,excel,project management|Phillips 66 is looking for fresh graduates and early-career candidates for the Engineering Intern role in the oil & gas refining & marketing space. Skills typically asked for this role: process design, matlab, excel, project management. This is a sample role built from typical industry requirements, not a confirmed vacancy. Check the company's careers page for the real opening.|13
seed:fbc0739d13f4989d|Pinnacle West Capital|Engineering Intern|INTERNSHIP|Multiple locations|Hybrid|₹20,000 / month|Internship|process design,matlab,excel,project management|Pinnacle West Capital is looking for fresh graduates and early-career candidates for the Engineering Intern role in the multi-utilities space. Skills typically asked for this role: process design, matlab, excel, project management. This is a sample role built from typical industry requirements, not a confirmed vacancy. Check the company's careers page for the real opening.|7
seed:20db4fc358167294|Pinnacle West Capital|Process Engineer Trainee|FULL_TIME|Multiple locations|Onsite|3-6 Lacs PA|0-2 Yrs|process design,thermodynamics,aspen plus,matlab|Pinnacle West Capital is looking for fresh graduates and early-career candidates for the Process Engineer Trainee role in the multi-utilities space. Skills typically asked for this role: process design, thermodynamics, aspen plus, matlab. This is a sample role built from typical industry requirements, not a confirmed vacancy. Check the company's careers page for the real opening.|9
seed:68d82e2f6153b7d5|Power Grid Corporation of India|Data Analyst (Operations)|FULL_TIME|Mumbai, Chennai|Onsite|3-6 Lacs PA|0-2 Yrs|sql,excel,python,power bi,statistics|Power Grid Corporation of India is looking for fresh graduates and early-career candidates for the Data Analyst (Operations) role in the power space. Skills typically asked for this role: sql, excel, python, power bi, statistics. This is a sample role built from typical industry requirements, not a confirmed vacancy. Check the company's careers page for the real opening.|5
seed:6e37ba2cf2f42fd8|Power Grid Corporation of India|Engineering Intern|INTERNSHIP|Kolkata, Mumbai, Hyderabad|Hybrid|₹15,000 / month|Internship|process design,matlab,excel,project management|Power Grid Corporation of India is looking for fresh graduates and early-career candidates for the Engineering Intern role in the power space. Skills typically asked for this role: process design, matlab, excel, project management. This is a sample role built from typical industry requirements, not a confirmed vacancy. Check the company's careers page for the real opening.|3
seed:aaad6a0a1869f014|Principal Financial Group|Quality Control Analyst|FULL_TIME|Multiple locations|Hybrid|3-6 Lacs PA|0-2 Yrs|quality control,lab techniques,spectroscopy,research|Principal Financial Group is looking for fresh graduates and early-career candidates for the Quality Control Analyst role in the life & health insurance space. Skills typically asked for this role: quality control, lab techniques, spectroscopy, research. This is a sample role built from typical industry requirements, not a confirmed vacancy. Check the company's careers page for the real opening.|0
seed:0ae0ff098f19996b|Principal Financial Group|Research Intern|INTERNSHIP|Multiple locations|Hybrid|₹20,000 / month|Internship|research,lab techniques,statistics|Principal Financial Group is looking for fresh graduates and early-career candidates for the Research Intern role in the life & health insurance space. Skills typically asked for this role: research, lab techniques, statistics. This is a sample role built from typical industry requirements, not a confirmed vacancy. Check the company's careers page for the real opening.|12
seed:18d5db631589a91c|Procter & Gamble|Business Analyst|FULL_TIME|Multiple locations|Onsite|4-7 Lacs PA|0-2 Yrs|sql,excel,power bi,business analysis,communication|Procter & Gamble is looking for fresh graduates and early-career candidates for the Business Analyst role in the personal care products space. Skills typically asked for this role: sql, excel, power bi, business analysis, communication. This is a sample role built from typical industry requirements, not a confirmed vacancy. Check the company's careers page for the real opening.|3
seed:9a21aa8d99d5a39b|Procter & Gamble|Digital Marketing Executive|FULL_TIME|Multiple locations|Remote|2-6 Lacs PA|0-2 Yrs|digital marketing,seo,content writing,excel,communication|Procter & Gamble is looking for fresh graduates and early-career candidates for the Digital Marketing Executive role in the personal care products space. Skills typically asked for this role: digital marketing, seo, content writing, excel, communication. This is a sample role built from typical industry requirements, not a confirmed vacancy. Check the company's careers page for the real opening.|1
seed:5bbcd9cc85e8f0f6|Progressive Corporation|Business Analyst|FULL_TIME|Multiple locations|Onsite|4-6 Lacs PA|0-2 Yrs|sql,excel,business analysis,power bi,communication|Progressive Corporation is looking for fresh graduates and early-career candidates for the Business Analyst role in the property & casualty insurance space. Skills typically asked for this role: sql, excel, business analysis, power bi, communication. This is a sample role built from typical industry requirements, not a confirmed vacancy. Check the company's careers page for the real opening.|12
seed:37531f89338bd7ec|Progressive Corporation|Finance Intern|INTERNSHIP|Multiple locations|Onsite|₹10,000 / month|Internship|excel,accounting,financial modeling,communication|Progressive Corporation is looking for fresh graduates and early-career candidates for the Finance Intern role in the property & casualty insurance space. Skills typically asked for this role: excel, accounting, financial modeling, communication. This is a sample role built from typical industry requirements, not a confirmed vacancy. Check the company's careers page for the real opening.|7
seed:76c5bb85f796e2ca|Prologis|Planning Engineer|FULL_TIME|Multiple locations|Remote|4-6 Lacs PA|0-2 Yrs|project management,autocad,excel,revit|Prologis is looking for fresh graduates and early-career candidates for the Planning Engineer role in the industrial reits space. Skills typically asked for this role: project management, autocad, excel, revit. This is a sample role built from typical industry requirements, not a confirmed vacancy. Check the company's careers page for the real opening.|3
seed:21f6808359a64b44|Prologis|Business Analyst|FULL_TIME|Multiple locations|Hybrid|2-4 Lacs PA|0-2 Yrs|excel,financial modeling,sql,business analysis|Prologis is looking for fresh graduates and early-career candidates for the Business Analyst role in the industrial reits space. Skills typically asked for this role: excel, financial modeling, sql, business analysis. This is a sample role built from typical industry requirements, not a confirmed vacancy. Check the company's careers page for the real opening.|6
seed:ad678d98f10dbed2|Prudential Financial|Research Associate|FULL_TIME|Multiple locations|Hybrid|2-4 Lacs PA|0-2 Yrs|research,lab techniques,pcr,pharmacology|Prudential Financial is looking for fresh graduates and early-career candidates for the Research Associate role in the life & health insurance space. Skills typically asked for this role: research, lab techniques, pcr, pharmacology. This is a sample role built from typical industry requirements, not a confirmed vacancy. Check the company's careers page for the real opening.|8
seed:ec8e2317d5924280|Prudential Financial|Quality Control Analyst|FULL_TIME|Multiple locations|Remote|2-5 Lacs PA|0-2 Yrs|quality control,lab techniques,spectroscopy,research|Prudential Financial is looking for fresh graduates and early-career candidates for the Quality Control Analyst role in the life & health insurance space. Skills typically asked for this role: quality control, lab techniques, spectroscopy, research. This is a sample role built from typical industry requirements, not a confirmed vacancy. Check the company's careers page for the real opening.|5
seed:ed9b18d2443dc5a0|Public Service Enterprise Group|Engineering Intern|INTERNSHIP|Multiple locations|Hybrid|₹15,000 / month|Internship|process design,matlab,excel,project management|Public Service Enterprise Group is looking for fresh graduates and early-career candidates for the Engineering Intern role in the electric utilities space. Skills typically asked for this role: process design, matlab, excel, project management. This is a sample role built from typical industry requirements, not a confirmed vacancy. Check the company's careers page for the real opening.|13
seed:ef2b39ef7f9e601b|Public Service Enterprise Group|Process Engineer Trainee|FULL_TIME|Multiple locations|Onsite|4-7 Lacs PA|0-2 Yrs|process design,thermodynamics,aspen plus,matlab|Public Service Enterprise Group is looking for fresh graduates and early-career candidates for the Process Engineer Trainee role in the electric utilities space. Skills typically asked for this role: process design, thermodynamics, aspen plus, matlab. This is a sample role built from typical industry requirements, not a confirmed vacancy. Check the company's careers page for the real opening.|0
seed:5d42a4c99e5d6e11|Public Storage|Sales Executive|FULL_TIME|Multiple locations|Remote|3-7 Lacs PA|0-2 Yrs|sales,communication,excel|Public Storage is looking for fresh graduates and early-career candidates for the Sales Executive role in the self-storage reits space. Skills typically asked for this role: sales, communication, excel. This is a sample role built from typical industry requirements, not a confirmed vacancy. Check the company's careers page for the real opening.|0
seed:f220aab4814c1490|Public Storage|Planning Engineer|FULL_TIME|Multiple locations|Remote|3-5 Lacs PA|0-2 Yrs|project management,autocad,excel,revit|Public Storage is looking for fresh graduates and early-career candidates for the Planning Engineer role in the self-storage reits space. Skills typically asked for this role: project management, autocad, excel, revit. This is a sample role built from typical industry requirements, not a confirmed vacancy. Check the company's careers page for the real opening.|3
seed:eb66602f445b999d|PulteGroup|Business Analyst|FULL_TIME|Multiple locations|Remote|4-7 Lacs PA|0-2 Yrs|sql,excel,power bi,business analysis,communication|PulteGroup is looking for fresh graduates and early-career candidates for the Business Analyst role in the homebuilding space. Skills typically asked for this role: sql, excel, power bi, business analysis, communication. This is a sample role built from typical industry requirements, not a confirmed vacancy. Check the company's careers page for the real opening.|0
seed:d22417670ceb7acc|PulteGroup|Marketing Intern|INTERNSHIP|Multiple locations|Hybrid|₹25,000 / month|Internship|digital marketing,seo,content writing,communication|PulteGroup is looking for fresh graduates and early-career candidates for the Marketing Intern role in the homebuilding space. Skills typically asked for this role: digital marketing, seo, content writing, communication. This is a sample role built from typical industry requirements, not a confirmed vacancy. Check the company's careers page for the real opening.|3
seed:216e871c0b7bd9a8|Qnity Electronics|Machine Learning Engineer|FULL_TIME|Multiple locations|Hybrid|6-9 Lacs PA|0-2 Yrs|python,machine learning,tensorflow,pandas,numpy,scikit-learn|Qnity Electronics is looking for fresh graduates and early-career candidates for the Machine Learning Engineer role in the semiconductor materials & equipment space. Skills typically asked for this role: python, machine learning, tensorflow, pandas, numpy, scikit-learn. This is a sample role built from typical industry requirements, not a confirmed vacancy. Check the company's careers page for the real opening.|0
seed:2b761109a5797366|Qnity Electronics|Frontend Developer|FULL_TIME|Multiple locations|Hybrid|3-5 Lacs PA|0-2 Yrs|javascript,typescript,react,html,css,git|Qnity Electronics is looking for fresh graduates and early-career candidates for the Frontend Developer role in the semiconductor materials & equipment space. Skills typically asked for this role: javascript, typescript, react, html, css, git. This is a sample role built from typical industry requirements, not a confirmed vacancy. Check the company's careers page for the real opening.|10
seed:1dec5fea5ac78251|Qnity Electronics|Cloud Support Associate|FULL_TIME|Multiple locations|Hybrid|4-7 Lacs PA|0-1 Yrs|aws,linux,sql,communication|Qnity Electronics is looking for fresh graduates and early-career candidates for the Cloud Support Associate role in the semiconductor materials & equipment space. Skills typically asked for this role: aws, linux, sql, communication. This is a sample role built from typical industry requirements, not a confirmed vacancy. Check the company's careers page for the real opening.|10
seed:b82e44878a65ce0d|Qualcomm|QA / Test Engineer|FULL_TIME|Multiple locations|Remote|3-7 Lacs PA|0-2 Yrs|java,sql,git,rest api|Qualcomm is looking for fresh graduates and early-career candidates for the QA / Test Engineer role in the semiconductors space. Skills typically asked for this role: java, sql, git, rest api. This is a sample role built from typical industry requirements, not a confirmed vacancy. Check the company's careers page for the real opening.|2
seed:97ab5f95c963071e|Qualcomm|Frontend Developer|FULL_TIME|Multiple locations|Remote|3-6 Lacs PA|0-2 Yrs|javascript,typescript,react,html,css,git|Qualcomm is looking for fresh graduates and early-career candidates for the Frontend Developer role in the semiconductors space. Skills typically asked for this role: javascript, typescript, react, html, css, git. This is a sample role built from typical industry requirements, not a confirmed vacancy. Check the company's careers page for the real opening.|4
seed:87c5ad5f031855a1|Qualcomm|Machine Learning Engineer|FULL_TIME|Multiple locations|Onsite|6-8 Lacs PA|0-2 Yrs|python,machine learning,tensorflow,pandas,numpy,scikit-learn|Qualcomm is looking for fresh graduates and early-career candidates for the Machine Learning Engineer role in the semiconductors space. Skills typically asked for this role: python, machine learning, tensorflow, pandas, numpy, scikit-learn. This is a sample role built from typical industry requirements, not a confirmed vacancy. Check the company's careers page for the real opening.|2
seed:daad2039bbe0d472|Quanta Services|Engineering Intern|INTERNSHIP|Multiple locations|Remote|₹8,000 / month|Internship|autocad,matlab,solidworks,communication|Quanta Services is looking for fresh graduates and early-career candidates for the Engineering Intern role in the construction & engineering space. Skills typically asked for this role: autocad, matlab, solidworks, communication. This is a sample role built from typical industry requirements, not a confirmed vacancy. Check the company's careers page for the real opening.|10
seed:b050ba60c9563e43|Quanta Services|Production Engineer|FULL_TIME|Multiple locations|Hybrid|2-5 Lacs PA|0-2 Yrs|lean manufacturing,six sigma,quality control,cnc,cad|Quanta Services is looking for fresh graduates and early-career candidates for the Production Engineer role in the construction & engineering space. Skills typically asked for this role: lean manufacturing, six sigma, quality control, cnc, cad. This is a sample role built from typical industry requirements, not a confirmed vacancy. Check the company's careers page for the real opening.|2
seed:3be7f883505e80f1|Quest Diagnostics|Research Associate|FULL_TIME|Multiple locations|Hybrid|2-6 Lacs PA|0-2 Yrs|research,lab techniques,pcr,pharmacology|Quest Diagnostics is looking for fresh graduates and early-career candidates for the Research Associate role in the health care services space. Skills typically asked for this role: research, lab techniques, pcr, pharmacology. This is a sample role built from typical industry requirements, not a confirmed vacancy. Check the company's careers page for the real opening.|14
seed:76c24755375af98d|Quest Diagnostics|Research Intern|INTERNSHIP|Multiple locations|Hybrid|₹25,000 / month|Internship|research,lab techniques,statistics|Quest Diagnostics is looking for fresh graduates and early-career candidates for the Research Intern role in the health care services space. Skills typically asked for this role: research, lab techniques, statistics. This is a sample role built from typical industry requirements, not a confirmed vacancy. Check the company's careers page for the real opening.|14
seed:70e5dae2d3d99daa|RTX Corporation|Production Engineer|FULL_TIME|Multiple locations|Remote|3-5 Lacs PA|0-2 Yrs|lean manufacturing,six sigma,quality control,cnc,cad|RTX Corporation is looking for fresh graduates and early-career candidates for the Production Engineer role in the aerospace & defense space. Skills typically asked for this role: lean manufacturing, six sigma, quality control, cnc, cad. This is a sample role built from typical industry requirements, not a confirmed vacancy. Check the company's careers page for the real opening.|6
seed:5269414d59635472|RTX Corporation|Engineering Intern|INTERNSHIP|Multiple locations|Onsite|₹25,000 / month|Internship|autocad,matlab,solidworks,communication|RTX Corporation is looking for fresh graduates and early-career candidates for the Engineering Intern role in the aerospace & defense space. Skills typically asked for this role: autocad, matlab, solidworks, communication. This is a sample role built from typical industry requirements, not a confirmed vacancy. Check the company's careers page for the real opening.|4
seed:65b0d61ffd26991b|Ralph Lauren Corporation|Business Analyst|FULL_TIME|Multiple locations|Remote|4-6 Lacs PA|0-2 Yrs|sql,excel,power bi,business analysis,communication|Ralph Lauren Corporation is looking for fresh graduates and early-career candidates for the Business Analyst role in the apparel, accessories & luxury goods space. Skills typically asked for this role: sql, excel, power bi, business analysis, communication. This is a sample role built from typical industry requirements, not a confirmed vacancy. Check the company's careers page for the real opening.|4
seed:36359e1515ea9ab2|Ralph Lauren Corporation|Sales Executive|FULL_TIME|Multiple locations|Hybrid|2-5 Lacs PA|0-2 Yrs|sales,communication,excel|Ralph Lauren Corporation is looking for fresh graduates and early-career candidates for the Sales Executive role in the apparel, accessories & luxury goods space. Skills typically asked for this role: sales, communication, excel. This is a sample role built from typical industry requirements, not a confirmed vacancy. Check the company's careers page for the real opening.|4
seed:a7354b9ee216f11e|Raymond James Financial|Software Engineer (Banking Tech)|FULL_TIME|Multiple locations|Remote|3-6 Lacs PA|0-2 Yrs|java,sql,spring boot,rest api,git|Raymond James Financial is looking for fresh graduates and early-career candidates for the Software Engineer (Banking Tech) role in the investment banking & brokerage space. Skills typically asked for this role: java, sql, spring boot, rest api, git. This is a sample role built from typical industry requirements, not a confirmed vacancy. Check the company's careers page for the real opening.|9
seed:0b17cc3251c919a6|Raymond James Financial|Finance Intern|INTERNSHIP|Multiple locations|Remote|₹10,000 / month|Internship|excel,accounting,financial modeling,communication|Raymond James Financial is looking for fresh graduates and early-career candidates for the Finance Intern role in the investment banking & brokerage space. Skills typically asked for this role: excel, accounting, financial modeling, communication. This is a sample role built from typical industry requirements, not a confirmed vacancy. Check the company's careers page for the real opening.|8
seed:22d40eef463c67d8|Realty Income|Civil Engineer Trainee|FULL_TIME|Multiple locations|Hybrid|4-6 Lacs PA|0-2 Yrs|autocad,revit,staad pro,project management|Realty Income is looking for fresh graduates and early-career candidates for the Civil Engineer Trainee role in the retail reits space. Skills typically asked for this role: autocad, revit, staad pro, project management. This is a sample role built from typical industry requirements, not a confirmed vacancy. Check the company's careers page for the real opening.|8
seed:9f22abefba45b53a|Realty Income|Business Analyst|FULL_TIME|Multiple locations|Onsite|4-8 Lacs PA|0-2 Yrs|excel,financial modeling,sql,business analysis|Realty Income is looking for fresh graduates and early-career candidates for the Business Analyst role in the retail reits space. Skills typically asked for this role: excel, financial modeling, sql, business analysis. This is a sample role built from typical industry requirements, not a confirmed vacancy. Check the company's careers page for the real opening.|8
seed:25d8f19fa58011fb|Reddit|Digital Marketing Specialist|FULL_TIME|Multiple locations|Hybrid|2-6 Lacs PA|0-2 Yrs|digital marketing,seo,content writing,figma|Reddit is looking for fresh graduates and early-career candidates for the Digital Marketing Specialist role in the interactive media & services space. Skills typically asked for this role: digital marketing, seo, content writing, figma. This is a sample role built from typical industry requirements, not a confirmed vacancy. Check the company's careers page for the real opening.|1
seed:5b048bef3bf97b71|Reddit|UI/UX Designer|FULL_TIME|Multiple locations|Remote|3-5 Lacs PA|0-2 Yrs|figma,ui/ux,photoshop,illustrator|Reddit is looking for fresh graduates and early-career candidates for the UI/UX Designer role in the interactive media & services space. Skills typically asked for this role: figma, ui/ux, photoshop, illustrator. This is a sample role built from typical industry requirements, not a confirmed vacancy. Check the company's careers page for the real opening.|10
seed:55f7519ecc246bcd|Regency Centers|Sales Executive|FULL_TIME|Multiple locations|Remote|2-5 Lacs PA|0-2 Yrs|sales,communication,excel|Regency Centers is looking for fresh graduates and early-career candidates for the Sales Executive role in the retail reits space. Skills typically asked for this role: sales, communication, excel. This is a sample role built from typical industry requirements, not a confirmed vacancy. Check the company's careers page for the real opening.|8
seed:d4589c1d08a1c957|Regency Centers|Business Analyst|FULL_TIME|Multiple locations|Hybrid|3-5 Lacs PA|0-2 Yrs|excel,financial modeling,sql,business analysis|Regency Centers is looking for fresh graduates and early-career candidates for the Business Analyst role in the retail reits space. Skills typically asked for this role: excel, financial modeling, sql, business analysis. This is a sample role built from typical industry requirements, not a confirmed vacancy. Check the company's careers page for the real opening.|5
seed:2ff07e5de6bae563|Regeneron Pharmaceuticals|Medical Representative Trainee|FULL_TIME|Multiple locations|Hybrid|2-6 Lacs PA|0-1 Yrs|sales,communication,pharmacology|Regeneron Pharmaceuticals is looking for fresh graduates and early-career candidates for the Medical Representative Trainee role in the biotechnology space. Skills typically asked for this role: sales, communication, pharmacology. This is a sample role built from typical industry requirements, not a confirmed vacancy. Check the company's careers page for the real opening.|9
seed:0c97379b29db9226|Regeneron Pharmaceuticals|Research Associate|FULL_TIME|Multiple locations|Remote|2-5 Lacs PA|0-2 Yrs|research,lab techniques,pcr,pharmacology|Regeneron Pharmaceuticals is looking for fresh graduates and early-career candidates for the Research Associate role in the biotechnology space. Skills typically asked for this role: research, lab techniques, pcr, pharmacology. This is a sample role built from typical industry requirements, not a confirmed vacancy. Check the company's careers page for the real opening.|8
seed:7b7837b65fe73cb4|Regions Financial Corporation|Operations Executive|FULL_TIME|Multiple locations|Hybrid|3-6 Lacs PA|0-2 Yrs|excel,communication,accounting,tally,gst|Regions Financial Corporation is looking for fresh graduates and early-career candidates for the Operations Executive role in the regional banks space. Skills typically asked for this role: excel, communication, accounting, tally, gst. This is a sample role built from typical industry requirements, not a confirmed vacancy. Check the company's careers page for the real opening.|13
seed:da69c392dc33681d|Regions Financial Corporation|Financial Analyst Trainee|FULL_TIME|Multiple locations|Remote|2-6 Lacs PA|0-2 Yrs|excel,financial modeling,accounting,statistics,communication|Regions Financial Corporation is looking for fresh graduates and early-career candidates for the Financial Analyst Trainee role in the regional banks space. Skills typically asked for this role: excel, financial modeling, accounting, statistics, communication. This is a sample role built from typical industry requirements, not a confirmed vacancy. Check the company's careers page for the real opening.|13
seed:c6261aec51227f4d|Reliance Industries|Maintenance Engineer|FULL_TIME|Pune, Bengaluru, Mumbai|Onsite|4-7 Lacs PA|0-2 Yrs|quality control,plc,autocad,six sigma|Reliance Industries is looking for fresh graduates and early-career candidates for the Maintenance Engineer role in the energy and retail space. Skills typically asked for this role: quality control, plc, autocad, six sigma. This is a sample role built from typical industry requirements, not a confirmed vacancy. Check the company's careers page for the real opening.|0
seed:32a08c51d2415b69|Reliance Industries|Graduate Engineer Trainee (Electrical)|FULL_TIME|Delhi NCR, Visakhapatnam|Onsite|4-7 Lacs PA|0-1 Yrs|plc,scada,matlab,project management|Reliance Industries is looking for fresh graduates and early-career candidates for the Graduate Engineer Trainee (Electrical) role in the energy and retail space. Skills typically asked for this role: plc, scada, matlab, project management. This is a sample role built from typical industry requirements, not a confirmed vacancy. Check the company's careers page for the real opening.|13
seed:5693d75a7bd277ef|Republic Services|Production Engineer|FULL_TIME|Multiple locations|Onsite|2-5 Lacs PA|0-2 Yrs|lean manufacturing,six sigma,quality control,cnc,cad|Republic Services is looking for fresh graduates and early-career candidates for the Production Engineer role in the environmental & facilities services space. Skills typically asked for this role: lean manufacturing, six sigma, quality control, cnc, cad. This is a sample role built from typical industry requirements, not a confirmed vacancy. Check the company's careers page for the real opening.|13
seed:4365c48500df1d6a|Republic Services|Supply Chain Analyst|FULL_TIME|Multiple locations|Remote|3-6 Lacs PA|0-2 Yrs|supply chain,excel,sql,sap,business analysis|Republic Services is looking for fresh graduates and early-career candidates for the Supply Chain Analyst role in the environmental & facilities services space. Skills typically asked for this role: supply chain, excel, sql, sap, business analysis. This is a sample role built from typical industry requirements, not a confirmed vacancy. Check the company's careers page for the real opening.|0
seed:ddaa762e77129afb|ResMed|Clinical Research Associate|FULL_TIME|Multiple locations|Hybrid|2-6 Lacs PA|0-2 Yrs|clinical research,research,statistics,communication|ResMed is looking for fresh graduates and early-career candidates for the Clinical Research Associate role in the health care equipment space. Skills typically asked for this role: clinical research, research, statistics, communication. This is a sample role built from typical industry requirements, not a confirmed vacancy. Check the company's careers page for the real opening.|10
seed:125d070b06c7b7a0|ResMed|Research Associate|FULL_TIME|Multiple locations|Hybrid|2-5 Lacs PA|0-2 Yrs|research,lab techniques,pcr,pharmacology|ResMed is looking for fresh graduates and early-career candidates for the Research Associate role in the health care equipment space. Skills typically asked for this role: research, lab techniques, pcr, pharmacology. This is a sample role built from typical industry requirements, not a confirmed vacancy. Check the company's careers page for the real opening.|2
seed:c3909747dc5a282b|Revvity|Quality Control Analyst|FULL_TIME|Multiple locations|Hybrid|3-6 Lacs PA|0-2 Yrs|quality control,lab techniques,spectroscopy,research|Revvity is looking for fresh graduates and early-career candidates for the Quality Control Analyst role in the health care equipment space. Skills typically asked for this role: quality control, lab techniques, spectroscopy, research. This is a sample role built from typical industry requirements, not a confirmed vacancy. Check the company's careers page for the real opening.|9
seed:6070989c8fe3616d|Revvity|Research Associate|FULL_TIME|Multiple locations|Onsite|2-5 Lacs PA|0-2 Yrs|research,lab techniques,pcr,pharmacology|Revvity is looking for fresh graduates and early-career candidates for the Research Associate role in the health care equipment space. Skills typically asked for this role: research, lab techniques, pcr, pharmacology. This is a sample role built from typical industry requirements, not a confirmed vacancy. Check the company's careers page for the real opening.|3
seed:64285be8df97515d|Robinhood Markets|Operations Executive|FULL_TIME|Multiple locations|Remote|2-6 Lacs PA|0-2 Yrs|excel,communication,accounting,tally,gst|Robinhood Markets is looking for fresh graduates and early-career candidates for the Operations Executive role in the investment banking & brokerage space. Skills typically asked for this role: excel, communication, accounting, tally, gst. This is a sample role built from typical industry requirements, not a confirmed vacancy. Check the company's careers page for the real opening.|10
seed:636e535c92df6f76|Robinhood Markets|Risk Analyst|FULL_TIME|Multiple locations|Onsite|3-7 Lacs PA|0-2 Yrs|excel,statistics,sql,python,financial modeling|Robinhood Markets is looking for fresh graduates and early-career candidates for the Risk Analyst role in the investment banking & brokerage space. Skills typically asked for this role: excel, statistics, sql, python, financial modeling. This is a sample role built from typical industry requirements, not a confirmed vacancy. Check the company's careers page for the real opening.|13
seed:a8c932770a517e1a|Rockwell Automation|Engineering Intern|INTERNSHIP|Multiple locations|Remote|₹25,000 / month|Internship|autocad,matlab,solidworks,communication|Rockwell Automation is looking for fresh graduates and early-career candidates for the Engineering Intern role in the electrical components & equipment space. Skills typically asked for this role: autocad, matlab, solidworks, communication. This is a sample role built from typical industry requirements, not a confirmed vacancy. Check the company's careers page for the real opening.|6
seed:b7c195942ba229e3|Rockwell Automation|Design Engineer|FULL_TIME|Multiple locations|Remote|4-8 Lacs PA|0-2 Yrs|autocad,solidworks,catia,cad,ansys|Rockwell Automation is looking for fresh graduates and early-career candidates for the Design Engineer role in the electrical components & equipment space. Skills typically asked for this role: autocad, solidworks, catia, cad, ansys. This is a sample role built from typical industry requirements, not a confirmed vacancy. Check the company's careers page for the real opening.|9
seed:8149125ad974894b|Rollins, Inc.|Graduate Engineer Trainee|FULL_TIME|Multiple locations|Hybrid|3-6 Lacs PA|0-1 Yrs|autocad,solidworks,matlab,project management,quality control|Rollins, Inc. is looking for fresh graduates and early-career candidates for the Graduate Engineer Trainee role in the environmental & facilities services space. Skills typically asked for this role: autocad, solidworks, matlab, project management, quality control. This is a sample role built from typical industry requirements, not a confirmed vacancy. Check the company's careers page for the real opening.|7
seed:5248bd5b865e7724|Rollins, Inc.|Electrical Engineer Trainee|FULL_TIME|Multiple locations|Hybrid|4-7 Lacs PA|0-2 Yrs|plc,scada,matlab,autocad,embedded c|Rollins, Inc. is looking for fresh graduates and early-career candidates for the Electrical Engineer Trainee role in the environmental & facilities services space. Skills typically asked for this role: plc, scada, matlab, autocad, embedded c. This is a sample role built from typical industry requirements, not a confirmed vacancy. Check the company's careers page for the real opening.|6
seed:a2f45f67efce7ebe|Roper Technologies|DevOps Engineer|FULL_TIME|Multiple locations|Remote|3-5 Lacs PA|0-2 Yrs|linux,docker,kubernetes,aws,git|Roper Technologies is looking for fresh graduates and early-career candidates for the DevOps Engineer role in the electronic equipment & instruments space. Skills typically asked for this role: linux, docker, kubernetes, aws, git. This is a sample role built from typical industry requirements, not a confirmed vacancy. Check the company's careers page for the real opening.|4
seed:7d44b1c88efef582|Roper Technologies|Associate Software Engineer|FULL_TIME|Multiple locations|Remote|3-5 Lacs PA|0-2 Yrs|python,sql,data structures,git,linux|Roper Technologies is looking for fresh graduates and early-career candidates for the Associate Software Engineer role in the electronic equipment & instruments space. Skills typically asked for this role: python, sql, data structures, git, linux. This is a sample role built from typical industry requirements, not a confirmed vacancy. Check the company's careers page for the real opening.|3
seed:70dcb37d3ec83b44|Roper Technologies|Cloud Support Associate|FULL_TIME|Multiple locations|Hybrid|2-6 Lacs PA|0-1 Yrs|aws,linux,sql,communication|Roper Technologies is looking for fresh graduates and early-career candidates for the Cloud Support Associate role in the electronic equipment & instruments space. Skills typically asked for this role: aws, linux, sql, communication. This is a sample role built from typical industry requirements, not a confirmed vacancy. Check the company's careers page for the real opening.|7
seed:7eb5b9a7c87c556b|Ross Stores|Software Engineer|FULL_TIME|Multiple locations|Hybrid|5-8 Lacs PA|0-2 Yrs|java,python,sql,react,git|Ross Stores is looking for fresh graduates and early-career candidates for the Software Engineer role in the apparel retail space. Skills typically asked for this role: java, python, sql, react, git. This is a sample role built from typical industry requirements, not a confirmed vacancy. Check the company's careers page for the real opening.|10
seed:db54c0591f05cdec|Ross Stores|Business Analyst|FULL_TIME|Multiple locations|Remote|4-6 Lacs PA|0-2 Yrs|sql,excel,power bi,business analysis,communication|Ross Stores is looking for fresh graduates and early-career candidates for the Business Analyst role in the apparel retail space. Skills typically asked for this role: sql, excel, power bi, business analysis, communication. This is a sample role built from typical industry requirements, not a confirmed vacancy. Check the company's careers page for the real opening.|5
seed:c35af1641f982476|Royal Caribbean Group|Business Analyst|FULL_TIME|Multiple locations|Onsite|4-8 Lacs PA|0-2 Yrs|sql,excel,power bi,business analysis,communication|Royal Caribbean Group is looking for fresh graduates and early-career candidates for the Business Analyst role in the hotels, resorts & cruise lines space. Skills typically asked for this role: sql, excel, power bi, business analysis, communication. This is a sample role built from typical industry requirements, not a confirmed vacancy. Check the company's careers page for the real opening.|2
seed:2e6574c5d47340a6|Royal Caribbean Group|Digital Marketing Executive|FULL_TIME|Multiple locations|Hybrid|2-6 Lacs PA|0-2 Yrs|digital marketing,seo,content writing,excel,communication|Royal Caribbean Group is looking for fresh graduates and early-career candidates for the Digital Marketing Executive role in the hotels, resorts & cruise lines space. Skills typically asked for this role: digital marketing, seo, content writing, excel, communication. This is a sample role built from typical industry requirements, not a confirmed vacancy. Check the company's careers page for the real opening.|10
seed:e9902e60081d63cd|S&P Global|Finance Intern|INTERNSHIP|Multiple locations|Onsite|₹10,000 / month|Internship|excel,accounting,financial modeling,communication|S&P Global is looking for fresh graduates and early-career candidates for the Finance Intern role in the financial exchanges & data space. Skills typically asked for this role: excel, accounting, financial modeling, communication. This is a sample role built from typical industry requirements, not a confirmed vacancy. Check the company's careers page for the real opening.|14
seed:915e5844691b697e|S&P Global|Software Engineer (Banking Tech)|FULL_TIME|Multiple locations|Hybrid|3-6 Lacs PA|0-2 Yrs|java,sql,spring boot,rest api,git|S&P Global is looking for fresh graduates and early-career candidates for the Software Engineer (Banking Tech) role in the financial exchanges & data space. Skills typically asked for this role: java, sql, spring boot, rest api, git. This is a sample role built from typical industry requirements, not a confirmed vacancy. Check the company's careers page for the real opening.|4
seed:62181ab1b974ebd6|SBA Communications|Content Intern|INTERNSHIP|Multiple locations|Remote|₹10,000 / month|Internship|content writing,seo,communication|SBA Communications is looking for fresh graduates and early-career candidates for the Content Intern role in the telecom tower reits space. Skills typically asked for this role: content writing, seo, communication. This is a sample role built from typical industry requirements, not a confirmed vacancy. Check the company's careers page for the real opening.|10
seed:e77283e3394587dd|SBA Communications|Network Engineer Trainee|FULL_TIME|Multiple locations|Remote|3-7 Lacs PA|0-2 Yrs|linux,iot,python,communication|SBA Communications is looking for fresh graduates and early-career candidates for the Network Engineer Trainee role in the telecom tower reits space. Skills typically asked for this role: linux, iot, python, communication. This is a sample role built from typical industry requirements, not a confirmed vacancy. Check the company's careers page for the real opening.|7
seed:8fad5612fde3bc61|Salesforce|Full Stack Developer|FULL_TIME|Multiple locations|Hybrid|4-8 Lacs PA|0-2 Yrs|javascript,react,node.js,html,css,mongodb,git|Salesforce is looking for fresh graduates and early-career candidates for the Full Stack Developer role in the application software space. Skills typically asked for this role: javascript, react, node.js, html, css, mongodb, git. This is a sample role built from typical industry requirements, not a confirmed vacancy. Check the company's careers page for the real opening.|12
seed:25a6ef398eab8392|Salesforce|Software Development Intern|INTERNSHIP|Multiple locations|Onsite|₹10,000 / month|Internship|python,java,data structures,git|Salesforce is looking for fresh graduates and early-career candidates for the Software Development Intern role in the application software space. Skills typically asked for this role: python, java, data structures, git. This is a sample role built from typical industry requirements, not a confirmed vacancy. Check the company's careers page for the real opening.|5
seed:c7f9da8fdaa1b780|Salesforce|Python Developer|FULL_TIME|Multiple locations|Onsite|3-7 Lacs PA|0-2 Yrs|python,sql,rest api,git,pandas|Salesforce is looking for fresh graduates and early-career candidates for the Python Developer role in the application software space. Skills typically asked for this role: python, sql, rest api, git, pandas. This is a sample role built from typical industry requirements, not a confirmed vacancy. Check the company's careers page for the real opening.|14
seed:62f5e3f9b1ee0244|Sandisk|Cloud Support Associate|FULL_TIME|Multiple locations|Hybrid|3-7 Lacs PA|0-1 Yrs|aws,linux,sql,communication|Sandisk is looking for fresh graduates and early-career candidates for the Cloud Support Associate role in the technology hardware, storage & peripherals space. Skills typically asked for this role: aws, linux, sql, communication. This is a sample role built from typical industry requirements, not a confirmed vacancy. Check the company's careers page for the real opening.|14
seed:93e712d4b3940ff0|Sandisk|Data Analyst|FULL_TIME|Multiple locations|Hybrid|3-5 Lacs PA|0-2 Yrs|sql,excel,python,power bi,statistics|Sandisk is looking for fresh graduates and early-career candidates for the Data Analyst role in the technology hardware, storage & peripherals space. Skills typically asked for this role: sql, excel, python, power bi, statistics. This is a sample role built from typical industry requirements, not a confirmed vacancy. Check the company's careers page for the real opening.|6
seed:45aa4a8f1c87ac88|Sandisk|Data Science Intern|INTERNSHIP|Multiple locations|Hybrid|₹12,000 / month|Internship|python,pandas,numpy,machine learning,sql|Sandisk is looking for fresh graduates and early-career candidates for the Data Science Intern role in the technology hardware, storage & peripherals space. Skills typically asked for this role: python, pandas, numpy, machine learning, sql. This is a sample role built from typical industry requirements, not a confirmed vacancy. Check the company's careers page for the real opening.|7
seed:3a936ff4905f087b|Schlumberger|Graduate Engineer Trainee (Electrical)|FULL_TIME|Multiple locations|Remote|5-8 Lacs PA|0-1 Yrs|plc,scada,matlab,project management|Schlumberger is looking for fresh graduates and early-career candidates for the Graduate Engineer Trainee (Electrical) role in the oil & gas equipment & services space. Skills typically asked for this role: plc, scada, matlab, project management. This is a sample role built from typical industry requirements, not a confirmed vacancy. Check the company's careers page for the real opening.|8
seed:aa705148f5a07c9c|Schlumberger|Maintenance Engineer|FULL_TIME|Multiple locations|Hybrid|2-5 Lacs PA|0-2 Yrs|quality control,plc,autocad,six sigma|Schlumberger is looking for fresh graduates and early-career candidates for the Maintenance Engineer role in the oil & gas equipment & services space. Skills typically asked for this role: quality control, plc, autocad, six sigma. This is a sample role built from typical industry requirements, not a confirmed vacancy. Check the company's careers page for the real opening.|0
seed:b877a08cc4953902|Seagate Technology|Full Stack Developer|FULL_TIME|Multiple locations|Onsite|5-8 Lacs PA|0-2 Yrs|javascript,react,node.js,html,css,mongodb,git|Seagate Technology is looking for fresh graduates and early-career candidates for the Full Stack Developer role in the technology hardware, storage & peripherals space. Skills typically asked for this role: javascript, react, node.js, html, css, mongodb, git. This is a sample role built from typical industry requirements, not a confirmed vacancy. Check the company's careers page for the real opening.|11
seed:87184ae6f66fd90d|Seagate Technology|Python Developer|FULL_TIME|Multiple locations|Hybrid|3-6 Lacs PA|0-2 Yrs|python,sql,rest api,git,pandas|Seagate Technology is looking for fresh graduates and early-career candidates for the Python Developer role in the technology hardware, storage & peripherals space. Skills typically asked for this role: python, sql, rest api, git, pandas. This is a sample role built from typical industry requirements, not a confirmed vacancy. Check the company's careers page for the real opening.|12
seed:d2e1392432947a4b|Seagate Technology|Associate Software Engineer|FULL_TIME|Multiple locations|Remote|3-6 Lacs PA|0-2 Yrs|python,sql,data structures,git,linux|Seagate Technology is looking for fresh graduates and early-career candidates for the Associate Software Engineer role in the technology hardware, storage & peripherals space. Skills typically asked for this role: python, sql, data structures, git, linux. This is a sample role built from typical industry requirements, not a confirmed vacancy. Check the company's careers page for the real opening.|10
seed:87b6540853f3b325|Sempra|Graduate Engineer Trainee (Electrical)|FULL_TIME|Multiple locations|Onsite|4-6 Lacs PA|0-1 Yrs|plc,scada,matlab,project management|Sempra is looking for fresh graduates and early-career candidates for the Graduate Engineer Trainee (Electrical) role in the multi-utilities space. Skills typically asked for this role: plc, scada, matlab, project management. This is a sample role built from typical industry requirements, not a confirmed vacancy. Check the company's careers page for the real opening.|12
seed:c4c059d73aa6535e|Sempra|Data Analyst (Operations)|FULL_TIME|Multiple locations|Onsite|4-7 Lacs PA|0-2 Yrs|sql,excel,python,power bi,statistics|Sempra is looking for fresh graduates and early-career candidates for the Data Analyst (Operations) role in the multi-utilities space. Skills typically asked for this role: sql, excel, python, power bi, statistics. This is a sample role built from typical industry requirements, not a confirmed vacancy. Check the company's careers page for the real opening.|13
seed:59236d7f36a49cb8|ServiceNow|Software Development Intern|INTERNSHIP|Multiple locations|Remote|₹20,000 / month|Internship|python,java,data structures,git|ServiceNow is looking for fresh graduates and early-career candidates for the Software Development Intern role in the systems software space. Skills typically asked for this role: python, java, data structures, git. This is a sample role built from typical industry requirements, not a confirmed vacancy. Check the company's careers page for the real opening.|5
seed:f69588c5286bf732|ServiceNow|Software Engineer Trainee|FULL_TIME|Multiple locations|Remote|3-5 Lacs PA|0-1 Yrs|java,sql,data structures,git,rest api|ServiceNow is looking for fresh graduates and early-career candidates for the Software Engineer Trainee role in the systems software space. Skills typically asked for this role: java, sql, data structures, git, rest api. This is a sample role built from typical industry requirements, not a confirmed vacancy. Check the company's careers page for the real opening.|7
seed:8285a9dd8c3a42b3|ServiceNow|Java Developer|FULL_TIME|Multiple locations|Hybrid|3-6 Lacs PA|0-2 Yrs|java,spring boot,mysql,rest api,git|ServiceNow is looking for fresh graduates and early-career candidates for the Java Developer role in the systems software space. Skills typically asked for this role: java, spring boot, mysql, rest api, git. This is a sample role built from typical industry requirements, not a confirmed vacancy. Check the company's careers page for the real opening.|6
seed:796ffc80b00d17b1|Sherwin-Williams|Plant Intern|INTERNSHIP|Multiple locations|Remote|₹20,000 / month|Internship|process design,quality control,excel|Sherwin-Williams is looking for fresh graduates and early-career candidates for the Plant Intern role in the specialty chemicals space. Skills typically asked for this role: process design, quality control, excel. This is a sample role built from typical industry requirements, not a confirmed vacancy. Check the company's careers page for the real opening.|9
seed:304dd4db3a83d2a0|Sherwin-Williams|R&D Chemist|FULL_TIME|Multiple locations|Hybrid|3-6 Lacs PA|0-2 Yrs|research,lab techniques,spectroscopy,quality control|Sherwin-Williams is looking for fresh graduates and early-career candidates for the R&D Chemist role in the specialty chemicals space. Skills typically asked for this role: research, lab techniques, spectroscopy, quality control. This is a sample role built from typical industry requirements, not a confirmed vacancy. Check the company's careers page for the real opening.|14
seed:c8c9b529a3a96ffd|Simon Property Group|Sales Executive|FULL_TIME|Multiple locations|Onsite|2-6 Lacs PA|0-2 Yrs|sales,communication,excel|Simon Property Group is looking for fresh graduates and early-career candidates for the Sales Executive role in the retail reits space. Skills typically asked for this role: sales, communication, excel. This is a sample role built from typical industry requirements, not a confirmed vacancy. Check the company's careers page for the real opening.|6
seed:3786a17affe914e5|Simon Property Group|Planning Engineer|FULL_TIME|Multiple locations|Hybrid|2-4 Lacs PA|0-2 Yrs|project management,autocad,excel,revit|Simon Property Group is looking for fresh graduates and early-career candidates for the Planning Engineer role in the retail reits space. Skills typically asked for this role: project management, autocad, excel, revit. This is a sample role built from typical industry requirements, not a confirmed vacancy. Check the company's careers page for the real opening.|0
seed:11494f600892851f|Skydance Corporation|Software Engineer|FULL_TIME|Multiple locations|Onsite|5-8 Lacs PA|0-2 Yrs|java,python,sql,rest api,git|Skydance Corporation is looking for fresh graduates and early-career candidates for the Software Engineer role in the movies & entertainment space. Skills typically asked for this role: java, python, sql, rest api, git. This is a sample role built from typical industry requirements, not a confirmed vacancy. Check the company's careers page for the real opening.|7
seed:49c5d5383ec260fd|Skydance Corporation|Data Analyst|FULL_TIME|Multiple locations|Onsite|3-6 Lacs PA|0-2 Yrs|sql,excel,python,tableau,statistics|Skydance Corporation is looking for fresh graduates and early-career candidates for the Data Analyst role in the movies & entertainment space. Skills typically asked for this role: sql, excel, python, tableau, statistics. This is a sample role built from typical industry requirements, not a confirmed vacancy. Check the company's careers page for the real opening.|9
seed:c5ce789b3658fbef|Skyworks Solutions|Cloud Support Associate|FULL_TIME|Multiple locations|Onsite|4-6 Lacs PA|0-1 Yrs|aws,linux,sql,communication|Skyworks Solutions is looking for fresh graduates and early-career candidates for the Cloud Support Associate role in the semiconductors space. Skills typically asked for this role: aws, linux, sql, communication. This is a sample role built from typical industry requirements, not a confirmed vacancy. Check the company's careers page for the real opening.|9
seed:3f7a199d52e5a1a2|Skyworks Solutions|QA / Test Engineer|FULL_TIME|Multiple locations|Onsite|3-7 Lacs PA|0-2 Yrs|java,sql,git,rest api|Skyworks Solutions is looking for fresh graduates and early-career candidates for the QA / Test Engineer role in the semiconductors space. Skills typically asked for this role: java, sql, git, rest api. This is a sample role built from typical industry requirements, not a confirmed vacancy. Check the company's careers page for the real opening.|12
seed:c805710d473441a0|Skyworks Solutions|Frontend Developer|FULL_TIME|Multiple locations|Onsite|3-6 Lacs PA|0-2 Yrs|javascript,typescript,react,html,css,git|Skyworks Solutions is looking for fresh graduates and early-career candidates for the Frontend Developer role in the semiconductors space. Skills typically asked for this role: javascript, typescript, react, html, css, git. This is a sample role built from typical industry requirements, not a confirmed vacancy. Check the company's careers page for the real opening.|6
seed:879de81a655de60a|Smurfit Westrock|R&D Chemist|FULL_TIME|Multiple locations|Hybrid|2-6 Lacs PA|0-2 Yrs|research,lab techniques,spectroscopy,quality control|Smurfit Westrock is looking for fresh graduates and early-career candidates for the R&D Chemist role in the paper & plastic packaging products & materials space. Skills typically asked for this role: research, lab techniques, spectroscopy, quality control. This is a sample role built from typical industry requirements, not a confirmed vacancy. Check the company's careers page for the real opening.|5
seed:5d867eae7031d4ed|Smurfit Westrock|Plant Intern|INTERNSHIP|Multiple locations|Hybrid|₹12,000 / month|Internship|process design,quality control,excel|Smurfit Westrock is looking for fresh graduates and early-career candidates for the Plant Intern role in the paper & plastic packaging products & materials space. Skills typically asked for this role: process design, quality control, excel. This is a sample role built from typical industry requirements, not a confirmed vacancy. Check the company's careers page for the real opening.|8
seed:094d2f6cba964936|Snap-on|Supply Chain Analyst|FULL_TIME|Multiple locations|Remote|4-7 Lacs PA|0-2 Yrs|supply chain,excel,sql,sap,business analysis|Snap-on is looking for fresh graduates and early-career candidates for the Supply Chain Analyst role in the industrial machinery & supplies & components space. Skills typically asked for this role: supply chain, excel, sql, sap, business analysis. This is a sample role built from typical industry requirements, not a confirmed vacancy. Check the company's careers page for the real opening.|4
seed:98b53c8be0057f60|Snap-on|Electrical Engineer Trainee|FULL_TIME|Multiple locations|Remote|2-4 Lacs PA|0-2 Yrs|plc,scada,matlab,autocad,embedded c|Snap-on is looking for fresh graduates and early-career candidates for the Electrical Engineer Trainee role in the industrial machinery & supplies & components space. Skills typically asked for this role: plc, scada, matlab, autocad, embedded c. This is a sample role built from typical industry requirements, not a confirmed vacancy. Check the company's careers page for the real opening.|0
seed:6826d06fdd3b1078|Solventum|Medical Representative Trainee|FULL_TIME|Multiple locations|Hybrid|3-6 Lacs PA|0-1 Yrs|sales,communication,pharmacology|Solventum is looking for fresh graduates and early-career candidates for the Medical Representative Trainee role in the health care technology space. Skills typically asked for this role: sales, communication, pharmacology. This is a sample role built from typical industry requirements, not a confirmed vacancy. Check the company's careers page for the real opening.|7
seed:4a6ed94c23cb919e|Solventum|Quality Control Analyst|FULL_TIME|Multiple locations|Hybrid|3-6 Lacs PA|0-2 Yrs|quality control,lab techniques,spectroscopy,research|Solventum is looking for fresh graduates and early-career candidates for the Quality Control Analyst role in the health care technology space. Skills typically asked for this role: quality control, lab techniques, spectroscopy, research. This is a sample role built from typical industry requirements, not a confirmed vacancy. Check the company's careers page for the real opening.|5
seed:a443333e009f8d94|Southern Company|Maintenance Engineer|FULL_TIME|Multiple locations|Remote|4-6 Lacs PA|0-2 Yrs|quality control,plc,autocad,six sigma|Southern Company is looking for fresh graduates and early-career candidates for the Maintenance Engineer role in the electric utilities space. Skills typically asked for this role: quality control, plc, autocad, six sigma. This is a sample role built from typical industry requirements, not a confirmed vacancy. Check the company's careers page for the real opening.|7
seed:942aa40820b31e8e|Southern Company|Data Analyst (Operations)|FULL_TIME|Multiple locations|Onsite|2-4 Lacs PA|0-2 Yrs|sql,excel,python,power bi,statistics|Southern Company is looking for fresh graduates and early-career candidates for the Data Analyst (Operations) role in the electric utilities space. Skills typically asked for this role: sql, excel, python, power bi, statistics. This is a sample role built from typical industry requirements, not a confirmed vacancy. Check the company's careers page for the real opening.|6
seed:6db0826eadf879e7|Southwest Airlines|Electrical Engineer Trainee|FULL_TIME|Multiple locations|Hybrid|2-5 Lacs PA|0-2 Yrs|plc,scada,matlab,autocad,embedded c|Southwest Airlines is looking for fresh graduates and early-career candidates for the Electrical Engineer Trainee role in the passenger airlines space. Skills typically asked for this role: plc, scada, matlab, autocad, embedded c. This is a sample role built from typical industry requirements, not a confirmed vacancy. Check the company's careers page for the real opening.|1
seed:c69a4915d2c19611|Southwest Airlines|Embedded Software Engineer|FULL_TIME|Multiple locations|Hybrid|4-7 Lacs PA|0-2 Yrs|embedded c,c++,iot,arduino,linux|Southwest Airlines is looking for fresh graduates and early-career candidates for the Embedded Software Engineer role in the passenger airlines space. Skills typically asked for this role: embedded c, c++, iot, arduino, linux. This is a sample role built from typical industry requirements, not a confirmed vacancy. Check the company's careers page for the real opening.|5
seed:1e23726c3cc6b460|Stanley Black & Decker|Graduate Engineer Trainee|FULL_TIME|Multiple locations|Remote|3-6 Lacs PA|0-1 Yrs|autocad,solidworks,matlab,project management,quality control|Stanley Black & Decker is looking for fresh graduates and early-career candidates for the Graduate Engineer Trainee role in the industrial machinery & supplies & components space. Skills typically asked for this role: autocad, solidworks, matlab, project management, quality control. This is a sample role built from typical industry requirements, not a confirmed vacancy. Check the company's careers page for the real opening.|10
seed:297543825243a193|Stanley Black & Decker|Production Engineer|FULL_TIME|Multiple locations|Hybrid|2-5 Lacs PA|0-2 Yrs|lean manufacturing,six sigma,quality control,cnc,cad|Stanley Black & Decker is looking for fresh graduates and early-career candidates for the Production Engineer role in the industrial machinery & supplies & components space. Skills typically asked for this role: lean manufacturing, six sigma, quality control, cnc, cad. This is a sample role built from typical industry requirements, not a confirmed vacancy. Check the company's careers page for the real opening.|8
seed:7f789d2141637caa|Starbucks|Business Analyst|FULL_TIME|Multiple locations|Hybrid|4-8 Lacs PA|0-2 Yrs|sql,excel,power bi,business analysis,communication|Starbucks is looking for fresh graduates and early-career candidates for the Business Analyst role in the restaurants space. Skills typically asked for this role: sql, excel, power bi, business analysis, communication. This is a sample role built from typical industry requirements, not a confirmed vacancy. Check the company's careers page for the real opening.|4
seed:b828a51f45320fa0|Starbucks|Software Engineer|FULL_TIME|Multiple locations|Hybrid|5-8 Lacs PA|0-2 Yrs|java,python,sql,react,git|Starbucks is looking for fresh graduates and early-career candidates for the Software Engineer role in the restaurants space. Skills typically asked for this role: java, python, sql, react, git. This is a sample role built from typical industry requirements, not a confirmed vacancy. Check the company's careers page for the real opening.|0
seed:ae977de442538f51|State Bank of India|Financial Analyst Trainee|FULL_TIME|Visakhapatnam, Noida|Onsite|3-6 Lacs PA|0-2 Yrs|excel,financial modeling,accounting,statistics,communication|State Bank of India is looking for fresh graduates and early-career candidates for the Financial Analyst Trainee role in the banking space. Skills typically asked for this role: excel, financial modeling, accounting, statistics, communication. This is a sample role built from typical industry requirements, not a confirmed vacancy. Check the company's careers page for the real opening.|5
seed:2d8310ddc6c3e999|State Bank of India|Risk Analyst|FULL_TIME|Kolkata, Hyderabad, Gurugram|Onsite|3-6 Lacs PA|0-2 Yrs|excel,statistics,sql,python,financial modeling|State Bank of India is looking for fresh graduates and early-career candidates for the Risk Analyst role in the banking space. Skills typically asked for this role: excel, statistics, sql, python, financial modeling. This is a sample role built from typical industry requirements, not a confirmed vacancy. Check the company's careers page for the real opening.|14
seed:c44914709a24a6bf|State Street Corporation|Risk Analyst|FULL_TIME|Multiple locations|Remote|5-9 Lacs PA|0-2 Yrs|excel,statistics,sql,python,financial modeling|State Street Corporation is looking for fresh graduates and early-career candidates for the Risk Analyst role in the asset management & custody banks space. Skills typically asked for this role: excel, statistics, sql, python, financial modeling. This is a sample role built from typical industry requirements, not a confirmed vacancy. Check the company's careers page for the real opening.|11
seed:d372a1b8e659be4c|State Street Corporation|Management Trainee|FULL_TIME|Multiple locations|Onsite|4-7 Lacs PA|0-1 Yrs|communication,excel,sales,business analysis|State Street Corporation is looking for fresh graduates and early-career candidates for the Management Trainee role in the asset management & custody banks space. Skills typically asked for this role: communication, excel, sales, business analysis. This is a sample role built from typical industry requirements, not a confirmed vacancy. Check the company's careers page for the real opening.|10
seed:9468b36778f847df|Steel Dynamics|Quality Engineer|FULL_TIME|Multiple locations|Onsite|3-5 Lacs PA|0-2 Yrs|quality control,six sigma,lean manufacturing,excel|Steel Dynamics is looking for fresh graduates and early-career candidates for the Quality Engineer role in the steel space. Skills typically asked for this role: quality control, six sigma, lean manufacturing, excel. This is a sample role built from typical industry requirements, not a confirmed vacancy. Check the company's careers page for the real opening.|10
seed:fa073f141aaa2af0|Steel Dynamics|Process Engineer Trainee|FULL_TIME|Multiple locations|Remote|3-7 Lacs PA|0-2 Yrs|process design,thermodynamics,quality control,six sigma|Steel Dynamics is looking for fresh graduates and early-career candidates for the Process Engineer Trainee role in the steel space. Skills typically asked for this role: process design, thermodynamics, quality control, six sigma. This is a sample role built from typical industry requirements, not a confirmed vacancy. Check the company's careers page for the real opening.|10
seed:258e32ae5cbb0a6b|Steris|Data Analyst (Healthcare)|FULL_TIME|Multiple locations|Remote|2-4 Lacs PA|0-2 Yrs|sql,excel,statistics,python,power bi|Steris is looking for fresh graduates and early-career candidates for the Data Analyst (Healthcare) role in the health care equipment space. Skills typically asked for this role: sql, excel, statistics, python, power bi. This is a sample role built from typical industry requirements, not a confirmed vacancy. Check the company's careers page for the real opening.|5
seed:7626eaa81eb500c4|Steris|Research Intern|INTERNSHIP|Multiple locations|Onsite|₹25,000 / month|Internship|research,lab techniques,statistics|Steris is looking for fresh graduates and early-career candidates for the Research Intern role in the health care equipment space. Skills typically asked for this role: research, lab techniques, statistics. This is a sample role built from typical industry requirements, not a confirmed vacancy. Check the company's careers page for the real opening.|5
seed:142b90d2795ca403|Stryker Corporation|Data Analyst (Healthcare)|FULL_TIME|Multiple locations|Remote|2-5 Lacs PA|0-2 Yrs|sql,excel,statistics,python,power bi|Stryker Corporation is looking for fresh graduates and early-career candidates for the Data Analyst (Healthcare) role in the health care equipment space. Skills typically asked for this role: sql, excel, statistics, python, power bi. This is a sample role built from typical industry requirements, not a confirmed vacancy. Check the company's careers page for the real opening.|11
seed:46e00864ec0b3e50|Stryker Corporation|Medical Representative Trainee|FULL_TIME|Multiple locations|Remote|2-6 Lacs PA|0-1 Yrs|sales,communication,pharmacology|Stryker Corporation is looking for fresh graduates and early-career candidates for the Medical Representative Trainee role in the health care equipment space. Skills typically asked for this role: sales, communication, pharmacology. This is a sample role built from typical industry requirements, not a confirmed vacancy. Check the company's careers page for the real opening.|9
seed:802ecf06e0fc7335|Sun Pharmaceutical Industries|Medical Representative Trainee|FULL_TIME|Noida, Mumbai|Onsite|2-5 Lacs PA|0-1 Yrs|sales,communication,pharmacology|Sun Pharmaceutical Industries is looking for fresh graduates and early-career candidates for the Medical Representative Trainee role in the pharmaceuticals space. Skills typically asked for this role: sales, communication, pharmacology. This is a sample role built from typical industry requirements, not a confirmed vacancy. Check the company's careers page for the real opening.|3
seed:b60fc3b68cd35206|Sun Pharmaceutical Industries|Data Analyst (Healthcare)|FULL_TIME|Hyderabad, Mumbai|Onsite|3-5 Lacs PA|0-2 Yrs|sql,excel,statistics,python,power bi|Sun Pharmaceutical Industries is looking for fresh graduates and early-career candidates for the Data Analyst (Healthcare) role in the pharmaceuticals space. Skills typically asked for this role: sql, excel, statistics, python, power bi. This is a sample role built from typical industry requirements, not a confirmed vacancy. Check the company's careers page for the real opening.|12
seed:7e7216c8182a81f7|Supermicro|Machine Learning Engineer|FULL_TIME|Multiple locations|Hybrid|6-9 Lacs PA|0-2 Yrs|python,machine learning,tensorflow,pandas,numpy,scikit-learn|Supermicro is looking for fresh graduates and early-career candidates for the Machine Learning Engineer role in the technology hardware, storage & peripherals space. Skills typically asked for this role: python, machine learning, tensorflow, pandas, numpy, scikit-learn. This is a sample role built from typical industry requirements, not a confirmed vacancy. Check the company's careers page for the real opening.|6
seed:ab919a946442ab79|Supermicro|Software Engineer Trainee|FULL_TIME|Multiple locations|Hybrid|3-7 Lacs PA|0-1 Yrs|java,sql,data structures,git,rest api|Supermicro is looking for fresh graduates and early-career candidates for the Software Engineer Trainee role in the technology hardware, storage & peripherals space. Skills typically asked for this role: java, sql, data structures, git, rest api. This is a sample role built from typical industry requirements, not a confirmed vacancy. Check the company's careers page for the real opening.|13
seed:bd1f17c442195797|Supermicro|Full Stack Developer|FULL_TIME|Multiple locations|Hybrid|4-7 Lacs PA|0-2 Yrs|javascript,react,node.js,html,css,mongodb,git|Supermicro is looking for fresh graduates and early-career candidates for the Full Stack Developer role in the technology hardware, storage & peripherals space. Skills typically asked for this role: javascript, react, node.js, html, css, mongodb, git. This is a sample role built from typical industry requirements, not a confirmed vacancy. Check the company's careers page for the real opening.|1
seed:e784f4ed2f01974e|Swiggy|Sales Executive|FULL_TIME|Gurugram, Chennai|Onsite|2-5 Lacs PA|0-2 Yrs|sales,communication,excel|Swiggy is looking for fresh graduates and early-career candidates for the Sales Executive role in the food delivery space. Skills typically asked for this role: sales, communication, excel. This is a sample role built from typical industry requirements, not a confirmed vacancy. Check the company's careers page for the real opening.|10
seed:0d2a1d0767291c9e|Swiggy|Marketing Intern|INTERNSHIP|Visakhapatnam|Onsite|₹12,000 / month|Internship|digital marketing,seo,content writing,communication|Swiggy is looking for fresh graduates and early-career candidates for the Marketing Intern role in the food delivery space. Skills typically asked for this role: digital marketing, seo, content writing, communication. This is a sample role built from typical industry requirements, not a confirmed vacancy. Check the company's careers page for the real opening.|4
seed:b4597b98c56f5b5c|Synchrony Financial|Financial Analyst Trainee|FULL_TIME|Multiple locations|Onsite|3-6 Lacs PA|0-2 Yrs|excel,financial modeling,accounting,statistics,communication|Synchrony Financial is looking for fresh graduates and early-career candidates for the Financial Analyst Trainee role in the consumer finance space. Skills typically asked for this role: excel, financial modeling, accounting, statistics, communication. This is a sample role built from typical industry requirements, not a confirmed vacancy. Check the company's careers page for the real opening.|2
seed:b0f5e5d75307df45|Synchrony Financial|Management Trainee|FULL_TIME|Multiple locations|Onsite|4-8 Lacs PA|0-1 Yrs|communication,excel,sales,business analysis|Synchrony Financial is looking for fresh graduates and early-career candidates for the Management Trainee role in the consumer finance space. Skills typically asked for this role: communication, excel, sales, business analysis. This is a sample role built from typical industry requirements, not a confirmed vacancy. Check the company's careers page for the real opening.|9
seed:6282c4dde9e2ef2b|Synopsys|Python Developer|FULL_TIME|Multiple locations|Onsite|3-6 Lacs PA|0-2 Yrs|python,sql,rest api,git,pandas|Synopsys is looking for fresh graduates and early-career candidates for the Python Developer role in the application software space. Skills typically asked for this role: python, sql, rest api, git, pandas. This is a sample role built from typical industry requirements, not a confirmed vacancy. Check the company's careers page for the real opening.|10
seed:436a9129bcebc010|Synopsys|Cyber Security Analyst|FULL_TIME|Multiple locations|Hybrid|5-7 Lacs PA|0-2 Yrs|cyber security,linux,python,communication|Synopsys is looking for fresh graduates and early-career candidates for the Cyber Security Analyst role in the application software space. Skills typically asked for this role: cyber security, linux, python, communication. This is a sample role built from typical industry requirements, not a confirmed vacancy. Check the company's careers page for the real opening.|3
seed:17d01404e32f4566|Synopsys|Associate Software Engineer|FULL_TIME|Multiple locations|Onsite|4-7 Lacs PA|0-2 Yrs|python,sql,data structures,git,linux|Synopsys is looking for fresh graduates and early-career candidates for the Associate Software Engineer role in the application software space. Skills typically asked for this role: python, sql, data structures, git, linux. This is a sample role built from typical industry requirements, not a confirmed vacancy. Check the company's careers page for the real opening.|14
seed:1fcc34cc85c2eeed|Sysco|Digital Marketing Executive|FULL_TIME|Multiple locations|Hybrid|2-6 Lacs PA|0-2 Yrs|digital marketing,seo,content writing,excel,communication|Sysco is looking for fresh graduates and early-career candidates for the Digital Marketing Executive role in the food distributors space. Skills typically asked for this role: digital marketing, seo, content writing, excel, communication. This is a sample role built from typical industry requirements, not a confirmed vacancy. Check the company's careers page for the real opening.|13
seed:a684283bb1a6c022|Sysco|Supply Chain Analyst|FULL_TIME|Multiple locations|Remote|3-5 Lacs PA|0-2 Yrs|supply chain,excel,sql,sap,business analysis|Sysco is looking for fresh graduates and early-career candidates for the Supply Chain Analyst role in the food distributors space. Skills typically asked for this role: supply chain, excel, sql, sap, business analysis. This is a sample role built from typical industry requirements, not a confirmed vacancy. Check the company's careers page for the real opening.|12
seed:0ca4f978507c0ae3|T-Mobile US|Data Analyst|FULL_TIME|Multiple locations|Remote|3-6 Lacs PA|0-2 Yrs|sql,excel,python,tableau,statistics|T-Mobile US is looking for fresh graduates and early-career candidates for the Data Analyst role in the wireless telecommunication services space. Skills typically asked for this role: sql, excel, python, tableau, statistics. This is a sample role built from typical industry requirements, not a confirmed vacancy. Check the company's careers page for the real opening.|12
seed:90b48501e96025fb|T-Mobile US|Digital Marketing Specialist|FULL_TIME|Multiple locations|Remote|2-5 Lacs PA|0-2 Yrs|digital marketing,seo,content writing,figma|T-Mobile US is looking for fresh graduates and early-career candidates for the Digital Marketing Specialist role in the wireless telecommunication services space. Skills typically asked for this role: digital marketing, seo, content writing, figma. This is a sample role built from typical industry requirements, not a confirmed vacancy. Check the company's careers page for the real opening.|14
seed:701befc4b70c67b6|T. Rowe Price|Finance Intern|INTERNSHIP|Multiple locations|Remote|₹15,000 / month|Internship|excel,accounting,financial modeling,communication|T. Rowe Price is looking for fresh graduates and early-career candidates for the Finance Intern role in the asset management & custody banks space. Skills typically asked for this role: excel, accounting, financial modeling, communication. This is a sample role built from typical industry requirements, not a confirmed vacancy. Check the company's careers page for the real opening.|11
seed:7b73fa756e85c3c5|T. Rowe Price|Software Engineer (Banking Tech)|FULL_TIME|Multiple locations|Onsite|3-6 Lacs PA|0-2 Yrs|java,sql,spring boot,rest api,git|T. Rowe Price is looking for fresh graduates and early-career candidates for the Software Engineer (Banking Tech) role in the asset management & custody banks space. Skills typically asked for this role: java, sql, spring boot, rest api, git. This is a sample role built from typical industry requirements, not a confirmed vacancy. Check the company's careers page for the real opening.|1
seed:184d93916b23c806|TE Connectivity|Cloud Support Associate|FULL_TIME|Multiple locations|Hybrid|4-7 Lacs PA|0-1 Yrs|aws,linux,sql,communication|TE Connectivity is looking for fresh graduates and early-career candidates for the Cloud Support Associate role in the electronic manufacturing services space. Skills typically asked for this role: aws, linux, sql, communication. This is a sample role built from typical industry requirements, not a confirmed vacancy. Check the company's careers page for the real opening.|7
seed:d5ca75c7947f1854|TE Connectivity|Data Science Intern|INTERNSHIP|Multiple locations|Onsite|₹25,000 / month|Internship|python,pandas,numpy,machine learning,sql|TE Connectivity is looking for fresh graduates and early-career candidates for the Data Science Intern role in the electronic manufacturing services space. Skills typically asked for this role: python, pandas, numpy, machine learning, sql. This is a sample role built from typical industry requirements, not a confirmed vacancy. Check the company's careers page for the real opening.|11
seed:f3bb7f5cc4914817|TE Connectivity|DevOps Engineer|FULL_TIME|Multiple locations|Remote|5-9 Lacs PA|0-2 Yrs|linux,docker,kubernetes,aws,git|TE Connectivity is looking for fresh graduates and early-career candidates for the DevOps Engineer role in the electronic manufacturing services space. Skills typically asked for this role: linux, docker, kubernetes, aws, git. This is a sample role built from typical industry requirements, not a confirmed vacancy. Check the company's careers page for the real opening.|6
seed:af2cd62e883d69b8|TJX Companies|Marketing Intern|INTERNSHIP|Multiple locations|Remote|₹25,000 / month|Internship|digital marketing,seo,content writing,communication|TJX Companies is looking for fresh graduates and early-career candidates for the Marketing Intern role in the apparel retail space. Skills typically asked for this role: digital marketing, seo, content writing, communication. This is a sample role built from typical industry requirements, not a confirmed vacancy. Check the company's careers page for the real opening.|14
seed:892833d1f2cfa13a|TJX Companies|Digital Marketing Executive|FULL_TIME|Multiple locations|Remote|3-6 Lacs PA|0-2 Yrs|digital marketing,seo,content writing,excel,communication|TJX Companies is looking for fresh graduates and early-career candidates for the Digital Marketing Executive role in the apparel retail space. Skills typically asked for this role: digital marketing, seo, content writing, excel, communication. This is a sample role built from typical industry requirements, not a confirmed vacancy. Check the company's careers page for the real opening.|4
seed:217f0340cdec0b87|TKO Group Holdings|Software Engineer|FULL_TIME|Multiple locations|Remote|4-6 Lacs PA|0-2 Yrs|java,python,sql,rest api,git|TKO Group Holdings is looking for fresh graduates and early-career candidates for the Software Engineer role in the movies & entertainment space. Skills typically asked for this role: java, python, sql, rest api, git. This is a sample role built from typical industry requirements, not a confirmed vacancy. Check the company's careers page for the real opening.|4
seed:efef9cb8d18c94ff|TKO Group Holdings|UI/UX Designer|FULL_TIME|Multiple locations|Onsite|4-7 Lacs PA|0-2 Yrs|figma,ui/ux,photoshop,illustrator|TKO Group Holdings is looking for fresh graduates and early-career candidates for the UI/UX Designer role in the movies & entertainment space. Skills typically asked for this role: figma, ui/ux, photoshop, illustrator. This is a sample role built from typical industry requirements, not a confirmed vacancy. Check the company's careers page for the real opening.|13
seed:e30554e789c2908f|Take-Two Interactive|Software Engineer|FULL_TIME|Multiple locations|Remote|5-7 Lacs PA|0-2 Yrs|java,python,sql,rest api,git|Take-Two Interactive is looking for fresh graduates and early-career candidates for the Software Engineer role in the interactive home entertainment space. Skills typically asked for this role: java, python, sql, rest api, git. This is a sample role built from typical industry requirements, not a confirmed vacancy. Check the company's careers page for the real opening.|3
seed:bce4f39019f52289|Take-Two Interactive|Digital Marketing Specialist|FULL_TIME|Multiple locations|Remote|3-6 Lacs PA|0-2 Yrs|digital marketing,seo,content writing,figma|Take-Two Interactive is looking for fresh graduates and early-career candidates for the Digital Marketing Specialist role in the interactive home entertainment space. Skills typically asked for this role: digital marketing, seo, content writing, figma. This is a sample role built from typical industry requirements, not a confirmed vacancy. Check the company's careers page for the real opening.|9
seed:8c71efc8752cf364|Tapestry, Inc.|Business Analyst|FULL_TIME|Multiple locations|Remote|4-6 Lacs PA|0-2 Yrs|sql,excel,power bi,business analysis,communication|Tapestry, Inc. is looking for fresh graduates and early-career candidates for the Business Analyst role in the apparel, accessories & luxury goods space. Skills typically asked for this role: sql, excel, power bi, business analysis, communication. This is a sample role built from typical industry requirements, not a confirmed vacancy. Check the company's careers page for the real opening.|3
seed:ace549f963b2d7f5|Tapestry, Inc.|Supply Chain Analyst|FULL_TIME|Multiple locations|Onsite|4-7 Lacs PA|0-2 Yrs|supply chain,excel,sql,sap,business analysis|Tapestry, Inc. is looking for fresh graduates and early-career candidates for the Supply Chain Analyst role in the apparel, accessories & luxury goods space. Skills typically asked for this role: supply chain, excel, sql, sap, business analysis. This is a sample role built from typical industry requirements, not a confirmed vacancy. Check the company's careers page for the real opening.|4
seed:a0136ac4b73db5f3|Targa Resources|Graduate Engineer Trainee (Electrical)|FULL_TIME|Multiple locations|Hybrid|3-7 Lacs PA|0-1 Yrs|plc,scada,matlab,project management|Targa Resources is looking for fresh graduates and early-career candidates for the Graduate Engineer Trainee (Electrical) role in the oil & gas storage & transportation space. Skills typically asked for this role: plc, scada, matlab, project management. This is a sample role built from typical industry requirements, not a confirmed vacancy. Check the company's careers page for the real opening.|14
seed:6fcd03cd673d1a5b|Targa Resources|Process Engineer Trainee|FULL_TIME|Multiple locations|Remote|3-6 Lacs PA|0-2 Yrs|process design,thermodynamics,aspen plus,matlab|Targa Resources is looking for fresh graduates and early-career candidates for the Process Engineer Trainee role in the oil & gas storage & transportation space. Skills typically asked for this role: process design, thermodynamics, aspen plus, matlab. This is a sample role built from typical industry requirements, not a confirmed vacancy. Check the company's careers page for the real opening.|11
seed:afb1da62a5feab15|Target Corporation|Management Trainee|FULL_TIME|Multiple locations|Hybrid|5-8 Lacs PA|0-1 Yrs|sales,communication,excel,business analysis,supply chain|Target Corporation is looking for fresh graduates and early-career candidates for the Management Trainee role in the consumer staples merchandise retail space. Skills typically asked for this role: sales, communication, excel, business analysis, supply chain. This is a sample role built from typical industry requirements, not a confirmed vacancy. Check the company's careers page for the real opening.|7
seed:5bd0e19753e2e84a|Target Corporation|Marketing Intern|INTERNSHIP|Multiple locations|Hybrid|₹25,000 / month|Internship|digital marketing,seo,content writing,communication|Target Corporation is looking for fresh graduates and early-career candidates for the Marketing Intern role in the consumer staples merchandise retail space. Skills typically asked for this role: digital marketing, seo, content writing, communication. This is a sample role built from typical industry requirements, not a confirmed vacancy. Check the company's careers page for the real opening.|10
seed:08ab2c5e5b2188b2|Tata Motors|Electrical Engineer Trainee|FULL_TIME|Mumbai, Bengaluru|Onsite|4-8 Lacs PA|0-2 Yrs|plc,scada,matlab,autocad,embedded c|Tata Motors is looking for fresh graduates and early-career candidates for the Electrical Engineer Trainee role in the automobile space. Skills typically asked for this role: plc, scada, matlab, autocad, embedded c. This is a sample role built from typical industry requirements, not a confirmed vacancy. Check the company's careers page for the real opening.|11
seed:7ee29a60313340bb|Tata Motors|Supply Chain Analyst|FULL_TIME|Ahmedabad, Pune|Onsite|3-6 Lacs PA|0-2 Yrs|supply chain,excel,sql,sap,business analysis|Tata Motors is looking for fresh graduates and early-career candidates for the Supply Chain Analyst role in the automobile space. Skills typically asked for this role: supply chain, excel, sql, sap, business analysis. This is a sample role built from typical industry requirements, not a confirmed vacancy. Check the company's careers page for the real opening.|10
seed:fb070f057d5b812e|Tata Steel|Supply Chain Executive|FULL_TIME|Kolkata, Noida, Bengaluru|Onsite|3-5 Lacs PA|0-2 Yrs|supply chain,excel,sap,communication|Tata Steel is looking for fresh graduates and early-career candidates for the Supply Chain Executive role in the metals and mining space. Skills typically asked for this role: supply chain, excel, sap, communication. This is a sample role built from typical industry requirements, not a confirmed vacancy. Check the company's careers page for the real opening.|7
seed:1a8ff44e295e0e06|Tata Steel|Process Engineer Trainee|FULL_TIME|Noida, Kolkata, Pune|Onsite|4-8 Lacs PA|0-2 Yrs|process design,thermodynamics,quality control,six sigma|Tata Steel is looking for fresh graduates and early-career candidates for the Process Engineer Trainee role in the metals and mining space. Skills typically asked for this role: process design, thermodynamics, quality control, six sigma. This is a sample role built from typical industry requirements, not a confirmed vacancy. Check the company's careers page for the real opening.|1
seed:57fa6bee6b7c7767|Teledyne Technologies|Data Science Intern|INTERNSHIP|Multiple locations|Remote|₹15,000 / month|Internship|python,pandas,numpy,machine learning,sql|Teledyne Technologies is looking for fresh graduates and early-career candidates for the Data Science Intern role in the electronic equipment & instruments space. Skills typically asked for this role: python, pandas, numpy, machine learning, sql. This is a sample role built from typical industry requirements, not a confirmed vacancy. Check the company's careers page for the real opening.|12
seed:4c35b6dd2f3765c3|Teledyne Technologies|Associate Software Engineer|FULL_TIME|Multiple locations|Remote|3-6 Lacs PA|0-2 Yrs|python,sql,data structures,git,linux|Teledyne Technologies is looking for fresh graduates and early-career candidates for the Associate Software Engineer role in the electronic equipment & instruments space. Skills typically asked for this role: python, sql, data structures, git, linux. This is a sample role built from typical industry requirements, not a confirmed vacancy. Check the company's careers page for the real opening.|12
seed:84af2dc42a1f3e7a|Teledyne Technologies|Full Stack Developer|FULL_TIME|Multiple locations|Remote|5-8 Lacs PA|0-2 Yrs|javascript,react,node.js,html,css,mongodb,git|Teledyne Technologies is looking for fresh graduates and early-career candidates for the Full Stack Developer role in the electronic equipment & instruments space. Skills typically asked for this role: javascript, react, node.js, html, css, mongodb, git. This is a sample role built from typical industry requirements, not a confirmed vacancy. Check the company's careers page for the real opening.|14
seed:bd8bc05ef44fd22d|Teradyne|Data Analyst|FULL_TIME|Multiple locations|Onsite|3-5 Lacs PA|0-2 Yrs|sql,excel,python,power bi,statistics|Teradyne is looking for fresh graduates and early-career candidates for the Data Analyst role in the semiconductor materials & equipment space. Skills typically asked for this role: sql, excel, python, power bi, statistics. This is a sample role built from typical industry requirements, not a confirmed vacancy. Check the company's careers page for the real opening.|1
seed:c4d75865089135d0|Teradyne|Software Engineer Trainee|FULL_TIME|Multiple locations|Hybrid|2-5 Lacs PA|0-1 Yrs|java,sql,data structures,git,rest api|Teradyne is looking for fresh graduates and early-career candidates for the Software Engineer Trainee role in the semiconductor materials & equipment space. Skills typically asked for this role: java, sql, data structures, git, rest api. This is a sample role built from typical industry requirements, not a confirmed vacancy. Check the company's careers page for the real opening.|3
seed:530d5ecec168e9a8|Teradyne|DevOps Engineer|FULL_TIME|Multiple locations|Remote|5-9 Lacs PA|0-2 Yrs|linux,docker,kubernetes,aws,git|Teradyne is looking for fresh graduates and early-career candidates for the DevOps Engineer role in the semiconductor materials & equipment space. Skills typically asked for this role: linux, docker, kubernetes, aws, git. This is a sample role built from typical industry requirements, not a confirmed vacancy. Check the company's careers page for the real opening.|9
seed:92d7f777b8aa2456|Tesla, Inc.|Design Engineer|FULL_TIME|Multiple locations|Hybrid|4-7 Lacs PA|0-2 Yrs|autocad,solidworks,catia,cad,ansys|Tesla, Inc. is looking for fresh graduates and early-career candidates for the Design Engineer role in the automobile manufacturers space. Skills typically asked for this role: autocad, solidworks, catia, cad, ansys. This is a sample role built from typical industry requirements, not a confirmed vacancy. Check the company's careers page for the real opening.|5
seed:c82e7d57b98305fc|Tesla, Inc.|Production Engineer|FULL_TIME|Multiple locations|Hybrid|2-4 Lacs PA|0-2 Yrs|lean manufacturing,six sigma,quality control,cnc,cad|Tesla, Inc. is looking for fresh graduates and early-career candidates for the Production Engineer role in the automobile manufacturers space. Skills typically asked for this role: lean manufacturing, six sigma, quality control, cnc, cad. This is a sample role built from typical industry requirements, not a confirmed vacancy. Check the company's careers page for the real opening.|3
seed:90514f7b4a45060f|Texas Instruments|Cloud Support Associate|FULL_TIME|Multiple locations|Onsite|3-6 Lacs PA|0-1 Yrs|aws,linux,sql,communication|Texas Instruments is looking for fresh graduates and early-career candidates for the Cloud Support Associate role in the semiconductors space. Skills typically asked for this role: aws, linux, sql, communication. This is a sample role built from typical industry requirements, not a confirmed vacancy. Check the company's careers page for the real opening.|5
seed:aac6366a4e2a8410|Texas Instruments|Machine Learning Engineer|FULL_TIME|Multiple locations|Hybrid|4-7 Lacs PA|0-2 Yrs|python,machine learning,tensorflow,pandas,numpy,scikit-learn|Texas Instruments is looking for fresh graduates and early-career candidates for the Machine Learning Engineer role in the semiconductors space. Skills typically asked for this role: python, machine learning, tensorflow, pandas, numpy, scikit-learn. This is a sample role built from typical industry requirements, not a confirmed vacancy. Check the company's careers page for the real opening.|11
seed:50efb35699e66acc|Texas Instruments|Data Science Intern|INTERNSHIP|Multiple locations|Hybrid|₹15,000 / month|Internship|python,pandas,numpy,machine learning,sql|Texas Instruments is looking for fresh graduates and early-career candidates for the Data Science Intern role in the semiconductors space. Skills typically asked for this role: python, pandas, numpy, machine learning, sql. This is a sample role built from typical industry requirements, not a confirmed vacancy. Check the company's careers page for the real opening.|6
seed:415deb48a77088b4|Texas Pacific Land Corporation|Maintenance Engineer|FULL_TIME|Multiple locations|Hybrid|2-6 Lacs PA|0-2 Yrs|quality control,plc,autocad,six sigma|Texas Pacific Land Corporation is looking for fresh graduates and early-career candidates for the Maintenance Engineer role in the oil & gas exploration & production space. Skills typically asked for this role: quality control, plc, autocad, six sigma. This is a sample role built from typical industry requirements, not a confirmed vacancy. Check the company's careers page for the real opening.|6
seed:a164b384723f8de0|Texas Pacific Land Corporation|Engineering Intern|INTERNSHIP|Multiple locations|Onsite|₹8,000 / month|Internship|process design,matlab,excel,project management|Texas Pacific Land Corporation is looking for fresh graduates and early-career candidates for the Engineering Intern role in the oil & gas exploration & production space. Skills typically asked for this role: process design, matlab, excel, project management. This is a sample role built from typical industry requirements, not a confirmed vacancy. Check the company's careers page for the real opening.|0
seed:0bdc8fea356022a5|Textron|Engineering Intern|INTERNSHIP|Multiple locations|Hybrid|₹25,000 / month|Internship|autocad,matlab,solidworks,communication|Textron is looking for fresh graduates and early-career candidates for the Engineering Intern role in the aerospace & defense space. Skills typically asked for this role: autocad, matlab, solidworks, communication. This is a sample role built from typical industry requirements, not a confirmed vacancy. Check the company's careers page for the real opening.|3
seed:78ffbb1cb8a40685|Textron|Electrical Engineer Trainee|FULL_TIME|Multiple locations|Remote|3-6 Lacs PA|0-2 Yrs|plc,scada,matlab,autocad,embedded c|Textron is looking for fresh graduates and early-career candidates for the Electrical Engineer Trainee role in the aerospace & defense space. Skills typically asked for this role: plc, scada, matlab, autocad, embedded c. This is a sample role built from typical industry requirements, not a confirmed vacancy. Check the company's careers page for the real opening.|5
seed:48fe407339f0eac9|Thermo Fisher Scientific|Clinical Research Associate|FULL_TIME|Multiple locations|Onsite|2-5 Lacs PA|0-2 Yrs|clinical research,research,statistics,communication|Thermo Fisher Scientific is looking for fresh graduates and early-career candidates for the Clinical Research Associate role in the life sciences tools & services space. Skills typically asked for this role: clinical research, research, statistics, communication. This is a sample role built from typical industry requirements, not a confirmed vacancy. Check the company's careers page for the real opening.|1
seed:b8af2e6ebd83320d|Thermo Fisher Scientific|Data Analyst (Healthcare)|FULL_TIME|Multiple locations|Remote|2-5 Lacs PA|0-2 Yrs|sql,excel,statistics,python,power bi|Thermo Fisher Scientific is looking for fresh graduates and early-career candidates for the Data Analyst (Healthcare) role in the life sciences tools & services space. Skills typically asked for this role: sql, excel, statistics, python, power bi. This is a sample role built from typical industry requirements, not a confirmed vacancy. Check the company's careers page for the real opening.|12
seed:03955aafe46d9fdc|Titan Company|Sales Executive|FULL_TIME|Kolkata|Onsite|1-4 Lacs PA|0-2 Yrs|sales,communication,excel|Titan Company is looking for fresh graduates and early-career candidates for the Sales Executive role in the consumer goods space. Skills typically asked for this role: sales, communication, excel. This is a sample role built from typical industry requirements, not a confirmed vacancy. Check the company's careers page for the real opening.|14
seed:b4a8ca1d67332605|Titan Company|Business Analyst|FULL_TIME|Chennai, Kochi|Onsite|3-7 Lacs PA|0-2 Yrs|sql,excel,power bi,business analysis,communication|Titan Company is looking for fresh graduates and early-career candidates for the Business Analyst role in the consumer goods space. Skills typically asked for this role: sql, excel, power bi, business analysis, communication. This is a sample role built from typical industry requirements, not a confirmed vacancy. Check the company's careers page for the real opening.|6
seed:615ec82ebfc1fb34|Tractor Supply|Software Engineer|FULL_TIME|Multiple locations|Hybrid|4-7 Lacs PA|0-2 Yrs|java,python,sql,react,git|Tractor Supply is looking for fresh graduates and early-career candidates for the Software Engineer role in the other specialty retail space. Skills typically asked for this role: java, python, sql, react, git. This is a sample role built from typical industry requirements, not a confirmed vacancy. Check the company's careers page for the real opening.|12
seed:5aa8234c43f890cf|Tractor Supply|Business Analyst|FULL_TIME|Multiple locations|Onsite|4-8 Lacs PA|0-2 Yrs|sql,excel,power bi,business analysis,communication|Tractor Supply is looking for fresh graduates and early-career candidates for the Business Analyst role in the other specialty retail space. Skills typically asked for this role: sql, excel, power bi, business analysis, communication. This is a sample role built from typical industry requirements, not a confirmed vacancy. Check the company's careers page for the real opening.|2
seed:710f5d97537ad60e|Trane Technologies|Production Engineer|FULL_TIME|Multiple locations|Remote|3-6 Lacs PA|0-2 Yrs|lean manufacturing,six sigma,quality control,cnc,cad|Trane Technologies is looking for fresh graduates and early-career candidates for the Production Engineer role in the building products space. Skills typically asked for this role: lean manufacturing, six sigma, quality control, cnc, cad. This is a sample role built from typical industry requirements, not a confirmed vacancy. Check the company's careers page for the real opening.|1
seed:1fd9a947279a5f42|Trane Technologies|Design Engineer|FULL_TIME|Multiple locations|Onsite|3-6 Lacs PA|0-2 Yrs|autocad,solidworks,catia,cad,ansys|Trane Technologies is looking for fresh graduates and early-career candidates for the Design Engineer role in the building products space. Skills typically asked for this role: autocad, solidworks, catia, cad, ansys. This is a sample role built from typical industry requirements, not a confirmed vacancy. Check the company's careers page for the real opening.|6
seed:055bb222b73c5a4d|TransDigm Group|Supply Chain Analyst|FULL_TIME|Multiple locations|Onsite|4-8 Lacs PA|0-2 Yrs|supply chain,excel,sql,sap,business analysis|TransDigm Group is looking for fresh graduates and early-career candidates for the Supply Chain Analyst role in the aerospace & defense space. Skills typically asked for this role: supply chain, excel, sql, sap, business analysis. This is a sample role built from typical industry requirements, not a confirmed vacancy. Check the company's careers page for the real opening.|13
seed:d7463f887a49715c|TransDigm Group|Production Engineer|FULL_TIME|Multiple locations|Hybrid|4-7 Lacs PA|0-2 Yrs|lean manufacturing,six sigma,quality control,cnc,cad|TransDigm Group is looking for fresh graduates and early-career candidates for the Production Engineer role in the aerospace & defense space. Skills typically asked for this role: lean manufacturing, six sigma, quality control, cnc, cad. This is a sample role built from typical industry requirements, not a confirmed vacancy. Check the company's careers page for the real opening.|10
seed:e2bd02bacc1be79d|Travelers Companies (The)|Operations Executive|FULL_TIME|Multiple locations|Hybrid|1-4 Lacs PA|0-2 Yrs|excel,communication,accounting,tally,gst|Travelers Companies (The) is looking for fresh graduates and early-career candidates for the Operations Executive role in the property & casualty insurance space. Skills typically asked for this role: excel, communication, accounting, tally, gst. This is a sample role built from typical industry requirements, not a confirmed vacancy. Check the company's careers page for the real opening.|7
seed:644e1515b5490064|Travelers Companies (The)|Financial Analyst Trainee|FULL_TIME|Multiple locations|Onsite|2-5 Lacs PA|0-2 Yrs|excel,financial modeling,accounting,statistics,communication|Travelers Companies (The) is looking for fresh graduates and early-career candidates for the Financial Analyst Trainee role in the property & casualty insurance space. Skills typically asked for this role: excel, financial modeling, accounting, statistics, communication. This is a sample role built from typical industry requirements, not a confirmed vacancy. Check the company's careers page for the real opening.|1
seed:d5590c37d72d4e71|Trimble Inc.|Data Science Intern|INTERNSHIP|Multiple locations|Onsite|₹12,000 / month|Internship|python,pandas,numpy,machine learning,sql|Trimble Inc. is looking for fresh graduates and early-career candidates for the Data Science Intern role in the application software space. Skills typically asked for this role: python, pandas, numpy, machine learning, sql. This is a sample role built from typical industry requirements, not a confirmed vacancy. Check the company's careers page for the real opening.|8
seed:f92ff1489fe5eebc|Trimble Inc.|Machine Learning Engineer|FULL_TIME|Multiple locations|Onsite|6-10 Lacs PA|0-2 Yrs|python,machine learning,tensorflow,pandas,numpy,scikit-learn|Trimble Inc. is looking for fresh graduates and early-career candidates for the Machine Learning Engineer role in the application software space. Skills typically asked for this role: python, machine learning, tensorflow, pandas, numpy, scikit-learn. This is a sample role built from typical industry requirements, not a confirmed vacancy. Check the company's careers page for the real opening.|14
seed:2c0e1daae4657cee|Trimble Inc.|DevOps Engineer|FULL_TIME|Multiple locations|Onsite|3-7 Lacs PA|0-2 Yrs|linux,docker,kubernetes,aws,git|Trimble Inc. is looking for fresh graduates and early-career candidates for the DevOps Engineer role in the application software space. Skills typically asked for this role: linux, docker, kubernetes, aws, git. This is a sample role built from typical industry requirements, not a confirmed vacancy. Check the company's careers page for the real opening.|7
seed:720d9654d78a1463|Truist Financial|Financial Analyst Trainee|FULL_TIME|Multiple locations|Remote|3-6 Lacs PA|0-2 Yrs|excel,financial modeling,accounting,statistics,communication|Truist Financial is looking for fresh graduates and early-career candidates for the Financial Analyst Trainee role in the diversified banks space. Skills typically asked for this role: excel, financial modeling, accounting, statistics, communication. This is a sample role built from typical industry requirements, not a confirmed vacancy. Check the company's careers page for the real opening.|12
seed:8ca6795d26c8b823|Truist Financial|Management Trainee|FULL_TIME|Multiple locations|Hybrid|3-6 Lacs PA|0-1 Yrs|communication,excel,sales,business analysis|Truist Financial is looking for fresh graduates and early-career candidates for the Management Trainee role in the diversified banks space. Skills typically asked for this role: communication, excel, sales, business analysis. This is a sample role built from typical industry requirements, not a confirmed vacancy. Check the company's careers page for the real opening.|4
seed:ac2e3c9a3611cc15|Twilio|Java Developer|FULL_TIME|Multiple locations|Hybrid|4-7 Lacs PA|0-2 Yrs|java,spring boot,mysql,rest api,git|Twilio is looking for fresh graduates and early-career candidates for the Java Developer role in the systems software space. Skills typically asked for this role: java, spring boot, mysql, rest api, git. This is a sample role built from typical industry requirements, not a confirmed vacancy. Check the company's careers page for the real opening.|7
seed:2e1c5dff9f15d8bb|Twilio|QA / Test Engineer|FULL_TIME|Multiple locations|Hybrid|3-5 Lacs PA|0-2 Yrs|java,sql,git,rest api|Twilio is looking for fresh graduates and early-career candidates for the QA / Test Engineer role in the systems software space. Skills typically asked for this role: java, sql, git, rest api. This is a sample role built from typical industry requirements, not a confirmed vacancy. Check the company's careers page for the real opening.|1
seed:ec2d07e1ab2ca301|Twilio|DevOps Engineer|FULL_TIME|Multiple locations|Remote|3-5 Lacs PA|0-2 Yrs|linux,docker,kubernetes,aws,git|Twilio is looking for fresh graduates and early-career candidates for the DevOps Engineer role in the systems software space. Skills typically asked for this role: linux, docker, kubernetes, aws, git. This is a sample role built from typical industry requirements, not a confirmed vacancy. Check the company's careers page for the real opening.|9
seed:e1a15c938b2942c9|Tyler Technologies|Python Developer|FULL_TIME|Multiple locations|Hybrid|4-6 Lacs PA|0-2 Yrs|python,sql,rest api,git,pandas|Tyler Technologies is looking for fresh graduates and early-career candidates for the Python Developer role in the application software space. Skills typically asked for this role: python, sql, rest api, git, pandas. This is a sample role built from typical industry requirements, not a confirmed vacancy. Check the company's careers page for the real opening.|2
seed:0fb17d9b27e778c6|Tyler Technologies|Data Science Intern|INTERNSHIP|Multiple locations|Hybrid|₹20,000 / month|Internship|python,pandas,numpy,machine learning,sql|Tyler Technologies is looking for fresh graduates and early-career candidates for the Data Science Intern role in the application software space. Skills typically asked for this role: python, pandas, numpy, machine learning, sql. This is a sample role built from typical industry requirements, not a confirmed vacancy. Check the company's careers page for the real opening.|12
seed:9a2d6e82b56ff16e|Tyler Technologies|Cloud Support Associate|FULL_TIME|Multiple locations|Onsite|3-6 Lacs PA|0-1 Yrs|aws,linux,sql,communication|Tyler Technologies is looking for fresh graduates and early-career candidates for the Cloud Support Associate role in the application software space. Skills typically asked for this role: aws, linux, sql, communication. This is a sample role built from typical industry requirements, not a confirmed vacancy. Check the company's careers page for the real opening.|4
seed:9847a2c0b460c9d7|Tyson Foods|Digital Marketing Executive|FULL_TIME|Multiple locations|Onsite|2-6 Lacs PA|0-2 Yrs|digital marketing,seo,content writing,excel,communication|Tyson Foods is looking for fresh graduates and early-career candidates for the Digital Marketing Executive role in the packaged foods & meats space. Skills typically asked for this role: digital marketing, seo, content writing, excel, communication. This is a sample role built from typical industry requirements, not a confirmed vacancy. Check the company's careers page for the real opening.|7
seed:377675442c8c22af|Tyson Foods|Supply Chain Analyst|FULL_TIME|Multiple locations|Onsite|4-6 Lacs PA|0-2 Yrs|supply chain,excel,sql,sap,business analysis|Tyson Foods is looking for fresh graduates and early-career candidates for the Supply Chain Analyst role in the packaged foods & meats space. Skills typically asked for this role: supply chain, excel, sql, sap, business analysis. This is a sample role built from typical industry requirements, not a confirmed vacancy. Check the company's careers page for the real opening.|8
seed:2d295b25d7799d93|U.S. Bancorp|Finance Intern|INTERNSHIP|Multiple locations|Remote|₹12,000 / month|Internship|excel,accounting,financial modeling,communication|U.S. Bancorp is looking for fresh graduates and early-career candidates for the Finance Intern role in the diversified banks space. Skills typically asked for this role: excel, accounting, financial modeling, communication. This is a sample role built from typical industry requirements, not a confirmed vacancy. Check the company's careers page for the real opening.|13
seed:56a59b3efd86e142|U.S. Bancorp|Management Trainee|FULL_TIME|Multiple locations|Hybrid|3-6 Lacs PA|0-1 Yrs|communication,excel,sales,business analysis|U.S. Bancorp is looking for fresh graduates and early-career candidates for the Management Trainee role in the diversified banks space. Skills typically asked for this role: communication, excel, sales, business analysis. This is a sample role built from typical industry requirements, not a confirmed vacancy. Check the company's careers page for the real opening.|6
seed:f786a03cc8c22c0c|UDR, Inc.|Sales Executive|FULL_TIME|Multiple locations|Hybrid|2-5 Lacs PA|0-2 Yrs|sales,communication,excel|UDR, Inc. is looking for fresh graduates and early-career candidates for the Sales Executive role in the multi-family residential reits space. Skills typically asked for this role: sales, communication, excel. This is a sample role built from typical industry requirements, not a confirmed vacancy. Check the company's careers page for the real opening.|13
seed:a246487dd1040ef2|UDR, Inc.|Civil Engineer Trainee|FULL_TIME|Multiple locations|Onsite|3-5 Lacs PA|0-2 Yrs|autocad,revit,staad pro,project management|UDR, Inc. is looking for fresh graduates and early-career candidates for the Civil Engineer Trainee role in the multi-family residential reits space. Skills typically asked for this role: autocad, revit, staad pro, project management. This is a sample role built from typical industry requirements, not a confirmed vacancy. Check the company's careers page for the real opening.|14
seed:07440964e93379b1|Uber|Design Engineer|FULL_TIME|Multiple locations|Onsite|3-7 Lacs PA|0-2 Yrs|autocad,solidworks,catia,cad,ansys|Uber is looking for fresh graduates and early-career candidates for the Design Engineer role in the passenger ground transportation space. Skills typically asked for this role: autocad, solidworks, catia, cad, ansys. This is a sample role built from typical industry requirements, not a confirmed vacancy. Check the company's careers page for the real opening.|7
seed:a459df9d482cb29a|Uber|Supply Chain Analyst|FULL_TIME|Multiple locations|Onsite|3-7 Lacs PA|0-2 Yrs|supply chain,excel,sql,sap,business analysis|Uber is looking for fresh graduates and early-career candidates for the Supply Chain Analyst role in the passenger ground transportation space. Skills typically asked for this role: supply chain, excel, sql, sap, business analysis. This is a sample role built from typical industry requirements, not a confirmed vacancy. Check the company's careers page for the real opening.|7
seed:4601e09b27f423df|Ulta Beauty|Supply Chain Analyst|FULL_TIME|Multiple locations|Hybrid|3-5 Lacs PA|0-2 Yrs|supply chain,excel,sql,sap,business analysis|Ulta Beauty is looking for fresh graduates and early-career candidates for the Supply Chain Analyst role in the other specialty retail space. Skills typically asked for this role: supply chain, excel, sql, sap, business analysis. This is a sample role built from typical industry requirements, not a confirmed vacancy. Check the company's careers page for the real opening.|2
seed:f9c022bc9fe3aa26|Ulta Beauty|Digital Marketing Executive|FULL_TIME|Multiple locations|Onsite|2-5 Lacs PA|0-2 Yrs|digital marketing,seo,content writing,excel,communication|Ulta Beauty is looking for fresh graduates and early-career candidates for the Digital Marketing Executive role in the other specialty retail space. Skills typically asked for this role: digital marketing, seo, content writing, excel, communication. This is a sample role built from typical industry requirements, not a confirmed vacancy. Check the company's careers page for the real opening.|2
seed:f842529ad5b3a733|UltraTech Cement|Plant Intern|INTERNSHIP|Hyderabad|Onsite|₹25,000 / month|Internship|process design,quality control,excel|UltraTech Cement is looking for fresh graduates and early-career candidates for the Plant Intern role in the cement space. Skills typically asked for this role: process design, quality control, excel. This is a sample role built from typical industry requirements, not a confirmed vacancy. Check the company's careers page for the real opening.|10
seed:ff10b7d41f09b2ff|UltraTech Cement|R&D Chemist|FULL_TIME|Mumbai, Pune|Onsite|3-6 Lacs PA|0-2 Yrs|research,lab techniques,spectroscopy,quality control|UltraTech Cement is looking for fresh graduates and early-career candidates for the R&D Chemist role in the cement space. Skills typically asked for this role: research, lab techniques, spectroscopy, quality control. This is a sample role built from typical industry requirements, not a confirmed vacancy. Check the company's careers page for the real opening.|4
seed:b38b57607019a1d3|Union Pacific Corporation|Supply Chain Analyst|FULL_TIME|Multiple locations|Remote|4-6 Lacs PA|0-2 Yrs|supply chain,excel,sql,sap,business analysis|Union Pacific Corporation is looking for fresh graduates and early-career candidates for the Supply Chain Analyst role in the rail transportation space. Skills typically asked for this role: supply chain, excel, sql, sap, business analysis. This is a sample role built from typical industry requirements, not a confirmed vacancy. Check the company's careers page for the real opening.|12
seed:7fd913a6f4844a14|Union Pacific Corporation|Civil Site Engineer|FULL_TIME|Multiple locations|Onsite|1-4 Lacs PA|0-2 Yrs|autocad,revit,staad pro,project management|Union Pacific Corporation is looking for fresh graduates and early-career candidates for the Civil Site Engineer role in the rail transportation space. Skills typically asked for this role: autocad, revit, staad pro, project management. This is a sample role built from typical industry requirements, not a confirmed vacancy. Check the company's careers page for the real opening.|4
seed:b244bc497c023b17|United Airlines Holdings|Embedded Software Engineer|FULL_TIME|Multiple locations|Hybrid|4-6 Lacs PA|0-2 Yrs|embedded c,c++,iot,arduino,linux|United Airlines Holdings is looking for fresh graduates and early-career candidates for the Embedded Software Engineer role in the passenger airlines space. Skills typically asked for this role: embedded c, c++, iot, arduino, linux. This is a sample role built from typical industry requirements, not a confirmed vacancy. Check the company's careers page for the real opening.|14
seed:da75d9c54513a9fd|United Airlines Holdings|Design Engineer|FULL_TIME|Multiple locations|Remote|3-6 Lacs PA|0-2 Yrs|autocad,solidworks,catia,cad,ansys|United Airlines Holdings is looking for fresh graduates and early-career candidates for the Design Engineer role in the passenger airlines space. Skills typically asked for this role: autocad, solidworks, catia, cad, ansys. This is a sample role built from typical industry requirements, not a confirmed vacancy. Check the company's careers page for the real opening.|8
seed:8543c1bde0be130a|United Parcel Service|Software Engineer|FULL_TIME|Multiple locations|Hybrid|4-8 Lacs PA|0-2 Yrs|java,python,sql,react,git|United Parcel Service is looking for fresh graduates and early-career candidates for the Software Engineer role in the air freight & logistics space. Skills typically asked for this role: java, python, sql, react, git. This is a sample role built from typical industry requirements, not a confirmed vacancy. Check the company's careers page for the real opening.|10
seed:8960de4344a0cc6c|United Parcel Service|Business Analyst|FULL_TIME|Multiple locations|Hybrid|4-6 Lacs PA|0-2 Yrs|sql,excel,power bi,business analysis,communication|United Parcel Service is looking for fresh graduates and early-career candidates for the Business Analyst role in the air freight & logistics space. Skills typically asked for this role: sql, excel, power bi, business analysis, communication. This is a sample role built from typical industry requirements, not a confirmed vacancy. Check the company's careers page for the real opening.|3
seed:78b0208ce0b06f82|United Rentals|Engineering Intern|INTERNSHIP|Multiple locations|Hybrid|₹8,000 / month|Internship|autocad,matlab,solidworks,communication|United Rentals is looking for fresh graduates and early-career candidates for the Engineering Intern role in the trading companies & distributors space. Skills typically asked for this role: autocad, matlab, solidworks, communication. This is a sample role built from typical industry requirements, not a confirmed vacancy. Check the company's careers page for the real opening.|7
seed:53c3b6098f4c3031|United Rentals|Supply Chain Analyst|FULL_TIME|Multiple locations|Remote|3-7 Lacs PA|0-2 Yrs|supply chain,excel,sql,sap,business analysis|United Rentals is looking for fresh graduates and early-career candidates for the Supply Chain Analyst role in the trading companies & distributors space. Skills typically asked for this role: supply chain, excel, sql, sap, business analysis. This is a sample role built from typical industry requirements, not a confirmed vacancy. Check the company's careers page for the real opening.|10
seed:acd84882d46d77bc|UnitedHealth Group|Medical Representative Trainee|FULL_TIME|Multiple locations|Remote|3-6 Lacs PA|0-1 Yrs|sales,communication,pharmacology|UnitedHealth Group is looking for fresh graduates and early-career candidates for the Medical Representative Trainee role in the managed health care space. Skills typically asked for this role: sales, communication, pharmacology. This is a sample role built from typical industry requirements, not a confirmed vacancy. Check the company's careers page for the real opening.|5
seed:57c6711f14898794|UnitedHealth Group|Research Associate|FULL_TIME|Multiple locations|Remote|1-3 Lacs PA|0-2 Yrs|research,lab techniques,pcr,pharmacology|UnitedHealth Group is looking for fresh graduates and early-career candidates for the Research Associate role in the managed health care space. Skills typically asked for this role: research, lab techniques, pcr, pharmacology. This is a sample role built from typical industry requirements, not a confirmed vacancy. Check the company's careers page for the real opening.|4
seed:9ebcdfc9dd50dae1|Universal Health Services|Research Associate|FULL_TIME|Multiple locations|Remote|2-4 Lacs PA|0-2 Yrs|research,lab techniques,pcr,pharmacology|Universal Health Services is looking for fresh graduates and early-career candidates for the Research Associate role in the health care facilities space. Skills typically asked for this role: research, lab techniques, pcr, pharmacology. This is a sample role built from typical industry requirements, not a confirmed vacancy. Check the company's careers page for the real opening.|9
seed:7801da71c2ebafcf|Universal Health Services|Clinical Research Associate|FULL_TIME|Multiple locations|Onsite|1-4 Lacs PA|0-2 Yrs|clinical research,research,statistics,communication|Universal Health Services is looking for fresh graduates and early-career candidates for the Clinical Research Associate role in the health care facilities space. Skills typically asked for this role: clinical research, research, statistics, communication. This is a sample role built from typical industry requirements, not a confirmed vacancy. Check the company's careers page for the real opening.|5
seed:d2bc13195120726d|Valero Energy|Process Engineer Trainee|FULL_TIME|Multiple locations|Hybrid|4-8 Lacs PA|0-2 Yrs|process design,thermodynamics,aspen plus,matlab|Valero Energy is looking for fresh graduates and early-career candidates for the Process Engineer Trainee role in the oil & gas refining & marketing space. Skills typically asked for this role: process design, thermodynamics, aspen plus, matlab. This is a sample role built from typical industry requirements, not a confirmed vacancy. Check the company's careers page for the real opening.|9
seed:5e907509b47d08d8|Valero Energy|Maintenance Engineer|FULL_TIME|Multiple locations|Onsite|2-5 Lacs PA|0-2 Yrs|quality control,plc,autocad,six sigma|Valero Energy is looking for fresh graduates and early-career candidates for the Maintenance Engineer role in the oil & gas refining & marketing space. Skills typically asked for this role: quality control, plc, autocad, six sigma. This is a sample role built from typical industry requirements, not a confirmed vacancy. Check the company's careers page for the real opening.|3
seed:71aa7733f82da897|Veeva Systems|Medical Representative Trainee|FULL_TIME|Multiple locations|Onsite|1-4 Lacs PA|0-1 Yrs|sales,communication,pharmacology|Veeva Systems is looking for fresh graduates and early-career candidates for the Medical Representative Trainee role in the health care technology space. Skills typically asked for this role: sales, communication, pharmacology. This is a sample role built from typical industry requirements, not a confirmed vacancy. Check the company's careers page for the real opening.|0
seed:4a2229fb9b85f38f|Veeva Systems|Research Intern|INTERNSHIP|Multiple locations|Onsite|₹20,000 / month|Internship|research,lab techniques,statistics|Veeva Systems is looking for fresh graduates and early-career candidates for the Research Intern role in the health care technology space. Skills typically asked for this role: research, lab techniques, statistics. This is a sample role built from typical industry requirements, not a confirmed vacancy. Check the company's careers page for the real opening.|4
seed:954d5c13176d960d|Ventas|Clinical Research Associate|FULL_TIME|Multiple locations|Remote|2-5 Lacs PA|0-2 Yrs|clinical research,research,statistics,communication|Ventas is looking for fresh graduates and early-career candidates for the Clinical Research Associate role in the health care reits space. Skills typically asked for this role: clinical research, research, statistics, communication. This is a sample role built from typical industry requirements, not a confirmed vacancy. Check the company's careers page for the real opening.|13
seed:f870af468bbdb895|Ventas|Research Intern|INTERNSHIP|Multiple locations|Onsite|₹8,000 / month|Internship|research,lab techniques,statistics|Ventas is looking for fresh graduates and early-career candidates for the Research Intern role in the health care reits space. Skills typically asked for this role: research, lab techniques, statistics. This is a sample role built from typical industry requirements, not a confirmed vacancy. Check the company's careers page for the real opening.|8
seed:e482cd9d1b90757f|Veralto|Supply Chain Analyst|FULL_TIME|Multiple locations|Remote|3-6 Lacs PA|0-2 Yrs|supply chain,excel,sql,sap,business analysis|Veralto is looking for fresh graduates and early-career candidates for the Supply Chain Analyst role in the environmental & facilities services space. Skills typically asked for this role: supply chain, excel, sql, sap, business analysis. This is a sample role built from typical industry requirements, not a confirmed vacancy. Check the company's careers page for the real opening.|9
seed:caac73c7aad771c0|Veralto|Graduate Engineer Trainee|FULL_TIME|Multiple locations|Onsite|3-7 Lacs PA|0-1 Yrs|autocad,solidworks,matlab,project management,quality control|Veralto is looking for fresh graduates and early-career candidates for the Graduate Engineer Trainee role in the environmental & facilities services space. Skills typically asked for this role: autocad, solidworks, matlab, project management, quality control. This is a sample role built from typical industry requirements, not a confirmed vacancy. Check the company's careers page for the real opening.|7
seed:560174733c0679dd|Verisign|Full Stack Developer|FULL_TIME|Multiple locations|Onsite|4-8 Lacs PA|0-2 Yrs|javascript,react,node.js,html,css,mongodb,git|Verisign is looking for fresh graduates and early-career candidates for the Full Stack Developer role in the internet services & infrastructure space. Skills typically asked for this role: javascript, react, node.js, html, css, mongodb, git. This is a sample role built from typical industry requirements, not a confirmed vacancy. Check the company's careers page for the real opening.|7
seed:e07f78b47fcc29bd|Verisign|DevOps Engineer|FULL_TIME|Multiple locations|Remote|4-7 Lacs PA|0-2 Yrs|linux,docker,kubernetes,aws,git|Verisign is looking for fresh graduates and early-career candidates for the DevOps Engineer role in the internet services & infrastructure space. Skills typically asked for this role: linux, docker, kubernetes, aws, git. This is a sample role built from typical industry requirements, not a confirmed vacancy. Check the company's careers page for the real opening.|0
seed:e71e75766bff0e20|Verisign|Data Science Intern|INTERNSHIP|Multiple locations|Remote|₹25,000 / month|Internship|python,pandas,numpy,machine learning,sql|Verisign is looking for fresh graduates and early-career candidates for the Data Science Intern role in the internet services & infrastructure space. Skills typically asked for this role: python, pandas, numpy, machine learning, sql. This is a sample role built from typical industry requirements, not a confirmed vacancy. Check the company's careers page for the real opening.|7
seed:9e848f9a14e4cc6b|Verisk Analytics|Production Engineer|FULL_TIME|Multiple locations|Onsite|4-7 Lacs PA|0-2 Yrs|lean manufacturing,six sigma,quality control,cnc,cad|Verisk Analytics is looking for fresh graduates and early-career candidates for the Production Engineer role in the research & consulting services space. Skills typically asked for this role: lean manufacturing, six sigma, quality control, cnc, cad. This is a sample role built from typical industry requirements, not a confirmed vacancy. Check the company's careers page for the real opening.|6
seed:7a9bc49a4733ff73|Verisk Analytics|Design Engineer|FULL_TIME|Multiple locations|Onsite|2-5 Lacs PA|0-2 Yrs|autocad,solidworks,catia,cad,ansys|Verisk Analytics is looking for fresh graduates and early-career candidates for the Design Engineer role in the research & consulting services space. Skills typically asked for this role: autocad, solidworks, catia, cad, ansys. This is a sample role built from typical industry requirements, not a confirmed vacancy. Check the company's careers page for the real opening.|10
seed:02481b3ec9345294|Verizon|Content Intern|INTERNSHIP|Multiple locations|Hybrid|₹12,000 / month|Internship|content writing,seo,communication|Verizon is looking for fresh graduates and early-career candidates for the Content Intern role in the integrated telecommunication services space. Skills typically asked for this role: content writing, seo, communication. This is a sample role built from typical industry requirements, not a confirmed vacancy. Check the company's careers page for the real opening.|1
seed:93aed89098ec9f31|Verizon|Data Analyst|FULL_TIME|Multiple locations|Onsite|4-7 Lacs PA|0-2 Yrs|sql,excel,python,tableau,statistics|Verizon is looking for fresh graduates and early-career candidates for the Data Analyst role in the integrated telecommunication services space. Skills typically asked for this role: sql, excel, python, tableau, statistics. This is a sample role built from typical industry requirements, not a confirmed vacancy. Check the company's careers page for the real opening.|12
seed:7535f1d791d996d7|Vertex Pharmaceuticals|Quality Control Analyst|FULL_TIME|Multiple locations|Remote|2-5 Lacs PA|0-2 Yrs|quality control,lab techniques,spectroscopy,research|Vertex Pharmaceuticals is looking for fresh graduates and early-career candidates for the Quality Control Analyst role in the biotechnology space. Skills typically asked for this role: quality control, lab techniques, spectroscopy, research. This is a sample role built from typical industry requirements, not a confirmed vacancy. Check the company's careers page for the real opening.|12
seed:69fa66b5afa6d416|Vertex Pharmaceuticals|Research Associate|FULL_TIME|Multiple locations|Remote|3-7 Lacs PA|0-2 Yrs|research,lab techniques,pcr,pharmacology|Vertex Pharmaceuticals is looking for fresh graduates and early-career candidates for the Research Associate role in the biotechnology space. Skills typically asked for this role: research, lab techniques, pcr, pharmacology. This is a sample role built from typical industry requirements, not a confirmed vacancy. Check the company's careers page for the real opening.|2
seed:7c69a3184e2f81c7|Vertiv|Supply Chain Analyst|FULL_TIME|Multiple locations|Remote|2-5 Lacs PA|0-2 Yrs|supply chain,excel,sql,sap,business analysis|Vertiv is looking for fresh graduates and early-career candidates for the Supply Chain Analyst role in the electrical components & equipment space. Skills typically asked for this role: supply chain, excel, sql, sap, business analysis. This is a sample role built from typical industry requirements, not a confirmed vacancy. Check the company's careers page for the real opening.|9
seed:68b70db5797b203a|Vertiv|Embedded Software Engineer|FULL_TIME|Multiple locations|Remote|5-7 Lacs PA|0-2 Yrs|embedded c,c++,iot,arduino,linux|Vertiv is looking for fresh graduates and early-career candidates for the Embedded Software Engineer role in the electrical components & equipment space. Skills typically asked for this role: embedded c, c++, iot, arduino, linux. This is a sample role built from typical industry requirements, not a confirmed vacancy. Check the company's careers page for the real opening.|4
seed:573b3e36bcfe7ef8|Viatris|Research Associate|FULL_TIME|Multiple locations|Remote|2-6 Lacs PA|0-2 Yrs|research,lab techniques,pcr,pharmacology|Viatris is looking for fresh graduates and early-career candidates for the Research Associate role in the pharmaceuticals space. Skills typically asked for this role: research, lab techniques, pcr, pharmacology. This is a sample role built from typical industry requirements, not a confirmed vacancy. Check the company's careers page for the real opening.|4
seed:0a87230a813614ac|Viatris|Clinical Research Associate|FULL_TIME|Multiple locations|Remote|1-5 Lacs PA|0-2 Yrs|clinical research,research,statistics,communication|Viatris is looking for fresh graduates and early-career candidates for the Clinical Research Associate role in the pharmaceuticals space. Skills typically asked for this role: clinical research, research, statistics, communication. This is a sample role built from typical industry requirements, not a confirmed vacancy. Check the company's careers page for the real opening.|7
seed:97012d681c16671d|Vici Properties|Planning Engineer|FULL_TIME|Multiple locations|Remote|3-6 Lacs PA|0-2 Yrs|project management,autocad,excel,revit|Vici Properties is looking for fresh graduates and early-career candidates for the Planning Engineer role in the hotel & resort reits space. Skills typically asked for this role: project management, autocad, excel, revit. This is a sample role built from typical industry requirements, not a confirmed vacancy. Check the company's careers page for the real opening.|7
seed:8698f5feb0eed386|Vici Properties|Civil Engineer Trainee|FULL_TIME|Multiple locations|Onsite|4-7 Lacs PA|0-2 Yrs|autocad,revit,staad pro,project management|Vici Properties is looking for fresh graduates and early-career candidates for the Civil Engineer Trainee role in the hotel & resort reits space. Skills typically asked for this role: autocad, revit, staad pro, project management. This is a sample role built from typical industry requirements, not a confirmed vacancy. Check the company's careers page for the real opening.|13
seed:21ac198eaba0a65e|Visa Inc.|Risk Analyst|FULL_TIME|Multiple locations|Onsite|4-8 Lacs PA|0-2 Yrs|excel,statistics,sql,python,financial modeling|Visa Inc. is looking for fresh graduates and early-career candidates for the Risk Analyst role in the transaction & payment processing services space. Skills typically asked for this role: excel, statistics, sql, python, financial modeling. This is a sample role built from typical industry requirements, not a confirmed vacancy. Check the company's careers page for the real opening.|7
seed:9fdedb9c8a623045|Visa Inc.|Financial Analyst Trainee|FULL_TIME|Multiple locations|Hybrid|2-5 Lacs PA|0-2 Yrs|excel,financial modeling,accounting,statistics,communication|Visa Inc. is looking for fresh graduates and early-career candidates for the Financial Analyst Trainee role in the transaction & payment processing services space. Skills typically asked for this role: excel, financial modeling, accounting, statistics, communication. This is a sample role built from typical industry requirements, not a confirmed vacancy. Check the company's careers page for the real opening.|8
seed:8dcfc016e735b265|Vistra Corp.|Graduate Engineer Trainee (Electrical)|FULL_TIME|Multiple locations|Hybrid|3-6 Lacs PA|0-1 Yrs|plc,scada,matlab,project management|Vistra Corp. is looking for fresh graduates and early-career candidates for the Graduate Engineer Trainee (Electrical) role in the electric utilities space. Skills typically asked for this role: plc, scada, matlab, project management. This is a sample role built from typical industry requirements, not a confirmed vacancy. Check the company's careers page for the real opening.|13
seed:c768e37898872f7d|Vistra Corp.|Maintenance Engineer|FULL_TIME|Multiple locations|Remote|2-5 Lacs PA|0-2 Yrs|quality control,plc,autocad,six sigma|Vistra Corp. is looking for fresh graduates and early-career candidates for the Maintenance Engineer role in the electric utilities space. Skills typically asked for this role: quality control, plc, autocad, six sigma. This is a sample role built from typical industry requirements, not a confirmed vacancy. Check the company's careers page for the real opening.|9
seed:8b833cff7ac99ad5|Vivmark Residential|Sales Executive|FULL_TIME|Multiple locations|Remote|3-5 Lacs PA|0-2 Yrs|sales,communication,excel|Vivmark Residential is looking for fresh graduates and early-career candidates for the Sales Executive role in the multi-family residential reits space. Skills typically asked for this role: sales, communication, excel. This is a sample role built from typical industry requirements, not a confirmed vacancy. Check the company's careers page for the real opening.|7
seed:322a6ca2aee7bd7d|Vivmark Residential|Civil Engineer Trainee|FULL_TIME|Multiple locations|Remote|2-4 Lacs PA|0-2 Yrs|autocad,revit,staad pro,project management|Vivmark Residential is looking for fresh graduates and early-career candidates for the Civil Engineer Trainee role in the multi-family residential reits space. Skills typically asked for this role: autocad, revit, staad pro, project management. This is a sample role built from typical industry requirements, not a confirmed vacancy. Check the company's careers page for the real opening.|9
seed:10016bc4df24f72a|Vulcan Materials Company|Supply Chain Executive|FULL_TIME|Multiple locations|Remote|3-5 Lacs PA|0-2 Yrs|supply chain,excel,sap,communication|Vulcan Materials Company is looking for fresh graduates and early-career candidates for the Supply Chain Executive role in the construction materials space. Skills typically asked for this role: supply chain, excel, sap, communication. This is a sample role built from typical industry requirements, not a confirmed vacancy. Check the company's careers page for the real opening.|8
seed:897a51076b0c4ec9|Vulcan Materials Company|Plant Intern|INTERNSHIP|Multiple locations|Hybrid|₹15,000 / month|Internship|process design,quality control,excel|Vulcan Materials Company is looking for fresh graduates and early-career candidates for the Plant Intern role in the construction materials space. Skills typically asked for this role: process design, quality control, excel. This is a sample role built from typical industry requirements, not a confirmed vacancy. Check the company's careers page for the real opening.|13
seed:fd7e2b4451ddb72e|Vylor|Software Engineer|FULL_TIME|Multiple locations|Remote|5-7 Lacs PA|0-2 Yrs|java,python,sql,react,git|Vylor is looking for fresh graduates and early-career candidates for the Software Engineer role in the agricultural products & services space. Skills typically asked for this role: java, python, sql, react, git. This is a sample role built from typical industry requirements, not a confirmed vacancy. Check the company's careers page for the real opening.|7
seed:6009f3c191623035|Vylor|Business Analyst|FULL_TIME|Multiple locations|Remote|5-9 Lacs PA|0-2 Yrs|sql,excel,power bi,business analysis,communication|Vylor is looking for fresh graduates and early-career candidates for the Business Analyst role in the agricultural products & services space. Skills typically asked for this role: sql, excel, power bi, business analysis, communication. This is a sample role built from typical industry requirements, not a confirmed vacancy. Check the company's careers page for the real opening.|8
seed:d9860807580ac6c1|W. R. Berkley Corporation|Operations Executive|FULL_TIME|Multiple locations|Onsite|3-6 Lacs PA|0-2 Yrs|excel,communication,accounting,tally,gst|W. R. Berkley Corporation is looking for fresh graduates and early-career candidates for the Operations Executive role in the property & casualty insurance space. Skills typically asked for this role: excel, communication, accounting, tally, gst. This is a sample role built from typical industry requirements, not a confirmed vacancy. Check the company's careers page for the real opening.|4
seed:243a0707b9646448|W. R. Berkley Corporation|Financial Analyst Trainee|FULL_TIME|Multiple locations|Hybrid|3-6 Lacs PA|0-2 Yrs|excel,financial modeling,accounting,statistics,communication|W. R. Berkley Corporation is looking for fresh graduates and early-career candidates for the Financial Analyst Trainee role in the property & casualty insurance space. Skills typically asked for this role: excel, financial modeling, accounting, statistics, communication. This is a sample role built from typical industry requirements, not a confirmed vacancy. Check the company's careers page for the real opening.|0
seed:cd277ae717f93655|W. W. Grainger|Graduate Engineer Trainee|FULL_TIME|Multiple locations|Onsite|4-8 Lacs PA|0-1 Yrs|autocad,solidworks,matlab,project management,quality control|W. W. Grainger is looking for fresh graduates and early-career candidates for the Graduate Engineer Trainee role in the industrial machinery & supplies & components space. Skills typically asked for this role: autocad, solidworks, matlab, project management, quality control. This is a sample role built from typical industry requirements, not a confirmed vacancy. Check the company's careers page for the real opening.|6
seed:eb689f45d5c333fa|W. W. Grainger|Production Engineer|FULL_TIME|Multiple locations|Onsite|4-8 Lacs PA|0-2 Yrs|lean manufacturing,six sigma,quality control,cnc,cad|W. W. Grainger is looking for fresh graduates and early-career candidates for the Production Engineer role in the industrial machinery & supplies & components space. Skills typically asked for this role: lean manufacturing, six sigma, quality control, cnc, cad. This is a sample role built from typical industry requirements, not a confirmed vacancy. Check the company's careers page for the real opening.|10
seed:92620bd81eeae0f7|WEC Energy Group|Engineering Intern|INTERNSHIP|Multiple locations|Remote|₹15,000 / month|Internship|process design,matlab,excel,project management|WEC Energy Group is looking for fresh graduates and early-career candidates for the Engineering Intern role in the electric utilities space. Skills typically asked for this role: process design, matlab, excel, project management. This is a sample role built from typical industry requirements, not a confirmed vacancy. Check the company's careers page for the real opening.|10
seed:bdd8839b40db4601|WEC Energy Group|Data Analyst (Operations)|FULL_TIME|Multiple locations|Remote|2-5 Lacs PA|0-2 Yrs|sql,excel,python,power bi,statistics|WEC Energy Group is looking for fresh graduates and early-career candidates for the Data Analyst (Operations) role in the electric utilities space. Skills typically asked for this role: sql, excel, python, power bi, statistics. This is a sample role built from typical industry requirements, not a confirmed vacancy. Check the company's careers page for the real opening.|7
seed:7a081cde9dbbe466|Wabtec|Electrical Engineer Trainee|FULL_TIME|Multiple locations|Remote|3-6 Lacs PA|0-2 Yrs|plc,scada,matlab,autocad,embedded c|Wabtec is looking for fresh graduates and early-career candidates for the Electrical Engineer Trainee role in the construction machinery & heavy transportation equipment space. Skills typically asked for this role: plc, scada, matlab, autocad, embedded c. This is a sample role built from typical industry requirements, not a confirmed vacancy. Check the company's careers page for the real opening.|11
seed:c9d392af7ed01889|Wabtec|Graduate Engineer Trainee|FULL_TIME|Multiple locations|Onsite|3-7 Lacs PA|0-1 Yrs|autocad,solidworks,matlab,project management,quality control|Wabtec is looking for fresh graduates and early-career candidates for the Graduate Engineer Trainee role in the construction machinery & heavy transportation equipment space. Skills typically asked for this role: autocad, solidworks, matlab, project management, quality control. This is a sample role built from typical industry requirements, not a confirmed vacancy. Check the company's careers page for the real opening.|3
seed:1e2335eefdc69321|Walmart|Supply Chain Analyst|FULL_TIME|Multiple locations|Hybrid|2-4 Lacs PA|0-2 Yrs|supply chain,excel,sql,sap,business analysis|Walmart is looking for fresh graduates and early-career candidates for the Supply Chain Analyst role in the consumer staples merchandise retail space. Skills typically asked for this role: supply chain, excel, sql, sap, business analysis. This is a sample role built from typical industry requirements, not a confirmed vacancy. Check the company's careers page for the real opening.|9
seed:9161940008e7d387|Walmart|Marketing Intern|INTERNSHIP|Multiple locations|Onsite|₹15,000 / month|Internship|digital marketing,seo,content writing,communication|Walmart is looking for fresh graduates and early-career candidates for the Marketing Intern role in the consumer staples merchandise retail space. Skills typically asked for this role: digital marketing, seo, content writing, communication. This is a sample role built from typical industry requirements, not a confirmed vacancy. Check the company's careers page for the real opening.|14
seed:4e5ef073864ad2f4|Walt Disney Company (The)|Software Engineer|FULL_TIME|Multiple locations|Hybrid|3-6 Lacs PA|0-2 Yrs|java,python,sql,rest api,git|Walt Disney Company (The) is looking for fresh graduates and early-career candidates for the Software Engineer role in the movies & entertainment space. Skills typically asked for this role: java, python, sql, rest api, git. This is a sample role built from typical industry requirements, not a confirmed vacancy. Check the company's careers page for the real opening.|5
seed:5a8ea38f388d2a02|Walt Disney Company (The)|Digital Marketing Specialist|FULL_TIME|Multiple locations|Hybrid|2-5 Lacs PA|0-2 Yrs|digital marketing,seo,content writing,figma|Walt Disney Company (The) is looking for fresh graduates and early-career candidates for the Digital Marketing Specialist role in the movies & entertainment space. Skills typically asked for this role: digital marketing, seo, content writing, figma. This is a sample role built from typical industry requirements, not a confirmed vacancy. Check the company's careers page for the real opening.|11
seed:3fd912cbfad52948|Waste Management|Engineering Intern|INTERNSHIP|Multiple locations|Remote|₹20,000 / month|Internship|autocad,matlab,solidworks,communication|Waste Management is looking for fresh graduates and early-career candidates for the Engineering Intern role in the environmental & facilities services space. Skills typically asked for this role: autocad, matlab, solidworks, communication. This is a sample role built from typical industry requirements, not a confirmed vacancy. Check the company's careers page for the real opening.|8
seed:d8688992f7008e13|Waste Management|Electrical Engineer Trainee|FULL_TIME|Multiple locations|Onsite|3-5 Lacs PA|0-2 Yrs|plc,scada,matlab,autocad,embedded c|Waste Management is looking for fresh graduates and early-career candidates for the Electrical Engineer Trainee role in the environmental & facilities services space. Skills typically asked for this role: plc, scada, matlab, autocad, embedded c. This is a sample role built from typical industry requirements, not a confirmed vacancy. Check the company's careers page for the real opening.|4
seed:1804336e829da3c5|Waters Corporation|Research Associate|FULL_TIME|Multiple locations|Onsite|2-5 Lacs PA|0-2 Yrs|research,lab techniques,pcr,pharmacology|Waters Corporation is looking for fresh graduates and early-career candidates for the Research Associate role in the life sciences tools & services space. Skills typically asked for this role: research, lab techniques, pcr, pharmacology. This is a sample role built from typical industry requirements, not a confirmed vacancy. Check the company's careers page for the real opening.|9
seed:7b9882ee2b93647b|Waters Corporation|Clinical Research Associate|FULL_TIME|Multiple locations|Onsite|2-4 Lacs PA|0-2 Yrs|clinical research,research,statistics,communication|Waters Corporation is looking for fresh graduates and early-career candidates for the Clinical Research Associate role in the life sciences tools & services space. Skills typically asked for this role: clinical research, research, statistics, communication. This is a sample role built from typical industry requirements, not a confirmed vacancy. Check the company's careers page for the real opening.|0
seed:e9622b6075f0dc1d|Wells Fargo|Management Trainee|FULL_TIME|Multiple locations|Remote|3-7 Lacs PA|0-1 Yrs|communication,excel,sales,business analysis|Wells Fargo is looking for fresh graduates and early-career candidates for the Management Trainee role in the diversified banks space. Skills typically asked for this role: communication, excel, sales, business analysis. This is a sample role built from typical industry requirements, not a confirmed vacancy. Check the company's careers page for the real opening.|6
seed:2da21230d0fe7af3|Wells Fargo|Software Engineer (Banking Tech)|FULL_TIME|Multiple locations|Onsite|4-6 Lacs PA|0-2 Yrs|java,sql,spring boot,rest api,git|Wells Fargo is looking for fresh graduates and early-career candidates for the Software Engineer (Banking Tech) role in the diversified banks space. Skills typically asked for this role: java, sql, spring boot, rest api, git. This is a sample role built from typical industry requirements, not a confirmed vacancy. Check the company's careers page for the real opening.|12
seed:fceda89cebc51e85|Welltower|Data Analyst (Healthcare)|FULL_TIME|Multiple locations|Onsite|4-8 Lacs PA|0-2 Yrs|sql,excel,statistics,python,power bi|Welltower is looking for fresh graduates and early-career candidates for the Data Analyst (Healthcare) role in the health care reits space. Skills typically asked for this role: sql, excel, statistics, python, power bi. This is a sample role built from typical industry requirements, not a confirmed vacancy. Check the company's careers page for the real opening.|9
seed:fc80b3d1157104b9|Welltower|Medical Representative Trainee|FULL_TIME|Multiple locations|Hybrid|2-6 Lacs PA|0-1 Yrs|sales,communication,pharmacology|Welltower is looking for fresh graduates and early-career candidates for the Medical Representative Trainee role in the health care reits space. Skills typically asked for this role: sales, communication, pharmacology. This is a sample role built from typical industry requirements, not a confirmed vacancy. Check the company's careers page for the real opening.|2
seed:0a7a93ecddac2bda|West Pharmaceutical Services|Data Analyst (Healthcare)|FULL_TIME|Multiple locations|Hybrid|2-4 Lacs PA|0-2 Yrs|sql,excel,statistics,python,power bi|West Pharmaceutical Services is looking for fresh graduates and early-career candidates for the Data Analyst (Healthcare) role in the health care supplies space. Skills typically asked for this role: sql, excel, statistics, python, power bi. This is a sample role built from typical industry requirements, not a confirmed vacancy. Check the company's careers page for the real opening.|4
seed:5ac6800d646b7100|West Pharmaceutical Services|Research Intern|INTERNSHIP|Multiple locations|Hybrid|₹25,000 / month|Internship|research,lab techniques,statistics|West Pharmaceutical Services is looking for fresh graduates and early-career candidates for the Research Intern role in the health care supplies space. Skills typically asked for this role: research, lab techniques, statistics. This is a sample role built from typical industry requirements, not a confirmed vacancy. Check the company's careers page for the real opening.|10
seed:75d2b2966b5af481|Western Digital|Software Engineer Trainee|FULL_TIME|Multiple locations|Remote|3-7 Lacs PA|0-1 Yrs|java,sql,data structures,git,rest api|Western Digital is looking for fresh graduates and early-career candidates for the Software Engineer Trainee role in the technology hardware, storage & peripherals space. Skills typically asked for this role: java, sql, data structures, git, rest api. This is a sample role built from typical industry requirements, not a confirmed vacancy. Check the company's careers page for the real opening.|9
seed:52c5709e122b8964|Western Digital|Software Development Intern|INTERNSHIP|Multiple locations|Remote|₹15,000 / month|Internship|python,java,data structures,git|Western Digital is looking for fresh graduates and early-career candidates for the Software Development Intern role in the technology hardware, storage & peripherals space. Skills typically asked for this role: python, java, data structures, git. This is a sample role built from typical industry requirements, not a confirmed vacancy. Check the company's careers page for the real opening.|7
seed:95f670a134bc2fba|Western Digital|Frontend Developer|FULL_TIME|Multiple locations|Remote|2-5 Lacs PA|0-2 Yrs|javascript,typescript,react,html,css,git|Western Digital is looking for fresh graduates and early-career candidates for the Frontend Developer role in the technology hardware, storage & peripherals space. Skills typically asked for this role: javascript, typescript, react, html, css, git. This is a sample role built from typical industry requirements, not a confirmed vacancy. Check the company's careers page for the real opening.|14
seed:7f78736bba02dbdd|Weyerhaeuser|Planning Engineer|FULL_TIME|Multiple locations|Hybrid|4-8 Lacs PA|0-2 Yrs|project management,autocad,excel,revit|Weyerhaeuser is looking for fresh graduates and early-career candidates for the Planning Engineer role in the timber reits space. Skills typically asked for this role: project management, autocad, excel, revit. This is a sample role built from typical industry requirements, not a confirmed vacancy. Check the company's careers page for the real opening.|11
seed:2593ef55fe4b0d7f|Weyerhaeuser|Sales Executive|FULL_TIME|Multiple locations|Remote|3-6 Lacs PA|0-2 Yrs|sales,communication,excel|Weyerhaeuser is looking for fresh graduates and early-career candidates for the Sales Executive role in the timber reits space. Skills typically asked for this role: sales, communication, excel. This is a sample role built from typical industry requirements, not a confirmed vacancy. Check the company's careers page for the real opening.|8
seed:c40b955413086f68|Williams Companies|Maintenance Engineer|FULL_TIME|Multiple locations|Remote|3-6 Lacs PA|0-2 Yrs|quality control,plc,autocad,six sigma|Williams Companies is looking for fresh graduates and early-career candidates for the Maintenance Engineer role in the oil & gas storage & transportation space. Skills typically asked for this role: quality control, plc, autocad, six sigma. This is a sample role built from typical industry requirements, not a confirmed vacancy. Check the company's careers page for the real opening.|3
seed:2389fae27910e5fe|Williams Companies|Process Engineer Trainee|FULL_TIME|Multiple locations|Hybrid|4-8 Lacs PA|0-2 Yrs|process design,thermodynamics,aspen plus,matlab|Williams Companies is looking for fresh graduates and early-career candidates for the Process Engineer Trainee role in the oil & gas storage & transportation space. Skills typically asked for this role: process design, thermodynamics, aspen plus, matlab. This is a sample role built from typical industry requirements, not a confirmed vacancy. Check the company's careers page for the real opening.|2
seed:17b49517cc6f735e|Williams-Sonoma, Inc.|Marketing Intern|INTERNSHIP|Multiple locations|Hybrid|₹15,000 / month|Internship|digital marketing,seo,content writing,communication|Williams-Sonoma, Inc. is looking for fresh graduates and early-career candidates for the Marketing Intern role in the homefurnishing retail space. Skills typically asked for this role: digital marketing, seo, content writing, communication. This is a sample role built from typical industry requirements, not a confirmed vacancy. Check the company's careers page for the real opening.|1
seed:9ad8795888c5b044|Williams-Sonoma, Inc.|Software Engineer|FULL_TIME|Multiple locations|Remote|4-7 Lacs PA|0-2 Yrs|java,python,sql,react,git|Williams-Sonoma, Inc. is looking for fresh graduates and early-career candidates for the Software Engineer role in the homefurnishing retail space. Skills typically asked for this role: java, python, sql, react, git. This is a sample role built from typical industry requirements, not a confirmed vacancy. Check the company's careers page for the real opening.|1
seed:839a53b488ae170a|Willis Towers Watson|Finance Intern|INTERNSHIP|Multiple locations|Hybrid|₹25,000 / month|Internship|excel,accounting,financial modeling,communication|Willis Towers Watson is looking for fresh graduates and early-career candidates for the Finance Intern role in the insurance brokers space. Skills typically asked for this role: excel, accounting, financial modeling, communication. This is a sample role built from typical industry requirements, not a confirmed vacancy. Check the company's careers page for the real opening.|6
seed:00c7c65f5b020b12|Willis Towers Watson|Financial Analyst Trainee|FULL_TIME|Multiple locations|Remote|3-6 Lacs PA|0-2 Yrs|excel,financial modeling,accounting,statistics,communication|Willis Towers Watson is looking for fresh graduates and early-career candidates for the Financial Analyst Trainee role in the insurance brokers space. Skills typically asked for this role: excel, financial modeling, accounting, statistics, communication. This is a sample role built from typical industry requirements, not a confirmed vacancy. Check the company's careers page for the real opening.|6
seed:aafcce661ad8b472|Workday, Inc.|Machine Learning Engineer|FULL_TIME|Multiple locations|Remote|6-8 Lacs PA|0-2 Yrs|python,machine learning,tensorflow,pandas,numpy,scikit-learn|Workday, Inc. is looking for fresh graduates and early-career candidates for the Machine Learning Engineer role in the application software space. Skills typically asked for this role: python, machine learning, tensorflow, pandas, numpy, scikit-learn. This is a sample role built from typical industry requirements, not a confirmed vacancy. Check the company's careers page for the real opening.|2
seed:f7ef678d9a2ccaf3|Workday, Inc.|Python Developer|FULL_TIME|Multiple locations|Remote|3-6 Lacs PA|0-2 Yrs|python,sql,rest api,git,pandas|Workday, Inc. is looking for fresh graduates and early-career candidates for the Python Developer role in the application software space. Skills typically asked for this role: python, sql, rest api, git, pandas. This is a sample role built from typical industry requirements, not a confirmed vacancy. Check the company's careers page for the real opening.|14
seed:74a39f75ecf72973|Workday, Inc.|Java Developer|FULL_TIME|Multiple locations|Onsite|2-6 Lacs PA|0-2 Yrs|java,spring boot,mysql,rest api,git|Workday, Inc. is looking for fresh graduates and early-career candidates for the Java Developer role in the application software space. Skills typically asked for this role: java, spring boot, mysql, rest api, git. This is a sample role built from typical industry requirements, not a confirmed vacancy. Check the company's careers page for the real opening.|2
seed:58e995e85fce9d00|Wynn Resorts|Management Trainee|FULL_TIME|Multiple locations|Hybrid|3-6 Lacs PA|0-1 Yrs|sales,communication,excel,business analysis,supply chain|Wynn Resorts is looking for fresh graduates and early-career candidates for the Management Trainee role in the casinos & gaming space. Skills typically asked for this role: sales, communication, excel, business analysis, supply chain. This is a sample role built from typical industry requirements, not a confirmed vacancy. Check the company's careers page for the real opening.|2
seed:f51b786311e98a2c|Wynn Resorts|Marketing Intern|INTERNSHIP|Multiple locations|Remote|₹15,000 / month|Internship|digital marketing,seo,content writing,communication|Wynn Resorts is looking for fresh graduates and early-career candidates for the Marketing Intern role in the casinos & gaming space. Skills typically asked for this role: digital marketing, seo, content writing, communication. This is a sample role built from typical industry requirements, not a confirmed vacancy. Check the company's careers page for the real opening.|14
seed:31f26724cdc5ab9d|Xcel Energy|Process Engineer Trainee|FULL_TIME|Multiple locations|Onsite|4-7 Lacs PA|0-2 Yrs|process design,thermodynamics,aspen plus,matlab|Xcel Energy is looking for fresh graduates and early-career candidates for the Process Engineer Trainee role in the multi-utilities space. Skills typically asked for this role: process design, thermodynamics, aspen plus, matlab. This is a sample role built from typical industry requirements, not a confirmed vacancy. Check the company's careers page for the real opening.|12
seed:e072550cc35162c7|Xcel Energy|Graduate Engineer Trainee (Electrical)|FULL_TIME|Multiple locations|Remote|4-6 Lacs PA|0-1 Yrs|plc,scada,matlab,project management|Xcel Energy is looking for fresh graduates and early-career candidates for the Graduate Engineer Trainee (Electrical) role in the multi-utilities space. Skills typically asked for this role: plc, scada, matlab, project management. This is a sample role built from typical industry requirements, not a confirmed vacancy. Check the company's careers page for the real opening.|7
seed:154db9e00b2ac3a2|Xylem Inc.|Supply Chain Analyst|FULL_TIME|Multiple locations|Onsite|3-6 Lacs PA|0-2 Yrs|supply chain,excel,sql,sap,business analysis|Xylem Inc. is looking for fresh graduates and early-career candidates for the Supply Chain Analyst role in the industrial machinery & supplies & components space. Skills typically asked for this role: supply chain, excel, sql, sap, business analysis. This is a sample role built from typical industry requirements, not a confirmed vacancy. Check the company's careers page for the real opening.|6
seed:f63921c0bf736e18|Xylem Inc.|Civil Site Engineer|FULL_TIME|Multiple locations|Hybrid|2-4 Lacs PA|0-2 Yrs|autocad,revit,staad pro,project management|Xylem Inc. is looking for fresh graduates and early-career candidates for the Civil Site Engineer role in the industrial machinery & supplies & components space. Skills typically asked for this role: autocad, revit, staad pro, project management. This is a sample role built from typical industry requirements, not a confirmed vacancy. Check the company's careers page for the real opening.|11
seed:c2d1f9b45df4f3c0|Yum! Brands|Marketing Intern|INTERNSHIP|Multiple locations|Onsite|₹8,000 / month|Internship|digital marketing,seo,content writing,communication|Yum! Brands is looking for fresh graduates and early-career candidates for the Marketing Intern role in the restaurants space. Skills typically asked for this role: digital marketing, seo, content writing, communication. This is a sample role built from typical industry requirements, not a confirmed vacancy. Check the company's careers page for the real opening.|5
seed:103a2455e2beeb9b|Yum! Brands|Digital Marketing Executive|FULL_TIME|Multiple locations|Remote|3-7 Lacs PA|0-2 Yrs|digital marketing,seo,content writing,excel,communication|Yum! Brands is looking for fresh graduates and early-career candidates for the Digital Marketing Executive role in the restaurants space. Skills typically asked for this role: digital marketing, seo, content writing, excel, communication. This is a sample role built from typical industry requirements, not a confirmed vacancy. Check the company's careers page for the real opening.|2
seed:6d42fb546a3a8a69|Zebra Technologies|Software Engineer Trainee|FULL_TIME|Multiple locations|Hybrid|4-7 Lacs PA|0-1 Yrs|java,sql,data structures,git,rest api|Zebra Technologies is looking for fresh graduates and early-career candidates for the Software Engineer Trainee role in the electronic equipment & instruments space. Skills typically asked for this role: java, sql, data structures, git, rest api. This is a sample role built from typical industry requirements, not a confirmed vacancy. Check the company's careers page for the real opening.|0
seed:c16e1d16f00f4ee0|Zebra Technologies|Full Stack Developer|FULL_TIME|Multiple locations|Remote|5-9 Lacs PA|0-2 Yrs|javascript,react,node.js,html,css,mongodb,git|Zebra Technologies is looking for fresh graduates and early-career candidates for the Full Stack Developer role in the electronic equipment & instruments space. Skills typically asked for this role: javascript, react, node.js, html, css, mongodb, git. This is a sample role built from typical industry requirements, not a confirmed vacancy. Check the company's careers page for the real opening.|13
seed:a0d38457dbde7a8b|Zebra Technologies|Frontend Developer|FULL_TIME|Multiple locations|Onsite|3-6 Lacs PA|0-2 Yrs|javascript,typescript,react,html,css,git|Zebra Technologies is looking for fresh graduates and early-career candidates for the Frontend Developer role in the electronic equipment & instruments space. Skills typically asked for this role: javascript, typescript, react, html, css, git. This is a sample role built from typical industry requirements, not a confirmed vacancy. Check the company's careers page for the real opening.|14
seed:6b4eb171e94c82d9|Zimmer Biomet|Research Associate|FULL_TIME|Multiple locations|Remote|2-5 Lacs PA|0-2 Yrs|research,lab techniques,pcr,pharmacology|Zimmer Biomet is looking for fresh graduates and early-career candidates for the Research Associate role in the health care equipment space. Skills typically asked for this role: research, lab techniques, pcr, pharmacology. This is a sample role built from typical industry requirements, not a confirmed vacancy. Check the company's careers page for the real opening.|7
seed:6058853ee3559e28|Zimmer Biomet|Medical Representative Trainee|FULL_TIME|Multiple locations|Remote|2-4 Lacs PA|0-1 Yrs|sales,communication,pharmacology|Zimmer Biomet is looking for fresh graduates and early-career candidates for the Medical Representative Trainee role in the health care equipment space. Skills typically asked for this role: sales, communication, pharmacology. This is a sample role built from typical industry requirements, not a confirmed vacancy. Check the company's careers page for the real opening.|12
seed:0625bd02878f8841|Zoetis|Clinical Research Associate|FULL_TIME|Multiple locations|Remote|3-6 Lacs PA|0-2 Yrs|clinical research,research,statistics,communication|Zoetis is looking for fresh graduates and early-career candidates for the Clinical Research Associate role in the pharmaceuticals space. Skills typically asked for this role: clinical research, research, statistics, communication. This is a sample role built from typical industry requirements, not a confirmed vacancy. Check the company's careers page for the real opening.|7
seed:ca0db5cf0d91749c|Zoetis|Medical Representative Trainee|FULL_TIME|Multiple locations|Onsite|2-6 Lacs PA|0-1 Yrs|sales,communication,pharmacology|Zoetis is looking for fresh graduates and early-career candidates for the Medical Representative Trainee role in the pharmaceuticals space. Skills typically asked for this role: sales, communication, pharmacology. This is a sample role built from typical industry requirements, not a confirmed vacancy. Check the company's careers page for the real opening.|1
seed:bb5bdbd4acfed034|Zomato (Eternal)|Marketing Intern|INTERNSHIP|Bengaluru, Ahmedabad|Onsite|₹15,000 / month|Internship|digital marketing,seo,content writing,communication|Zomato (Eternal) is looking for fresh graduates and early-career candidates for the Marketing Intern role in the food delivery space. Skills typically asked for this role: digital marketing, seo, content writing, communication. This is a sample role built from typical industry requirements, not a confirmed vacancy. Check the company's careers page for the real opening.|10
seed:cae9d7c7b5c5d2a8|Zomato (Eternal)|Sales Executive|FULL_TIME|Noida, Delhi NCR|Onsite|3-7 Lacs PA|0-2 Yrs|sales,communication,excel|Zomato (Eternal) is looking for fresh graduates and early-career candidates for the Sales Executive role in the food delivery space. Skills typically asked for this role: sales, communication, excel. This is a sample role built from typical industry requirements, not a confirmed vacancy. Check the company's careers page for the real opening.|6
seed:f1bea31daf0ec9d0|eBay Inc.|Management Trainee|FULL_TIME|Multiple locations|Onsite|5-9 Lacs PA|0-1 Yrs|sales,communication,excel,business analysis,supply chain|eBay Inc. is looking for fresh graduates and early-career candidates for the Management Trainee role in the broadline retail space. Skills typically asked for this role: sales, communication, excel, business analysis, supply chain. This is a sample role built from typical industry requirements, not a confirmed vacancy. Check the company's careers page for the real opening.|5
seed:711bb5855236ad59|eBay Inc.|Software Engineer|FULL_TIME|Multiple locations|Hybrid|4-7 Lacs PA|0-2 Yrs|java,python,sql,react,git|eBay Inc. is looking for fresh graduates and early-career candidates for the Software Engineer role in the broadline retail space. Skills typically asked for this role: java, python, sql, react, git. This is a sample role built from typical industry requirements, not a confirmed vacancy. Check the company's careers page for the real opening.|3
seed:20360b6fca36a2cd|TCS|Python Developer|FULL_TIME|Ahmedabad|Onsite|4-7 Lacs PA|0-2 Yrs|python,sql,rest api,git,pandas|TCS is looking for fresh graduates and early-career candidates for the Python Developer role in the it services space. Skills typically asked for this role: python, sql, rest api, git, pandas. This is a sample role built from typical industry requirements, not a confirmed vacancy. Check the company's careers page for the real opening.|3
seed:5e6c7e5bfef7f3c2|TCS|QA / Test Engineer|FULL_TIME|Pune|Hybrid|3-5 Lacs PA|0-2 Yrs|java,sql,git,rest api|TCS is looking for fresh graduates and early-career candidates for the QA / Test Engineer role in the it services space. Skills typically asked for this role: java, sql, git, rest api. This is a sample role built from typical industry requirements, not a confirmed vacancy. Check the company's careers page for the real opening.|11
seed:6b6d05e0db9c3839|TCS|Frontend Developer|FULL_TIME|Noida, Ahmedabad|Onsite|3-6 Lacs PA|0-2 Yrs|javascript,typescript,react,html,css,git|TCS is looking for fresh graduates and early-career candidates for the Frontend Developer role in the it services space. Skills typically asked for this role: javascript, typescript, react, html, css, git. This is a sample role built from typical industry requirements, not a confirmed vacancy. Check the company's careers page for the real opening.|12
seed:65d7c328af7bd084|Infosys|Data Science Intern|INTERNSHIP|Kolkata, Visakhapatnam|Hybrid|₹10,000 / month|Internship|python,pandas,numpy,machine learning,sql|Infosys is looking for fresh graduates and early-career candidates for the Data Science Intern role in the it services space. Skills typically asked for this role: python, pandas, numpy, machine learning, sql. This is a sample role built from typical industry requirements, not a confirmed vacancy. Check the company's careers page for the real opening.|5
seed:4f4b61c419b57bfe|Infosys|Cyber Security Analyst|FULL_TIME|Kochi, Pune|Hybrid|5-7 Lacs PA|0-2 Yrs|cyber security,linux,python,communication|Infosys is looking for fresh graduates and early-career candidates for the Cyber Security Analyst role in the it services space. Skills typically asked for this role: cyber security, linux, python, communication. This is a sample role built from typical industry requirements, not a confirmed vacancy. Check the company's careers page for the real opening.|1
seed:2d823c8555cf4a86|Infosys|Frontend Developer|FULL_TIME|Mumbai, Delhi NCR|Hybrid|3-7 Lacs PA|0-2 Yrs|javascript,typescript,react,html,css,git|Infosys is looking for fresh graduates and early-career candidates for the Frontend Developer role in the it services space. Skills typically asked for this role: javascript, typescript, react, html, css, git. This is a sample role built from typical industry requirements, not a confirmed vacancy. Check the company's careers page for the real opening.|6
seed:69c37b699ffd9bfe|Wipro|DevOps Engineer|FULL_TIME|Chennai|Onsite|5-9 Lacs PA|0-2 Yrs|linux,docker,kubernetes,aws,git|Wipro is looking for fresh graduates and early-career candidates for the DevOps Engineer role in the it services space. Skills typically asked for this role: linux, docker, kubernetes, aws, git. This is a sample role built from typical industry requirements, not a confirmed vacancy. Check the company's careers page for the real opening.|8
seed:e8fc794543a8548d|Wipro|Software Development Intern|INTERNSHIP|Kolkata, Visakhapatnam|Remote|₹8,000 / month|Internship|python,java,data structures,git|Wipro is looking for fresh graduates and early-career candidates for the Software Development Intern role in the it services space. Skills typically asked for this role: python, java, data structures, git. This is a sample role built from typical industry requirements, not a confirmed vacancy. Check the company's careers page for the real opening.|7
seed:d5d6f380447530a5|Wipro|Frontend Developer|FULL_TIME|Delhi NCR, Noida, Bengaluru|Hybrid|3-6 Lacs PA|0-2 Yrs|javascript,typescript,react,html,css,git|Wipro is looking for fresh graduates and early-career candidates for the Frontend Developer role in the it services space. Skills typically asked for this role: javascript, typescript, react, html, css, git. This is a sample role built from typical industry requirements, not a confirmed vacancy. Check the company's careers page for the real opening.|2
seed:862a7edac99f9b30|HCLTech|QA / Test Engineer|FULL_TIME|Hyderabad, Pune|Hybrid|2-5 Lacs PA|0-2 Yrs|java,sql,git,rest api|HCLTech is looking for fresh graduates and early-career candidates for the QA / Test Engineer role in the it services space. Skills typically asked for this role: java, sql, git, rest api. This is a sample role built from typical industry requirements, not a confirmed vacancy. Check the company's careers page for the real opening.|13
seed:1284ba3242accab0|HCLTech|Data Analyst|FULL_TIME|Hyderabad, Pune|Onsite|2-5 Lacs PA|0-2 Yrs|sql,excel,python,power bi,statistics|HCLTech is looking for fresh graduates and early-career candidates for the Data Analyst role in the it services space. Skills typically asked for this role: sql, excel, python, power bi, statistics. This is a sample role built from typical industry requirements, not a confirmed vacancy. Check the company's careers page for the real opening.|9
seed:c146b84d720f8292|HCLTech|Cyber Security Analyst|FULL_TIME|Mumbai, Gurugram|Onsite|3-6 Lacs PA|0-2 Yrs|cyber security,linux,python,communication|HCLTech is looking for fresh graduates and early-career candidates for the Cyber Security Analyst role in the it services space. Skills typically asked for this role: cyber security, linux, python, communication. This is a sample role built from typical industry requirements, not a confirmed vacancy. Check the company's careers page for the real opening.|14
seed:2fbeef4ecb28d175|Tech Mahindra|Full Stack Developer|FULL_TIME|Pune, Kolkata|Hybrid|5-7 Lacs PA|0-2 Yrs|javascript,react,node.js,html,css,mongodb,git|Tech Mahindra is looking for fresh graduates and early-career candidates for the Full Stack Developer role in the it services space. Skills typically asked for this role: javascript, react, node.js, html, css, mongodb, git. This is a sample role built from typical industry requirements, not a confirmed vacancy. Check the company's careers page for the real opening.|6
seed:ad8e5a5795325964|Tech Mahindra|Java Developer|FULL_TIME|Kolkata|Hybrid|3-6 Lacs PA|0-2 Yrs|java,spring boot,mysql,rest api,git|Tech Mahindra is looking for fresh graduates and early-career candidates for the Java Developer role in the it services space. Skills typically asked for this role: java, spring boot, mysql, rest api, git. This is a sample role built from typical industry requirements, not a confirmed vacancy. Check the company's careers page for the real opening.|13
seed:e7bcc11a94e0fdf0|Tech Mahindra|Frontend Developer|FULL_TIME|Delhi NCR|Remote|2-5 Lacs PA|0-2 Yrs|javascript,typescript,react,html,css,git|Tech Mahindra is looking for fresh graduates and early-career candidates for the Frontend Developer role in the it services space. Skills typically asked for this role: javascript, typescript, react, html, css, git. This is a sample role built from typical industry requirements, not a confirmed vacancy. Check the company's careers page for the real opening.|3
seed:341354206383c8e1|LTIMindtree|Associate Software Engineer|FULL_TIME|Delhi NCR, Visakhapatnam|Hybrid|3-6 Lacs PA|0-2 Yrs|python,sql,data structures,git,linux|LTIMindtree is looking for fresh graduates and early-career candidates for the Associate Software Engineer role in the it services space. Skills typically asked for this role: python, sql, data structures, git, linux. This is a sample role built from typical industry requirements, not a confirmed vacancy. Check the company's careers page for the real opening.|7
seed:55a056cfb11e31ee|LTIMindtree|Cloud Support Associate|FULL_TIME|Pune, Chennai|Onsite|3-6 Lacs PA|0-1 Yrs|aws,linux,sql,communication|LTIMindtree is looking for fresh graduates and early-career candidates for the Cloud Support Associate role in the it services space. Skills typically asked for this role: aws, linux, sql, communication. This is a sample role built from typical industry requirements, not a confirmed vacancy. Check the company's careers page for the real opening.|3
seed:3b1ca796d2a8239d|LTIMindtree|Full Stack Developer|FULL_TIME|Visakhapatnam, Bengaluru|Remote|3-6 Lacs PA|0-2 Yrs|javascript,react,node.js,html,css,mongodb,git|LTIMindtree is looking for fresh graduates and early-career candidates for the Full Stack Developer role in the it services space. Skills typically asked for this role: javascript, react, node.js, html, css, mongodb, git. This is a sample role built from typical industry requirements, not a confirmed vacancy. Check the company's careers page for the real opening.|3
seed:1a4d450625b55d61|Mphasis|Software Development Intern|INTERNSHIP|Ahmedabad|Onsite|₹12,000 / month|Internship|python,java,data structures,git|Mphasis is looking for fresh graduates and early-career candidates for the Software Development Intern role in the it services space. Skills typically asked for this role: python, java, data structures, git. This is a sample role built from typical industry requirements, not a confirmed vacancy. Check the company's careers page for the real opening.|3
seed:139004d897fca53d|Mphasis|Data Science Intern|INTERNSHIP|Gurugram|Remote|₹12,000 / month|Internship|python,pandas,numpy,machine learning,sql|Mphasis is looking for fresh graduates and early-career candidates for the Data Science Intern role in the it services space. Skills typically asked for this role: python, pandas, numpy, machine learning, sql. This is a sample role built from typical industry requirements, not a confirmed vacancy. Check the company's careers page for the real opening.|7
seed:f74085767f0822d8|Mphasis|Cloud Support Associate|FULL_TIME|Hyderabad|Onsite|2-4 Lacs PA|0-1 Yrs|aws,linux,sql,communication|Mphasis is looking for fresh graduates and early-career candidates for the Cloud Support Associate role in the it services space. Skills typically asked for this role: aws, linux, sql, communication. This is a sample role built from typical industry requirements, not a confirmed vacancy. Check the company's careers page for the real opening.|13
seed:a32ee2ac999f2a87|Persistent Systems|Python Developer|FULL_TIME|Delhi NCR, Mumbai|Hybrid|3-5 Lacs PA|0-2 Yrs|python,sql,rest api,git,pandas|Persistent Systems is looking for fresh graduates and early-career candidates for the Python Developer role in the it services space. Skills typically asked for this role: python, sql, rest api, git, pandas. This is a sample role built from typical industry requirements, not a confirmed vacancy. Check the company's careers page for the real opening.|2
seed:0c5abb2efc056445|Persistent Systems|QA / Test Engineer|FULL_TIME|Pune, Mumbai, Kochi|Hybrid|2-6 Lacs PA|0-2 Yrs|java,sql,git,rest api|Persistent Systems is looking for fresh graduates and early-career candidates for the QA / Test Engineer role in the it services space. Skills typically asked for this role: java, sql, git, rest api. This is a sample role built from typical industry requirements, not a confirmed vacancy. Check the company's careers page for the real opening.|9
seed:be6a406356b45d9a|Persistent Systems|Frontend Developer|FULL_TIME|Visakhapatnam|Remote|4-8 Lacs PA|0-2 Yrs|javascript,typescript,react,html,css,git|Persistent Systems is looking for fresh graduates and early-career candidates for the Frontend Developer role in the it services space. Skills typically asked for this role: javascript, typescript, react, html, css, git. This is a sample role built from typical industry requirements, not a confirmed vacancy. Check the company's careers page for the real opening.|2
seed:d36c3ef2d40ca511|Coforge|DevOps Engineer|FULL_TIME|Visakhapatnam, Bengaluru|Hybrid|3-7 Lacs PA|0-2 Yrs|linux,docker,kubernetes,aws,git|Coforge is looking for fresh graduates and early-career candidates for the DevOps Engineer role in the it services space. Skills typically asked for this role: linux, docker, kubernetes, aws, git. This is a sample role built from typical industry requirements, not a confirmed vacancy. Check the company's careers page for the real opening.|13
seed:66015506f2b060f1|Coforge|Cloud Support Associate|FULL_TIME|Hyderabad, Ahmedabad|Remote|2-5 Lacs PA|0-1 Yrs|aws,linux,sql,communication|Coforge is looking for fresh graduates and early-career candidates for the Cloud Support Associate role in the it services space. Skills typically asked for this role: aws, linux, sql, communication. This is a sample role built from typical industry requirements, not a confirmed vacancy. Check the company's careers page for the real opening.|0
seed:500bd7fa620f458e|Coforge|Software Engineer Trainee|FULL_TIME|Hyderabad, Noida|Onsite|3-6 Lacs PA|0-1 Yrs|java,sql,data structures,git,rest api|Coforge is looking for fresh graduates and early-career candidates for the Software Engineer Trainee role in the it services space. Skills typically asked for this role: java, sql, data structures, git, rest api. This is a sample role built from typical industry requirements, not a confirmed vacancy. Check the company's careers page for the real opening.|9
seed:c0e1e07892a288ad|Cyient|Cyber Security Analyst|FULL_TIME|Chennai, Noida|Onsite|5-9 Lacs PA|0-2 Yrs|cyber security,linux,python,communication|Cyient is looking for fresh graduates and early-career candidates for the Cyber Security Analyst role in the engineering services space. Skills typically asked for this role: cyber security, linux, python, communication. This is a sample role built from typical industry requirements, not a confirmed vacancy. Check the company's careers page for the real opening.|12
seed:3d15f5e78375527b|Cyient|Java Developer|FULL_TIME|Noida, Visakhapatnam, Delhi NCR|Onsite|3-5 Lacs PA|0-2 Yrs|java,spring boot,mysql,rest api,git|Cyient is looking for fresh graduates and early-career candidates for the Java Developer role in the engineering services space. Skills typically asked for this role: java, spring boot, mysql, rest api, git. This is a sample role built from typical industry requirements, not a confirmed vacancy. Check the company's careers page for the real opening.|5
seed:ea38268f10915643|Cyient|Software Engineer Trainee|FULL_TIME|Mumbai, Pune|Onsite|3-5 Lacs PA|0-1 Yrs|java,sql,data structures,git,rest api|Cyient is looking for fresh graduates and early-career candidates for the Software Engineer Trainee role in the engineering services space. Skills typically asked for this role: java, sql, data structures, git, rest api. This is a sample role built from typical industry requirements, not a confirmed vacancy. Check the company's careers page for the real opening.|14
seed:0a68394c87fc8739|Zensar Technologies|Full Stack Developer|FULL_TIME|Kolkata, Ahmedabad, Gurugram|Onsite|4-8 Lacs PA|0-2 Yrs|javascript,react,node.js,html,css,mongodb,git|Zensar Technologies is looking for fresh graduates and early-career candidates for the Full Stack Developer role in the it services space. Skills typically asked for this role: javascript, react, node.js, html, css, mongodb, git. This is a sample role built from typical industry requirements, not a confirmed vacancy. Check the company's careers page for the real opening.|13
seed:732fe4476c38f679|Zensar Technologies|Java Developer|FULL_TIME|Gurugram|Hybrid|4-7 Lacs PA|0-2 Yrs|java,spring boot,mysql,rest api,git|Zensar Technologies is looking for fresh graduates and early-career candidates for the Java Developer role in the it services space. Skills typically asked for this role: java, spring boot, mysql, rest api, git. This is a sample role built from typical industry requirements, not a confirmed vacancy. Check the company's careers page for the real opening.|5
seed:e72ac42d7d875a2a|Zensar Technologies|Cyber Security Analyst|FULL_TIME|Kolkata, Noida|Remote|4-7 Lacs PA|0-2 Yrs|cyber security,linux,python,communication|Zensar Technologies is looking for fresh graduates and early-career candidates for the Cyber Security Analyst role in the it services space. Skills typically asked for this role: cyber security, linux, python, communication. This is a sample role built from typical industry requirements, not a confirmed vacancy. Check the company's careers page for the real opening.|5
seed:56d21f1f287c543e|Hexaware Technologies|Cloud Support Associate|FULL_TIME|Kochi|Hybrid|3-5 Lacs PA|0-1 Yrs|aws,linux,sql,communication|Hexaware Technologies is looking for fresh graduates and early-career candidates for the Cloud Support Associate role in the it services space. Skills typically asked for this role: aws, linux, sql, communication. This is a sample role built from typical industry requirements, not a confirmed vacancy. Check the company's careers page for the real opening.|7
seed:6f9fcd694b27e044|Hexaware Technologies|Associate Software Engineer|FULL_TIME|Bengaluru, Pune, Chennai|Onsite|4-7 Lacs PA|0-2 Yrs|python,sql,data structures,git,linux|Hexaware Technologies is looking for fresh graduates and early-career candidates for the Associate Software Engineer role in the it services space. Skills typically asked for this role: python, sql, data structures, git, linux. This is a sample role built from typical industry requirements, not a confirmed vacancy. Check the company's careers page for the real opening.|13
seed:d6a4baede5371129|Hexaware Technologies|Data Science Intern|INTERNSHIP|Bengaluru, Pune|Onsite|₹8,000 / month|Internship|python,pandas,numpy,machine learning,sql|Hexaware Technologies is looking for fresh graduates and early-career candidates for the Data Science Intern role in the it services space. Skills typically asked for this role: python, pandas, numpy, machine learning, sql. This is a sample role built from typical industry requirements, not a confirmed vacancy. Check the company's careers page for the real opening.|0
seed:1e7de5740b24fab7|Birlasoft|Data Science Intern|INTERNSHIP|Ahmedabad, Bengaluru|Remote|₹10,000 / month|Internship|python,pandas,numpy,machine learning,sql|Birlasoft is looking for fresh graduates and early-career candidates for the Data Science Intern role in the it services space. Skills typically asked for this role: python, pandas, numpy, machine learning, sql. This is a sample role built from typical industry requirements, not a confirmed vacancy. Check the company's careers page for the real opening.|14
seed:ce5d27782efc1731|Birlasoft|Software Development Intern|INTERNSHIP|Kochi, Bengaluru|Hybrid|₹20,000 / month|Internship|python,java,data structures,git|Birlasoft is looking for fresh graduates and early-career candidates for the Software Development Intern role in the it services space. Skills typically asked for this role: python, java, data structures, git. This is a sample role built from typical industry requirements, not a confirmed vacancy. Check the company's careers page for the real opening.|5
seed:c4ee47acadceb339|Birlasoft|Frontend Developer|FULL_TIME|Bengaluru, Noida|Onsite|4-7 Lacs PA|0-2 Yrs|javascript,typescript,react,html,css,git|Birlasoft is looking for fresh graduates and early-career candidates for the Frontend Developer role in the it services space. Skills typically asked for this role: javascript, typescript, react, html, css, git. This is a sample role built from typical industry requirements, not a confirmed vacancy. Check the company's careers page for the real opening.|11
seed:8a987367558adb91|Sonata Software|Software Engineer Trainee|FULL_TIME|Ahmedabad, Chennai, Mumbai|Hybrid|4-6 Lacs PA|0-1 Yrs|java,sql,data structures,git,rest api|Sonata Software is looking for fresh graduates and early-career candidates for the Software Engineer Trainee role in the it services space. Skills typically asked for this role: java, sql, data structures, git, rest api. This is a sample role built from typical industry requirements, not a confirmed vacancy. Check the company's careers page for the real opening.|10
seed:784d7018f2fe1669|Sonata Software|Data Analyst|FULL_TIME|Delhi NCR, Gurugram|Onsite|3-7 Lacs PA|0-2 Yrs|sql,excel,python,power bi,statistics|Sonata Software is looking for fresh graduates and early-career candidates for the Data Analyst role in the it services space. Skills typically asked for this role: sql, excel, python, power bi, statistics. This is a sample role built from typical industry requirements, not a confirmed vacancy. Check the company's careers page for the real opening.|12
seed:78ca8803d1622a94|Sonata Software|Cyber Security Analyst|FULL_TIME|Mumbai|Onsite|5-9 Lacs PA|0-2 Yrs|cyber security,linux,python,communication|Sonata Software is looking for fresh graduates and early-career candidates for the Cyber Security Analyst role in the it services space. Skills typically asked for this role: cyber security, linux, python, communication. This is a sample role built from typical industry requirements, not a confirmed vacancy. Check the company's careers page for the real opening.|1
seed:518e326c3e2b05d1|Mastek|Software Development Intern|INTERNSHIP|Ahmedabad, Gurugram|Onsite|₹20,000 / month|Internship|python,java,data structures,git|Mastek is looking for fresh graduates and early-career candidates for the Software Development Intern role in the it services space. Skills typically asked for this role: python, java, data structures, git. This is a sample role built from typical industry requirements, not a confirmed vacancy. Check the company's careers page for the real opening.|0
seed:34cef73decadbd9b|Mastek|Full Stack Developer|FULL_TIME|Bengaluru, Kochi, Pune|Remote|5-8 Lacs PA|0-2 Yrs|javascript,react,node.js,html,css,mongodb,git|Mastek is looking for fresh graduates and early-career candidates for the Full Stack Developer role in the it services space. Skills typically asked for this role: javascript, react, node.js, html, css, mongodb, git. This is a sample role built from typical industry requirements, not a confirmed vacancy. Check the company's careers page for the real opening.|3
seed:3461b156fd28b975|Mastek|Python Developer|FULL_TIME|Visakhapatnam|Remote|3-6 Lacs PA|0-2 Yrs|python,sql,rest api,git,pandas|Mastek is looking for fresh graduates and early-career candidates for the Python Developer role in the it services space. Skills typically asked for this role: python, sql, rest api, git, pandas. This is a sample role built from typical industry requirements, not a confirmed vacancy. Check the company's careers page for the real opening.|9
seed:caec24cfda41a9c3|Happiest Minds Technologies|Software Engineer Trainee|FULL_TIME|Gurugram, Chennai|Onsite|3-5 Lacs PA|0-1 Yrs|java,sql,data structures,git,rest api|Happiest Minds Technologies is looking for fresh graduates and early-career candidates for the Software Engineer Trainee role in the it services space. Skills typically asked for this role: java, sql, data structures, git, rest api. This is a sample role built from typical industry requirements, not a confirmed vacancy. Check the company's careers page for the real opening.|5
seed:d9a25eeddaea38fe|Happiest Minds Technologies|Frontend Developer|FULL_TIME|Delhi NCR|Onsite|3-5 Lacs PA|0-2 Yrs|javascript,typescript,react,html,css,git|Happiest Minds Technologies is looking for fresh graduates and early-career candidates for the Frontend Developer role in the it services space. Skills typically asked for this role: javascript, typescript, react, html, css, git. This is a sample role built from typical industry requirements, not a confirmed vacancy. Check the company's careers page for the real opening.|14
seed:3fdc1552498f2a17|Happiest Minds Technologies|QA / Test Engineer|FULL_TIME|Pune, Bengaluru|Remote|3-7 Lacs PA|0-2 Yrs|java,sql,git,rest api|Happiest Minds Technologies is looking for fresh graduates and early-career candidates for the QA / Test Engineer role in the it services space. Skills typically asked for this role: java, sql, git, rest api. This is a sample role built from typical industry requirements, not a confirmed vacancy. Check the company's careers page for the real opening.|13
seed:c42787576873cfb2|KPIT Technologies|Associate Software Engineer|FULL_TIME|Noida, Chennai|Remote|4-7 Lacs PA|0-2 Yrs|python,sql,data structures,git,linux|KPIT Technologies is looking for fresh graduates and early-career candidates for the Associate Software Engineer role in the automotive software space. Skills typically asked for this role: python, sql, data structures, git, linux. This is a sample role built from typical industry requirements, not a confirmed vacancy. Check the company's careers page for the real opening.|2
seed:851d7de52b04d55e|KPIT Technologies|Full Stack Developer|FULL_TIME|Hyderabad, Visakhapatnam|Hybrid|5-8 Lacs PA|0-2 Yrs|javascript,react,node.js,html,css,mongodb,git|KPIT Technologies is looking for fresh graduates and early-career candidates for the Full Stack Developer role in the automotive software space. Skills typically asked for this role: javascript, react, node.js, html, css, mongodb, git. This is a sample role built from typical industry requirements, not a confirmed vacancy. Check the company's careers page for the real opening.|9
seed:1fbc4f802f603a86|KPIT Technologies|Cyber Security Analyst|FULL_TIME|Mumbai, Gurugram|Onsite|4-8 Lacs PA|0-2 Yrs|cyber security,linux,python,communication|KPIT Technologies is looking for fresh graduates and early-career candidates for the Cyber Security Analyst role in the automotive software space. Skills typically asked for this role: cyber security, linux, python, communication. This is a sample role built from typical industry requirements, not a confirmed vacancy. Check the company's careers page for the real opening.|4
seed:1cdfce0e2ec5e4da|Tata Elxsi|Full Stack Developer|FULL_TIME|Kolkata, Ahmedabad|Onsite|4-8 Lacs PA|0-2 Yrs|javascript,react,node.js,html,css,mongodb,git|Tata Elxsi is looking for fresh graduates and early-career candidates for the Full Stack Developer role in the engineering services space. Skills typically asked for this role: javascript, react, node.js, html, css, mongodb, git. This is a sample role built from typical industry requirements, not a confirmed vacancy. Check the company's careers page for the real opening.|4
seed:13982eff7b205616|Tata Elxsi|Java Developer|FULL_TIME|Mumbai|Onsite|3-7 Lacs PA|0-2 Yrs|java,spring boot,mysql,rest api,git|Tata Elxsi is looking for fresh graduates and early-career candidates for the Java Developer role in the engineering services space. Skills typically asked for this role: java, spring boot, mysql, rest api, git. This is a sample role built from typical industry requirements, not a confirmed vacancy. Check the company's careers page for the real opening.|5
seed:5953c8a8caa28b2c|Tata Elxsi|QA / Test Engineer|FULL_TIME|Bengaluru, Kolkata|Onsite|4-6 Lacs PA|0-2 Yrs|java,sql,git,rest api|Tata Elxsi is looking for fresh graduates and early-career candidates for the QA / Test Engineer role in the engineering services space. Skills typically asked for this role: java, sql, git, rest api. This is a sample role built from typical industry requirements, not a confirmed vacancy. Check the company's careers page for the real opening.|11
seed:e4003cb82b213023|L&T Technology Services|Software Development Intern|INTERNSHIP|Chennai, Pune, Mumbai|Hybrid|₹25,000 / month|Internship|python,java,data structures,git|L&T Technology Services is looking for fresh graduates and early-career candidates for the Software Development Intern role in the engineering services space. Skills typically asked for this role: python, java, data structures, git. This is a sample role built from typical industry requirements, not a confirmed vacancy. Check the company's careers page for the real opening.|7
seed:5f559bca19f56894|L&T Technology Services|Software Engineer Trainee|FULL_TIME|Pune|Hybrid|3-6 Lacs PA|0-1 Yrs|java,sql,data structures,git,rest api|L&T Technology Services is looking for fresh graduates and early-career candidates for the Software Engineer Trainee role in the engineering services space. Skills typically asked for this role: java, sql, data structures, git, rest api. This is a sample role built from typical industry requirements, not a confirmed vacancy. Check the company's careers page for the real opening.|8
seed:b1f28ea4f3bb2e37|L&T Technology Services|Cloud Support Associate|FULL_TIME|Delhi NCR|Hybrid|4-6 Lacs PA|0-1 Yrs|aws,linux,sql,communication|L&T Technology Services is looking for fresh graduates and early-career candidates for the Cloud Support Associate role in the engineering services space. Skills typically asked for this role: aws, linux, sql, communication. This is a sample role built from typical industry requirements, not a confirmed vacancy. Check the company's careers page for the real opening.|3
seed:759da69db1d2535c|Newgen Software|Java Developer|FULL_TIME|Mumbai, Hyderabad, Pune|Onsite|2-5 Lacs PA|0-2 Yrs|java,spring boot,mysql,rest api,git|Newgen Software is looking for fresh graduates and early-career candidates for the Java Developer role in the software space. Skills typically asked for this role: java, spring boot, mysql, rest api, git. This is a sample role built from typical industry requirements, not a confirmed vacancy. Check the company's careers page for the real opening.|5
seed:370241eacc3c18c9|Newgen Software|Cloud Support Associate|FULL_TIME|Kochi|Hybrid|2-5 Lacs PA|0-1 Yrs|aws,linux,sql,communication|Newgen Software is looking for fresh graduates and early-career candidates for the Cloud Support Associate role in the software space. Skills typically asked for this role: aws, linux, sql, communication. This is a sample role built from typical industry requirements, not a confirmed vacancy. Check the company's careers page for the real opening.|2
seed:f1885a80c1c0e071|Newgen Software|Frontend Developer|FULL_TIME|Kochi, Delhi NCR|Hybrid|3-6 Lacs PA|0-2 Yrs|javascript,typescript,react,html,css,git|Newgen Software is looking for fresh graduates and early-career candidates for the Frontend Developer role in the software space. Skills typically asked for this role: javascript, typescript, react, html, css, git. This is a sample role built from typical industry requirements, not a confirmed vacancy. Check the company's careers page for the real opening.|4
seed:a99bb4861fae6d3e|Intellect Design Arena|QA / Test Engineer|FULL_TIME|Hyderabad, Delhi NCR|Onsite|2-5 Lacs PA|0-2 Yrs|java,sql,git,rest api|Intellect Design Arena is looking for fresh graduates and early-career candidates for the QA / Test Engineer role in the fintech software space. Skills typically asked for this role: java, sql, git, rest api. This is a sample role built from typical industry requirements, not a confirmed vacancy. Check the company's careers page for the real opening.|12
seed:3f834a4e63af2a8e|Intellect Design Arena|Cyber Security Analyst|FULL_TIME|Noida|Hybrid|4-7 Lacs PA|0-2 Yrs|cyber security,linux,python,communication|Intellect Design Arena is looking for fresh graduates and early-career candidates for the Cyber Security Analyst role in the fintech software space. Skills typically asked for this role: cyber security, linux, python, communication. This is a sample role built from typical industry requirements, not a confirmed vacancy. Check the company's careers page for the real opening.|5
seed:11606ef4b469158c|Intellect Design Arena|Machine Learning Engineer|FULL_TIME|Kolkata|Remote|6-9 Lacs PA|0-2 Yrs|python,machine learning,tensorflow,pandas,numpy,scikit-learn|Intellect Design Arena is looking for fresh graduates and early-career candidates for the Machine Learning Engineer role in the fintech software space. Skills typically asked for this role: python, machine learning, tensorflow, pandas, numpy, scikit-learn. This is a sample role built from typical industry requirements, not a confirmed vacancy. Check the company's careers page for the real opening.|9
seed:60e3eb31e2dcdaf5|Zoho|Full Stack Developer|FULL_TIME|Ahmedabad, Delhi NCR, Chennai|Hybrid|4-7 Lacs PA|0-2 Yrs|javascript,react,node.js,html,css,mongodb,git|Zoho is looking for fresh graduates and early-career candidates for the Full Stack Developer role in the software space. Skills typically asked for this role: javascript, react, node.js, html, css, mongodb, git. This is a sample role built from typical industry requirements, not a confirmed vacancy. Check the company's careers page for the real opening.|14
seed:6c78a388479472d3|Zoho|DevOps Engineer|FULL_TIME|Mumbai, Pune, Bengaluru|Onsite|4-6 Lacs PA|0-2 Yrs|linux,docker,kubernetes,aws,git|Zoho is looking for fresh graduates and early-career candidates for the DevOps Engineer role in the software space. Skills typically asked for this role: linux, docker, kubernetes, aws, git. This is a sample role built from typical industry requirements, not a confirmed vacancy. Check the company's careers page for the real opening.|10
seed:eb5eee7d6317f9e5|Zoho|Associate Software Engineer|FULL_TIME|Ahmedabad, Bengaluru, Visakhapatnam|Hybrid|2-6 Lacs PA|0-2 Yrs|python,sql,data structures,git,linux|Zoho is looking for fresh graduates and early-career candidates for the Associate Software Engineer role in the software space. Skills typically asked for this role: python, sql, data structures, git, linux. This is a sample role built from typical industry requirements, not a confirmed vacancy. Check the company's careers page for the real opening.|10
seed:bf1d147c6b2e09a9|Freshworks|Associate Software Engineer|FULL_TIME|Bengaluru|Remote|2-5 Lacs PA|0-2 Yrs|python,sql,data structures,git,linux|Freshworks is looking for fresh graduates and early-career candidates for the Associate Software Engineer role in the software space. Skills typically asked for this role: python, sql, data structures, git, linux. This is a sample role built from typical industry requirements, not a confirmed vacancy. Check the company's careers page for the real opening.|11
seed:ebc9e1729f5530ab|Freshworks|DevOps Engineer|FULL_TIME|Chennai, Ahmedabad|Hybrid|3-5 Lacs PA|0-2 Yrs|linux,docker,kubernetes,aws,git|Freshworks is looking for fresh graduates and early-career candidates for the DevOps Engineer role in the software space. Skills typically asked for this role: linux, docker, kubernetes, aws, git. This is a sample role built from typical industry requirements, not a confirmed vacancy. Check the company's careers page for the real opening.|2
seed:d24733b07bae66a6|Freshworks|Software Engineer Trainee|FULL_TIME|Kolkata|Hybrid|3-6 Lacs PA|0-1 Yrs|java,sql,data structures,git,rest api|Freshworks is looking for fresh graduates and early-career candidates for the Software Engineer Trainee role in the software space. Skills typically asked for this role: java, sql, data structures, git, rest api. This is a sample role built from typical industry requirements, not a confirmed vacancy. Check the company's careers page for the real opening.|5
seed:2629dca4d54adc64|Razorpay|Java Developer|FULL_TIME|Bengaluru, Hyderabad|Onsite|3-6 Lacs PA|0-2 Yrs|java,spring boot,mysql,rest api,git|Razorpay is looking for fresh graduates and early-career candidates for the Java Developer role in the fintech space. Skills typically asked for this role: java, spring boot, mysql, rest api, git. This is a sample role built from typical industry requirements, not a confirmed vacancy. Check the company's careers page for the real opening.|13
seed:2b0326e3be85deed|Razorpay|Data Analyst|FULL_TIME|Bengaluru|Hybrid|2-5 Lacs PA|0-2 Yrs|sql,excel,python,power bi,statistics|Razorpay is looking for fresh graduates and early-career candidates for the Data Analyst role in the fintech space. Skills typically asked for this role: sql, excel, python, power bi, statistics. This is a sample role built from typical industry requirements, not a confirmed vacancy. Check the company's careers page for the real opening.|13
seed:ee64f3e60a167d73|Razorpay|Cyber Security Analyst|FULL_TIME|Ahmedabad, Noida|Hybrid|3-6 Lacs PA|0-2 Yrs|cyber security,linux,python,communication|Razorpay is looking for fresh graduates and early-career candidates for the Cyber Security Analyst role in the fintech space. Skills typically asked for this role: cyber security, linux, python, communication. This is a sample role built from typical industry requirements, not a confirmed vacancy. Check the company's careers page for the real opening.|12
seed:92fd18d0427b883b|PhonePe|Data Analyst|FULL_TIME|Gurugram|Onsite|3-5 Lacs PA|0-2 Yrs|sql,excel,python,power bi,statistics|PhonePe is looking for fresh graduates and early-career candidates for the Data Analyst role in the fintech space. Skills typically asked for this role: sql, excel, python, power bi, statistics. This is a sample role built from typical industry requirements, not a confirmed vacancy. Check the company's careers page for the real opening.|7
seed:905575878fc0a472|PhonePe|Cloud Support Associate|FULL_TIME|Visakhapatnam|Onsite|2-5 Lacs PA|0-1 Yrs|aws,linux,sql,communication|PhonePe is looking for fresh graduates and early-career candidates for the Cloud Support Associate role in the fintech space. Skills typically asked for this role: aws, linux, sql, communication. This is a sample role built from typical industry requirements, not a confirmed vacancy. Check the company's careers page for the real opening.|11
seed:d098e55348402686|PhonePe|DevOps Engineer|FULL_TIME|Chennai|Onsite|4-6 Lacs PA|0-2 Yrs|linux,docker,kubernetes,aws,git|PhonePe is looking for fresh graduates and early-career candidates for the DevOps Engineer role in the fintech space. Skills typically asked for this role: linux, docker, kubernetes, aws, git. This is a sample role built from typical industry requirements, not a confirmed vacancy. Check the company's careers page for the real opening.|6
seed:7a677eb4838cb98a|CRED|Software Engineer Trainee|FULL_TIME|Gurugram, Kochi, Ahmedabad|Onsite|2-5 Lacs PA|0-1 Yrs|java,sql,data structures,git,rest api|CRED is looking for fresh graduates and early-career candidates for the Software Engineer Trainee role in the fintech space. Skills typically asked for this role: java, sql, data structures, git, rest api. This is a sample role built from typical industry requirements, not a confirmed vacancy. Check the company's careers page for the real opening.|8
seed:b19df7b43a84a39b|CRED|Machine Learning Engineer|FULL_TIME|Delhi NCR|Hybrid|5-8 Lacs PA|0-2 Yrs|python,machine learning,tensorflow,pandas,numpy,scikit-learn|CRED is looking for fresh graduates and early-career candidates for the Machine Learning Engineer role in the fintech space. Skills typically asked for this role: python, machine learning, tensorflow, pandas, numpy, scikit-learn. This is a sample role built from typical industry requirements, not a confirmed vacancy. Check the company's careers page for the real opening.|11
seed:ea28733a73c638ba|CRED|Software Development Intern|INTERNSHIP|Kolkata, Visakhapatnam, Pune|Onsite|₹8,000 / month|Internship|python,java,data structures,git|CRED is looking for fresh graduates and early-career candidates for the Software Development Intern role in the fintech space. Skills typically asked for this role: python, java, data structures, git. This is a sample role built from typical industry requirements, not a confirmed vacancy. Check the company's careers page for the real opening.|8
seed:46eac9eeb705de1e|Meesho|QA / Test Engineer|FULL_TIME|Bengaluru, Delhi NCR|Onsite|3-5 Lacs PA|0-2 Yrs|java,sql,git,rest api|Meesho is looking for fresh graduates and early-career candidates for the QA / Test Engineer role in the e-commerce space. Skills typically asked for this role: java, sql, git, rest api. This is a sample role built from typical industry requirements, not a confirmed vacancy. Check the company's careers page for the real opening.|0
seed:0e24f255901e2813|Meesho|DevOps Engineer|FULL_TIME|Ahmedabad, Visakhapatnam|Onsite|4-6 Lacs PA|0-2 Yrs|linux,docker,kubernetes,aws,git|Meesho is looking for fresh graduates and early-career candidates for the DevOps Engineer role in the e-commerce space. Skills typically asked for this role: linux, docker, kubernetes, aws, git. This is a sample role built from typical industry requirements, not a confirmed vacancy. Check the company's careers page for the real opening.|7
seed:fe55701078c79619|Zerodha|Java Developer|FULL_TIME|Hyderabad|Hybrid|2-5 Lacs PA|0-2 Yrs|java,spring boot,mysql,rest api,git|Zerodha is looking for fresh graduates and early-career candidates for the Java Developer role in the fintech space. Skills typically asked for this role: java, spring boot, mysql, rest api, git. This is a sample role built from typical industry requirements, not a confirmed vacancy. Check the company's careers page for the real opening.|7
seed:6468ab323c739231|Zerodha|DevOps Engineer|FULL_TIME|Delhi NCR, Kochi|Onsite|5-8 Lacs PA|0-2 Yrs|linux,docker,kubernetes,aws,git|Zerodha is looking for fresh graduates and early-career candidates for the DevOps Engineer role in the fintech space. Skills typically asked for this role: linux, docker, kubernetes, aws, git. This is a sample role built from typical industry requirements, not a confirmed vacancy. Check the company's careers page for the real opening.|13
seed:6080144c30cf0dda|Zerodha|Software Engineer Trainee|FULL_TIME|Noida|Onsite|4-7 Lacs PA|0-1 Yrs|java,sql,data structures,git,rest api|Zerodha is looking for fresh graduates and early-career candidates for the Software Engineer Trainee role in the fintech space. Skills typically asked for this role: java, sql, data structures, git, rest api. This is a sample role built from typical industry requirements, not a confirmed vacancy. Check the company's careers page for the real opening.|1
seed:9c01eb2a48fe0e8c|Groww|QA / Test Engineer|FULL_TIME|Ahmedabad, Delhi NCR, Noida|Onsite|4-6 Lacs PA|0-2 Yrs|java,sql,git,rest api|Groww is looking for fresh graduates and early-career candidates for the QA / Test Engineer role in the fintech space. Skills typically asked for this role: java, sql, git, rest api. This is a sample role built from typical industry requirements, not a confirmed vacancy. Check the company's careers page for the real opening.|2
seed:95a99cc8c9e24690|Groww|Associate Software Engineer|FULL_TIME|Chennai, Kochi|Hybrid|3-6 Lacs PA|0-2 Yrs|python,sql,data structures,git,linux|Groww is looking for fresh graduates and early-career candidates for the Associate Software Engineer role in the fintech space. Skills typically asked for this role: python, sql, data structures, git, linux. This is a sample role built from typical industry requirements, not a confirmed vacancy. Check the company's careers page for the real opening.|2
seed:4d27432c453b0f94|Groww|Data Science Intern|INTERNSHIP|Mumbai, Hyderabad|Remote|₹8,000 / month|Internship|python,pandas,numpy,machine learning,sql|Groww is looking for fresh graduates and early-career candidates for the Data Science Intern role in the fintech space. Skills typically asked for this role: python, pandas, numpy, machine learning, sql. This is a sample role built from typical industry requirements, not a confirmed vacancy. Check the company's careers page for the real opening.|4
seed:ce3d5d6d25b40763|Dream11|Data Science Intern|INTERNSHIP|Pune, Kochi|Onsite|₹10,000 / month|Internship|python,pandas,numpy,machine learning,sql|Dream11 is looking for fresh graduates and early-career candidates for the Data Science Intern role in the gaming space. Skills typically asked for this role: python, pandas, numpy, machine learning, sql. This is a sample role built from typical industry requirements, not a confirmed vacancy. Check the company's careers page for the real opening.|11
seed:357c2d271eaa0b3a|Dream11|DevOps Engineer|FULL_TIME|Hyderabad, Ahmedabad, Mumbai|Onsite|5-7 Lacs PA|0-2 Yrs|linux,docker,kubernetes,aws,git|Dream11 is looking for fresh graduates and early-career candidates for the DevOps Engineer role in the gaming space. Skills typically asked for this role: linux, docker, kubernetes, aws, git. This is a sample role built from typical industry requirements, not a confirmed vacancy. Check the company's careers page for the real opening.|14
seed:9bfdfd56fd69daad|Dream11|Data Analyst|FULL_TIME|Chennai, Noida, Hyderabad|Hybrid|2-6 Lacs PA|0-2 Yrs|sql,excel,python,power bi,statistics|Dream11 is looking for fresh graduates and early-career candidates for the Data Analyst role in the gaming space. Skills typically asked for this role: sql, excel, python, power bi, statistics. This is a sample role built from typical industry requirements, not a confirmed vacancy. Check the company's careers page for the real opening.|12
seed:99bd2158b14eb4a7|Unacademy|Python Developer|FULL_TIME|Mumbai|Onsite|3-5 Lacs PA|0-2 Yrs|python,sql,rest api,git,pandas|Unacademy is looking for fresh graduates and early-career candidates for the Python Developer role in the edtech space. Skills typically asked for this role: python, sql, rest api, git, pandas. This is a sample role built from typical industry requirements, not a confirmed vacancy. Check the company's careers page for the real opening.|6
seed:ca5718408bfaa3f5|Unacademy|Software Engineer Trainee|FULL_TIME|Delhi NCR, Kochi|Remote|2-5 Lacs PA|0-1 Yrs|java,sql,data structures,git,rest api|Unacademy is looking for fresh graduates and early-career candidates for the Software Engineer Trainee role in the edtech space. Skills typically asked for this role: java, sql, data structures, git, rest api. This is a sample role built from typical industry requirements, not a confirmed vacancy. Check the company's careers page for the real opening.|9
seed:0329c0e45fe20da3|Unacademy|Associate Software Engineer|FULL_TIME|Pune|Remote|4-6 Lacs PA|0-2 Yrs|python,sql,data structures,git,linux|Unacademy is looking for fresh graduates and early-career candidates for the Associate Software Engineer role in the edtech space. Skills typically asked for this role: python, sql, data structures, git, linux. This is a sample role built from typical industry requirements, not a confirmed vacancy. Check the company's careers page for the real opening.|2
seed:9f941a5859f7d103|upGrad|Python Developer|FULL_TIME|Kolkata, Pune, Chennai|Onsite|4-8 Lacs PA|0-2 Yrs|python,sql,rest api,git,pandas|upGrad is looking for fresh graduates and early-career candidates for the Python Developer role in the edtech space. Skills typically asked for this role: python, sql, rest api, git, pandas. This is a sample role built from typical industry requirements, not a confirmed vacancy. Check the company's careers page for the real opening.|6
seed:12da309a4c9ba208|upGrad|Cyber Security Analyst|FULL_TIME|Kochi, Mumbai|Hybrid|5-9 Lacs PA|0-2 Yrs|cyber security,linux,python,communication|upGrad is looking for fresh graduates and early-career candidates for the Cyber Security Analyst role in the edtech space. Skills typically asked for this role: cyber security, linux, python, communication. This is a sample role built from typical industry requirements, not a confirmed vacancy. Check the company's careers page for the real opening.|9
seed:480561846da978f3|upGrad|Software Development Intern|INTERNSHIP|Noida, Visakhapatnam|Remote|₹10,000 / month|Internship|python,java,data structures,git|upGrad is looking for fresh graduates and early-career candidates for the Software Development Intern role in the edtech space. Skills typically asked for this role: python, java, data structures, git. This is a sample role built from typical industry requirements, not a confirmed vacancy. Check the company's careers page for the real opening.|1
seed:42753e33f756e25f|PhysicsWallah|Machine Learning Engineer|FULL_TIME|Ahmedabad, Bengaluru|Hybrid|4-7 Lacs PA|0-2 Yrs|python,machine learning,tensorflow,pandas,numpy,scikit-learn|PhysicsWallah is looking for fresh graduates and early-career candidates for the Machine Learning Engineer role in the edtech space. Skills typically asked for this role: python, machine learning, tensorflow, pandas, numpy, scikit-learn. This is a sample role built from typical industry requirements, not a confirmed vacancy. Check the company's careers page for the real opening.|6
seed:90a33991b7814683|PhysicsWallah|Software Development Intern|INTERNSHIP|Kolkata, Gurugram|Onsite|₹20,000 / month|Internship|python,java,data structures,git|PhysicsWallah is looking for fresh graduates and early-career candidates for the Software Development Intern role in the edtech space. Skills typically asked for this role: python, java, data structures, git. This is a sample role built from typical industry requirements, not a confirmed vacancy. Check the company's careers page for the real opening.|8
seed:72a838a186b355b4|PhysicsWallah|DevOps Engineer|FULL_TIME|Gurugram, Bengaluru|Onsite|3-5 Lacs PA|0-2 Yrs|linux,docker,kubernetes,aws,git|PhysicsWallah is looking for fresh graduates and early-career candidates for the DevOps Engineer role in the edtech space. Skills typically asked for this role: linux, docker, kubernetes, aws, git. This is a sample role built from typical industry requirements, not a confirmed vacancy. Check the company's careers page for the real opening.|5
seed:451ada4f0caaea1f|Myntra|Software Engineer Trainee|FULL_TIME|Bengaluru, Chennai|Onsite|3-5 Lacs PA|0-1 Yrs|java,sql,data structures,git,rest api|Myntra is looking for fresh graduates and early-career candidates for the Software Engineer Trainee role in the e-commerce space. Skills typically asked for this role: java, sql, data structures, git, rest api. This is a sample role built from typical industry requirements, not a confirmed vacancy. Check the company's careers page for the real opening.|7
seed:9625462d9bf6fdd4|Myntra|Full Stack Developer|FULL_TIME|Mumbai, Hyderabad|Onsite|4-7 Lacs PA|0-2 Yrs|javascript,react,node.js,html,css,mongodb,git|Myntra is looking for fresh graduates and early-career candidates for the Full Stack Developer role in the e-commerce space. Skills typically asked for this role: javascript, react, node.js, html, css, mongodb, git. This is a sample role built from typical industry requirements, not a confirmed vacancy. Check the company's careers page for the real opening.|4
seed:196fe83f5d813575|BigBasket|Machine Learning Engineer|FULL_TIME|Chennai, Pune|Hybrid|5-8 Lacs PA|0-2 Yrs|python,machine learning,tensorflow,pandas,numpy,scikit-learn|BigBasket is looking for fresh graduates and early-career candidates for the Machine Learning Engineer role in the e-commerce space. Skills typically asked for this role: python, machine learning, tensorflow, pandas, numpy, scikit-learn. This is a sample role built from typical industry requirements, not a confirmed vacancy. Check the company's careers page for the real opening.|2
seed:cc4a9b470e00b1e6|BigBasket|Python Developer|FULL_TIME|Noida, Delhi NCR|Onsite|2-4 Lacs PA|0-2 Yrs|python,sql,rest api,git,pandas|BigBasket is looking for fresh graduates and early-career candidates for the Python Developer role in the e-commerce space. Skills typically asked for this role: python, sql, rest api, git, pandas. This is a sample role built from typical industry requirements, not a confirmed vacancy. Check the company's careers page for the real opening.|2
seed:567503246d7cd6d5|Urban Company|Data Analyst|FULL_TIME|Kochi, Delhi NCR, Hyderabad|Onsite|4-6 Lacs PA|0-2 Yrs|sql,excel,python,power bi,statistics|Urban Company is looking for fresh graduates and early-career candidates for the Data Analyst role in the e-commerce space. Skills typically asked for this role: sql, excel, python, power bi, statistics. This is a sample role built from typical industry requirements, not a confirmed vacancy. Check the company's careers page for the real opening.|9
seed:dff46085006f76a7|Urban Company|Cyber Security Analyst|FULL_TIME|Kolkata, Ahmedabad|Onsite|4-6 Lacs PA|0-2 Yrs|cyber security,linux,python,communication|Urban Company is looking for fresh graduates and early-career candidates for the Cyber Security Analyst role in the e-commerce space. Skills typically asked for this role: cyber security, linux, python, communication. This is a sample role built from typical industry requirements, not a confirmed vacancy. Check the company's careers page for the real opening.|1
seed:6441eb141267b417|Lenskart|Software Engineer Trainee|FULL_TIME|Pune, Chennai|Hybrid|2-5 Lacs PA|0-1 Yrs|java,sql,data structures,git,rest api|Lenskart is looking for fresh graduates and early-career candidates for the Software Engineer Trainee role in the e-commerce space. Skills typically asked for this role: java, sql, data structures, git, rest api. This is a sample role built from typical industry requirements, not a confirmed vacancy. Check the company's careers page for the real opening.|10
seed:f31273c88cdcda26|Lenskart|Frontend Developer|FULL_TIME|Pune|Onsite|3-5 Lacs PA|0-2 Yrs|javascript,typescript,react,html,css,git|Lenskart is looking for fresh graduates and early-career candidates for the Frontend Developer role in the e-commerce space. Skills typically asked for this role: javascript, typescript, react, html, css, git. This is a sample role built from typical industry requirements, not a confirmed vacancy. Check the company's careers page for the real opening.|5
seed:21069c9efce3e401|PolicyBazaar|Software Engineer Trainee|FULL_TIME|Mumbai|Hybrid|2-5 Lacs PA|0-1 Yrs|java,sql,data structures,git,rest api|PolicyBazaar is looking for fresh graduates and early-career candidates for the Software Engineer Trainee role in the fintech space. Skills typically asked for this role: java, sql, data structures, git, rest api. This is a sample role built from typical industry requirements, not a confirmed vacancy. Check the company's careers page for the real opening.|1
seed:f5c64ae4f6af9814|PolicyBazaar|Frontend Developer|FULL_TIME|Chennai, Gurugram, Bengaluru|Onsite|3-7 Lacs PA|0-2 Yrs|javascript,typescript,react,html,css,git|PolicyBazaar is looking for fresh graduates and early-career candidates for the Frontend Developer role in the fintech space. Skills typically asked for this role: javascript, typescript, react, html, css, git. This is a sample role built from typical industry requirements, not a confirmed vacancy. Check the company's careers page for the real opening.|8
seed:0e1eec85fabb4307|PolicyBazaar|Full Stack Developer|FULL_TIME|Gurugram, Bengaluru|Remote|4-8 Lacs PA|0-2 Yrs|javascript,react,node.js,html,css,mongodb,git|PolicyBazaar is looking for fresh graduates and early-career candidates for the Full Stack Developer role in the fintech space. Skills typically asked for this role: javascript, react, node.js, html, css, mongodb, git. This is a sample role built from typical industry requirements, not a confirmed vacancy. Check the company's careers page for the real opening.|9
seed:c8599bfecba957f0|Delhivery|Marketing Intern|INTERNSHIP|Chennai, Ahmedabad, Bengaluru|Onsite|₹10,000 / month|Internship|digital marketing,seo,content writing,communication|Delhivery is looking for fresh graduates and early-career candidates for the Marketing Intern role in the logistics and supply chain space. Skills typically asked for this role: digital marketing, seo, content writing, communication. This is a sample role built from typical industry requirements, not a confirmed vacancy. Check the company's careers page for the real opening.|8
seed:b83cc4244d295f14|Delhivery|Management Trainee|FULL_TIME|Chennai, Ahmedabad, Kolkata|Onsite|4-8 Lacs PA|0-1 Yrs|sales,communication,excel,business analysis,supply chain|Delhivery is looking for fresh graduates and early-career candidates for the Management Trainee role in the logistics and supply chain space. Skills typically asked for this role: sales, communication, excel, business analysis, supply chain. This is a sample role built from typical industry requirements, not a confirmed vacancy. Check the company's careers page for the real opening.|1
seed:0c638dbb9ddcfd29|InMobi|Machine Learning Engineer|FULL_TIME|Mumbai, Pune|Onsite|4-6 Lacs PA|0-2 Yrs|python,machine learning,tensorflow,pandas,numpy,scikit-learn|InMobi is looking for fresh graduates and early-career candidates for the Machine Learning Engineer role in the adtech space. Skills typically asked for this role: python, machine learning, tensorflow, pandas, numpy, scikit-learn. This is a sample role built from typical industry requirements, not a confirmed vacancy. Check the company's careers page for the real opening.|8
seed:32a74d873aa84148|InMobi|Data Analyst|FULL_TIME|Gurugram, Visakhapatnam|Onsite|3-7 Lacs PA|0-2 Yrs|sql,excel,python,power bi,statistics|InMobi is looking for fresh graduates and early-career candidates for the Data Analyst role in the adtech space. Skills typically asked for this role: sql, excel, python, power bi, statistics. This is a sample role built from typical industry requirements, not a confirmed vacancy. Check the company's careers page for the real opening.|12
seed:fff5c6131a103429|InMobi|Cyber Security Analyst|FULL_TIME|Gurugram, Hyderabad|Hybrid|5-7 Lacs PA|0-2 Yrs|cyber security,linux,python,communication|InMobi is looking for fresh graduates and early-career candidates for the Cyber Security Analyst role in the adtech space. Skills typically asked for this role: cyber security, linux, python, communication. This is a sample role built from typical industry requirements, not a confirmed vacancy. Check the company's careers page for the real opening.|5
seed:9bb5ab3cf8336fce|ShareChat|Frontend Developer|FULL_TIME|Delhi NCR, Mumbai|Hybrid|3-7 Lacs PA|0-2 Yrs|javascript,typescript,react,html,css,git|ShareChat is looking for fresh graduates and early-career candidates for the Frontend Developer role in the social media space. Skills typically asked for this role: javascript, typescript, react, html, css, git. This is a sample role built from typical industry requirements, not a confirmed vacancy. Check the company's careers page for the real opening.|13
seed:aec5199b6301b960|ShareChat|Cyber Security Analyst|FULL_TIME|Delhi NCR, Chennai|Onsite|3-5 Lacs PA|0-2 Yrs|cyber security,linux,python,communication|ShareChat is looking for fresh graduates and early-career candidates for the Cyber Security Analyst role in the social media space. Skills typically asked for this role: cyber security, linux, python, communication. This is a sample role built from typical industry requirements, not a confirmed vacancy. Check the company's careers page for the real opening.|14
seed:59b5664a20a9afe3|ShareChat|DevOps Engineer|FULL_TIME|Kochi, Hyderabad|Onsite|3-6 Lacs PA|0-2 Yrs|linux,docker,kubernetes,aws,git|ShareChat is looking for fresh graduates and early-career candidates for the DevOps Engineer role in the social media space. Skills typically asked for this role: linux, docker, kubernetes, aws, git. This is a sample role built from typical industry requirements, not a confirmed vacancy. Check the company's careers page for the real opening.|9
seed:ec0dad9d53a28f95|Juspay|Python Developer|FULL_TIME|Delhi NCR|Remote|3-6 Lacs PA|0-2 Yrs|python,sql,rest api,git,pandas|Juspay is looking for fresh graduates and early-career candidates for the Python Developer role in the fintech space. Skills typically asked for this role: python, sql, rest api, git, pandas. This is a sample role built from typical industry requirements, not a confirmed vacancy. Check the company's careers page for the real opening.|11
seed:e51dcabe8cd2dda7|Juspay|Data Science Intern|INTERNSHIP|Bengaluru, Gurugram|Onsite|₹10,000 / month|Internship|python,pandas,numpy,machine learning,sql|Juspay is looking for fresh graduates and early-career candidates for the Data Science Intern role in the fintech space. Skills typically asked for this role: python, pandas, numpy, machine learning, sql. This is a sample role built from typical industry requirements, not a confirmed vacancy. Check the company's careers page for the real opening.|1
seed:18c85339d5b2438a|Juspay|Software Development Intern|INTERNSHIP|Chennai, Kolkata|Hybrid|₹10,000 / month|Internship|python,java,data structures,git|Juspay is looking for fresh graduates and early-career candidates for the Software Development Intern role in the fintech space. Skills typically asked for this role: python, java, data structures, git. This is a sample role built from typical industry requirements, not a confirmed vacancy. Check the company's careers page for the real opening.|4
seed:f523f5ed27e24f29|Postman|Full Stack Developer|FULL_TIME|Kolkata, Bengaluru, Mumbai|Remote|3-6 Lacs PA|0-2 Yrs|javascript,react,node.js,html,css,mongodb,git|Postman is looking for fresh graduates and early-career candidates for the Full Stack Developer role in the software space. Skills typically asked for this role: javascript, react, node.js, html, css, mongodb, git. This is a sample role built from typical industry requirements, not a confirmed vacancy. Check the company's careers page for the real opening.|5
seed:d9f4f5c79fa39ce5|Postman|Associate Software Engineer|FULL_TIME|Kochi, Mumbai|Onsite|3-5 Lacs PA|0-2 Yrs|python,sql,data structures,git,linux|Postman is looking for fresh graduates and early-career candidates for the Associate Software Engineer role in the software space. Skills typically asked for this role: python, sql, data structures, git, linux. This is a sample role built from typical industry requirements, not a confirmed vacancy. Check the company's careers page for the real opening.|7
seed:d4de66aa407cd113|Postman|QA / Test Engineer|FULL_TIME|Pune, Kolkata|Hybrid|4-7 Lacs PA|0-2 Yrs|java,sql,git,rest api|Postman is looking for fresh graduates and early-career candidates for the QA / Test Engineer role in the software space. Skills typically asked for this role: java, sql, git, rest api. This is a sample role built from typical industry requirements, not a confirmed vacancy. Check the company's careers page for the real opening.|8
seed:448bb757ef722a63|BrowserStack|Python Developer|FULL_TIME|Kochi|Hybrid|4-8 Lacs PA|0-2 Yrs|python,sql,rest api,git,pandas|BrowserStack is looking for fresh graduates and early-career candidates for the Python Developer role in the software space. Skills typically asked for this role: python, sql, rest api, git, pandas. This is a sample role built from typical industry requirements, not a confirmed vacancy. Check the company's careers page for the real opening.|0
seed:2ffe1a0c3f26a1ab|BrowserStack|Machine Learning Engineer|FULL_TIME|Hyderabad|Remote|5-7 Lacs PA|0-2 Yrs|python,machine learning,tensorflow,pandas,numpy,scikit-learn|BrowserStack is looking for fresh graduates and early-career candidates for the Machine Learning Engineer role in the software space. Skills typically asked for this role: python, machine learning, tensorflow, pandas, numpy, scikit-learn. This is a sample role built from typical industry requirements, not a confirmed vacancy. Check the company's careers page for the real opening.|12
seed:35ad29011cd96d79|BrowserStack|Data Analyst|FULL_TIME|Noida|Hybrid|4-7 Lacs PA|0-2 Yrs|sql,excel,python,power bi,statistics|BrowserStack is looking for fresh graduates and early-career candidates for the Data Analyst role in the software space. Skills typically asked for this role: sql, excel, python, power bi, statistics. This is a sample role built from typical industry requirements, not a confirmed vacancy. Check the company's careers page for the real opening.|4
seed:85f914a2471d928f|Chargebee|Java Developer|FULL_TIME|Bengaluru, Ahmedabad|Onsite|4-7 Lacs PA|0-2 Yrs|java,spring boot,mysql,rest api,git|Chargebee is looking for fresh graduates and early-career candidates for the Java Developer role in the software space. Skills typically asked for this role: java, spring boot, mysql, rest api, git. This is a sample role built from typical industry requirements, not a confirmed vacancy. Check the company's careers page for the real opening.|2
seed:05bed0ce2d23b376|Chargebee|Software Development Intern|INTERNSHIP|Noida, Ahmedabad|Onsite|₹25,000 / month|Internship|python,java,data structures,git|Chargebee is looking for fresh graduates and early-career candidates for the Software Development Intern role in the software space. Skills typically asked for this role: python, java, data structures, git. This is a sample role built from typical industry requirements, not a confirmed vacancy. Check the company's careers page for the real opening.|4
seed:d2647fb8f4db6ad0|Chargebee|Data Analyst|FULL_TIME|Kolkata|Remote|3-6 Lacs PA|0-2 Yrs|sql,excel,python,power bi,statistics|Chargebee is looking for fresh graduates and early-career candidates for the Data Analyst role in the software space. Skills typically asked for this role: sql, excel, python, power bi, statistics. This is a sample role built from typical industry requirements, not a confirmed vacancy. Check the company's careers page for the real opening.|4
seed:5823b153c91139f1|Darwinbox|Python Developer|FULL_TIME|Pune, Noida, Kolkata|Remote|2-6 Lacs PA|0-2 Yrs|python,sql,rest api,git,pandas|Darwinbox is looking for fresh graduates and early-career candidates for the Python Developer role in the software space. Skills typically asked for this role: python, sql, rest api, git, pandas. This is a sample role built from typical industry requirements, not a confirmed vacancy. Check the company's careers page for the real opening.|5
seed:514e12b14bc64532|Darwinbox|QA / Test Engineer|FULL_TIME|Hyderabad, Bengaluru|Onsite|2-6 Lacs PA|0-2 Yrs|java,sql,git,rest api|Darwinbox is looking for fresh graduates and early-career candidates for the QA / Test Engineer role in the software space. Skills typically asked for this role: java, sql, git, rest api. This is a sample role built from typical industry requirements, not a confirmed vacancy. Check the company's careers page for the real opening.|1
seed:0cbec96f9391548d|Darwinbox|Full Stack Developer|FULL_TIME|Kolkata, Noida|Onsite|4-8 Lacs PA|0-2 Yrs|javascript,react,node.js,html,css,mongodb,git|Darwinbox is looking for fresh graduates and early-career candidates for the Full Stack Developer role in the software space. Skills typically asked for this role: javascript, react, node.js, html, css, mongodb, git. This is a sample role built from typical industry requirements, not a confirmed vacancy. Check the company's careers page for the real opening.|1
seed:7fde5e01c7fb6e93|Sprinklr|Frontend Developer|FULL_TIME|Chennai|Onsite|2-5 Lacs PA|0-2 Yrs|javascript,typescript,react,html,css,git|Sprinklr is looking for fresh graduates and early-career candidates for the Frontend Developer role in the software space. Skills typically asked for this role: javascript, typescript, react, html, css, git. This is a sample role built from typical industry requirements, not a confirmed vacancy. Check the company's careers page for the real opening.|10
seed:230d7bab41d7342f|Sprinklr|DevOps Engineer|FULL_TIME|Bengaluru, Kochi|Onsite|5-9 Lacs PA|0-2 Yrs|linux,docker,kubernetes,aws,git|Sprinklr is looking for fresh graduates and early-career candidates for the DevOps Engineer role in the software space. Skills typically asked for this role: linux, docker, kubernetes, aws, git. This is a sample role built from typical industry requirements, not a confirmed vacancy. Check the company's careers page for the real opening.|12
seed:8d6c8007ae4a516f|Sprinklr|QA / Test Engineer|FULL_TIME|Visakhapatnam, Bengaluru|Onsite|2-6 Lacs PA|0-2 Yrs|java,sql,git,rest api|Sprinklr is looking for fresh graduates and early-career candidates for the QA / Test Engineer role in the software space. Skills typically asked for this role: java, sql, git, rest api. This is a sample role built from typical industry requirements, not a confirmed vacancy. Check the company's careers page for the real opening.|12
seed:91f03bb3f188c780|MakeMyTrip|QA / Test Engineer|FULL_TIME|Gurugram, Chennai, Ahmedabad|Onsite|2-6 Lacs PA|0-2 Yrs|java,sql,git,rest api|MakeMyTrip is looking for fresh graduates and early-career candidates for the QA / Test Engineer role in the e-commerce space. Skills typically asked for this role: java, sql, git, rest api. This is a sample role built from typical industry requirements, not a confirmed vacancy. Check the company's careers page for the real opening.|4
seed:08b9dcf1797ad72a|MakeMyTrip|Cloud Support Associate|FULL_TIME|Noida, Visakhapatnam|Onsite|3-5 Lacs PA|0-1 Yrs|aws,linux,sql,communication|MakeMyTrip is looking for fresh graduates and early-career candidates for the Cloud Support Associate role in the e-commerce space. Skills typically asked for this role: aws, linux, sql, communication. This is a sample role built from typical industry requirements, not a confirmed vacancy. Check the company's careers page for the real opening.|0
seed:781194d6ccdfcb49|Ixigo|Data Analyst|FULL_TIME|Noida, Ahmedabad|Onsite|2-5 Lacs PA|0-2 Yrs|sql,excel,python,power bi,statistics|Ixigo is looking for fresh graduates and early-career candidates for the Data Analyst role in the e-commerce space. Skills typically asked for this role: sql, excel, python, power bi, statistics. This is a sample role built from typical industry requirements, not a confirmed vacancy. Check the company's careers page for the real opening.|1
seed:1a383a03657f2ad9|Ixigo|DevOps Engineer|FULL_TIME|Visakhapatnam, Bengaluru, Chennai|Onsite|4-8 Lacs PA|0-2 Yrs|linux,docker,kubernetes,aws,git|Ixigo is looking for fresh graduates and early-career candidates for the DevOps Engineer role in the e-commerce space. Skills typically asked for this role: linux, docker, kubernetes, aws, git. This is a sample role built from typical industry requirements, not a confirmed vacancy. Check the company's careers page for the real opening.|10
seed:9b54de0a2983bbce|Cars24|Data Science Intern|INTERNSHIP|Hyderabad, Visakhapatnam, Noida|Onsite|₹12,000 / month|Internship|python,pandas,numpy,machine learning,sql|Cars24 is looking for fresh graduates and early-career candidates for the Data Science Intern role in the e-commerce space. Skills typically asked for this role: python, pandas, numpy, machine learning, sql. This is a sample role built from typical industry requirements, not a confirmed vacancy. Check the company's careers page for the real opening.|2
seed:99719d68fc905858|Cars24|QA / Test Engineer|FULL_TIME|Kolkata, Hyderabad|Onsite|2-5 Lacs PA|0-2 Yrs|java,sql,git,rest api|Cars24 is looking for fresh graduates and early-career candidates for the QA / Test Engineer role in the e-commerce space. Skills typically asked for this role: java, sql, git, rest api. This is a sample role built from typical industry requirements, not a confirmed vacancy. Check the company's careers page for the real opening.|2
seed:525f4bbf841499dd|OYO|Cloud Support Associate|FULL_TIME|Delhi NCR|Hybrid|2-6 Lacs PA|0-1 Yrs|aws,linux,sql,communication|OYO is looking for fresh graduates and early-career candidates for the Cloud Support Associate role in the e-commerce space. Skills typically asked for this role: aws, linux, sql, communication. This is a sample role built from typical industry requirements, not a confirmed vacancy. Check the company's careers page for the real opening.|1
seed:34276087d505ce71|OYO|Software Development Intern|INTERNSHIP|Noida|Onsite|₹20,000 / month|Internship|python,java,data structures,git|OYO is looking for fresh graduates and early-career candidates for the Software Development Intern role in the e-commerce space. Skills typically asked for this role: python, java, data structures, git. This is a sample role built from typical industry requirements, not a confirmed vacancy. Check the company's careers page for the real opening.|4
seed:e475ccce54475abd|Licious|Sales Executive|FULL_TIME|Gurugram, Pune, Visakhapatnam|Hybrid|3-5 Lacs PA|0-2 Yrs|sales,communication,excel|Licious is looking for fresh graduates and early-career candidates for the Sales Executive role in the food delivery space. Skills typically asked for this role: sales, communication, excel. This is a sample role built from typical industry requirements, not a confirmed vacancy. Check the company's careers page for the real opening.|7
seed:805e864b54f73a4e|Licious|Management Trainee|FULL_TIME|Delhi NCR|Onsite|5-9 Lacs PA|0-1 Yrs|sales,communication,excel,business analysis,supply chain|Licious is looking for fresh graduates and early-career candidates for the Management Trainee role in the food delivery space. Skills typically asked for this role: sales, communication, excel, business analysis, supply chain. This is a sample role built from typical industry requirements, not a confirmed vacancy. Check the company's careers page for the real opening.|2
seed:156be13589d9d6ef|boAt Lifestyle|Sales Executive|FULL_TIME|Gurugram, Ahmedabad, Mumbai|Hybrid|1-4 Lacs PA|0-2 Yrs|sales,communication,excel|boAt Lifestyle is looking for fresh graduates and early-career candidates for the Sales Executive role in the consumer goods space. Skills typically asked for this role: sales, communication, excel. This is a sample role built from typical industry requirements, not a confirmed vacancy. Check the company's careers page for the real opening.|6
seed:b6b87be029a34f2e|boAt Lifestyle|Digital Marketing Executive|FULL_TIME|Hyderabad, Visakhapatnam, Chennai|Hybrid|2-5 Lacs PA|0-2 Yrs|digital marketing,seo,content writing,excel,communication|boAt Lifestyle is looking for fresh graduates and early-career candidates for the Digital Marketing Executive role in the consumer goods space. Skills typically asked for this role: digital marketing, seo, content writing, excel, communication. This is a sample role built from typical industry requirements, not a confirmed vacancy. Check the company's careers page for the real opening.|14
seed:ac7f217a531a5ed2|Zepto|QA / Test Engineer|FULL_TIME|Pune, Delhi NCR, Ahmedabad|Hybrid|4-8 Lacs PA|0-2 Yrs|java,sql,git,rest api|Zepto is looking for fresh graduates and early-career candidates for the QA / Test Engineer role in the e-commerce space. Skills typically asked for this role: java, sql, git, rest api. This is a sample role built from typical industry requirements, not a confirmed vacancy. Check the company's careers page for the real opening.|4
seed:c386ac087505c709|Zepto|Machine Learning Engineer|FULL_TIME|Visakhapatnam|Onsite|5-8 Lacs PA|0-2 Yrs|python,machine learning,tensorflow,pandas,numpy,scikit-learn|Zepto is looking for fresh graduates and early-career candidates for the Machine Learning Engineer role in the e-commerce space. Skills typically asked for this role: python, machine learning, tensorflow, pandas, numpy, scikit-learn. This is a sample role built from typical industry requirements, not a confirmed vacancy. Check the company's careers page for the real opening.|6
seed:a2a2759cabafa4a5|Rapido|Associate Software Engineer|FULL_TIME|Hyderabad|Hybrid|2-5 Lacs PA|0-2 Yrs|python,sql,data structures,git,linux|Rapido is looking for fresh graduates and early-career candidates for the Associate Software Engineer role in the mobility space. Skills typically asked for this role: python, sql, data structures, git, linux. This is a sample role built from typical industry requirements, not a confirmed vacancy. Check the company's careers page for the real opening.|12
seed:00f67f8841836c76|Rapido|Cyber Security Analyst|FULL_TIME|Noida, Ahmedabad, Visakhapatnam|Onsite|4-7 Lacs PA|0-2 Yrs|cyber security,linux,python,communication|Rapido is looking for fresh graduates and early-career candidates for the Cyber Security Analyst role in the mobility space. Skills typically asked for this role: cyber security, linux, python, communication. This is a sample role built from typical industry requirements, not a confirmed vacancy. Check the company's careers page for the real opening.|5
seed:0cbe8381e7c63568|Rapido|Python Developer|FULL_TIME|Kochi, Noida|Onsite|4-7 Lacs PA|0-2 Yrs|python,sql,rest api,git,pandas|Rapido is looking for fresh graduates and early-career candidates for the Python Developer role in the mobility space. Skills typically asked for this role: python, sql, rest api, git, pandas. This is a sample role built from typical industry requirements, not a confirmed vacancy. Check the company's careers page for the real opening.|13
seed:709b86725db6de77|Pine Labs|Data Analyst|FULL_TIME|Pune, Delhi NCR|Hybrid|3-6 Lacs PA|0-2 Yrs|sql,excel,python,power bi,statistics|Pine Labs is looking for fresh graduates and early-career candidates for the Data Analyst role in the fintech space. Skills typically asked for this role: sql, excel, python, power bi, statistics. This is a sample role built from typical industry requirements, not a confirmed vacancy. Check the company's careers page for the real opening.|1
seed:6b216a4f41ea47ee|Pine Labs|Machine Learning Engineer|FULL_TIME|Gurugram|Hybrid|5-8 Lacs PA|0-2 Yrs|python,machine learning,tensorflow,pandas,numpy,scikit-learn|Pine Labs is looking for fresh graduates and early-career candidates for the Machine Learning Engineer role in the fintech space. Skills typically asked for this role: python, machine learning, tensorflow, pandas, numpy, scikit-learn. This is a sample role built from typical industry requirements, not a confirmed vacancy. Check the company's careers page for the real opening.|2
seed:067d1f304af5d416|Pine Labs|Cyber Security Analyst|FULL_TIME|Delhi NCR, Kolkata, Ahmedabad|Onsite|5-7 Lacs PA|0-2 Yrs|cyber security,linux,python,communication|Pine Labs is looking for fresh graduates and early-career candidates for the Cyber Security Analyst role in the fintech space. Skills typically asked for this role: cyber security, linux, python, communication. This is a sample role built from typical industry requirements, not a confirmed vacancy. Check the company's careers page for the real opening.|6
seed:c8beea3d136a6caf|BharatPe|Data Science Intern|INTERNSHIP|Pune, Mumbai|Hybrid|₹10,000 / month|Internship|python,pandas,numpy,machine learning,sql|BharatPe is looking for fresh graduates and early-career candidates for the Data Science Intern role in the fintech space. Skills typically asked for this role: python, pandas, numpy, machine learning, sql. This is a sample role built from typical industry requirements, not a confirmed vacancy. Check the company's careers page for the real opening.|10
seed:0562f881b7c13634|BharatPe|Python Developer|FULL_TIME|Hyderabad, Pune|Remote|2-6 Lacs PA|0-2 Yrs|python,sql,rest api,git,pandas|BharatPe is looking for fresh graduates and early-career candidates for the Python Developer role in the fintech space. Skills typically asked for this role: python, sql, rest api, git, pandas. This is a sample role built from typical industry requirements, not a confirmed vacancy. Check the company's careers page for the real opening.|0
seed:41966aebc1ee2ffc|BharatPe|Cloud Support Associate|FULL_TIME|Visakhapatnam, Kolkata, Bengaluru|Hybrid|3-6 Lacs PA|0-1 Yrs|aws,linux,sql,communication|BharatPe is looking for fresh graduates and early-career candidates for the Cloud Support Associate role in the fintech space. Skills typically asked for this role: aws, linux, sql, communication. This is a sample role built from typical industry requirements, not a confirmed vacancy. Check the company's careers page for the real opening.|6
seed:73e87aafd54d9c7b|Info Edge|UI/UX Designer|FULL_TIME|Delhi NCR|Hybrid|2-4 Lacs PA|0-2 Yrs|figma,ui/ux,photoshop,illustrator|Info Edge is looking for fresh graduates and early-career candidates for the UI/UX Designer role in the internet space. Skills typically asked for this role: figma, ui/ux, photoshop, illustrator. This is a sample role built from typical industry requirements, not a confirmed vacancy. Check the company's careers page for the real opening.|13
seed:cccc344553c4d865|Info Edge|Software Engineer|FULL_TIME|Chennai, Visakhapatnam, Noida|Hybrid|4-6 Lacs PA|0-2 Yrs|java,python,sql,rest api,git|Info Edge is looking for fresh graduates and early-career candidates for the Software Engineer role in the internet space. Skills typically asked for this role: java, python, sql, rest api, git. This is a sample role built from typical industry requirements, not a confirmed vacancy. Check the company's careers page for the real opening.|10
seed:b96093456eab34c1|Nazara Technologies|DevOps Engineer|FULL_TIME|Hyderabad, Pune, Chennai|Onsite|4-8 Lacs PA|0-2 Yrs|linux,docker,kubernetes,aws,git|Nazara Technologies is looking for fresh graduates and early-career candidates for the DevOps Engineer role in the gaming space. Skills typically asked for this role: linux, docker, kubernetes, aws, git. This is a sample role built from typical industry requirements, not a confirmed vacancy. Check the company's careers page for the real opening.|14
seed:c3f7e6b6c1fa34c5|Nazara Technologies|Data Science Intern|INTERNSHIP|Mumbai|Onsite|₹20,000 / month|Internship|python,pandas,numpy,machine learning,sql|Nazara Technologies is looking for fresh graduates and early-career candidates for the Data Science Intern role in the gaming space. Skills typically asked for this role: python, pandas, numpy, machine learning, sql. This is a sample role built from typical industry requirements, not a confirmed vacancy. Check the company's careers page for the real opening.|12
seed:900dc218671c19e9|Nazara Technologies|Frontend Developer|FULL_TIME|Gurugram|Hybrid|3-5 Lacs PA|0-2 Yrs|javascript,typescript,react,html,css,git|Nazara Technologies is looking for fresh graduates and early-career candidates for the Frontend Developer role in the gaming space. Skills typically asked for this role: javascript, typescript, react, html, css, git. This is a sample role built from typical industry requirements, not a confirmed vacancy. Check the company's careers page for the real opening.|7
seed:191ff95d69fd1c01|Tata Consumer Products|Software Engineer|FULL_TIME|Ahmedabad|Hybrid|5-9 Lacs PA|0-2 Yrs|java,python,sql,react,git|Tata Consumer Products is looking for fresh graduates and early-career candidates for the Software Engineer role in the consumer goods space. Skills typically asked for this role: java, python, sql, react, git. This is a sample role built from typical industry requirements, not a confirmed vacancy. Check the company's careers page for the real opening.|2
seed:c2b1e6225c0b8849|Tata Consumer Products|Sales Executive|FULL_TIME|Kolkata|Onsite|2-5 Lacs PA|0-2 Yrs|sales,communication,excel|Tata Consumer Products is looking for fresh graduates and early-career candidates for the Sales Executive role in the consumer goods space. Skills typically asked for this role: sales, communication, excel. This is a sample role built from typical industry requirements, not a confirmed vacancy. Check the company's careers page for the real opening.|9
seed:a5531f46cf659486|Tata Power|Data Analyst (Operations)|FULL_TIME|Kochi, Visakhapatnam|Onsite|3-5 Lacs PA|0-2 Yrs|sql,excel,python,power bi,statistics|Tata Power is looking for fresh graduates and early-career candidates for the Data Analyst (Operations) role in the power space. Skills typically asked for this role: sql, excel, python, power bi, statistics. This is a sample role built from typical industry requirements, not a confirmed vacancy. Check the company's careers page for the real opening.|10
seed:fc7b2fa03fc966cc|Tata Power|Graduate Engineer Trainee (Electrical)|FULL_TIME|Noida, Hyderabad|Hybrid|4-8 Lacs PA|0-1 Yrs|plc,scada,matlab,project management|Tata Power is looking for fresh graduates and early-career candidates for the Graduate Engineer Trainee (Electrical) role in the power space. Skills typically asked for this role: plc, scada, matlab, project management. This is a sample role built from typical industry requirements, not a confirmed vacancy. Check the company's careers page for the real opening.|6
seed:c2ecfffaea717113|Tata Communications|Network Engineer Trainee|FULL_TIME|Visakhapatnam, Gurugram|Onsite|3-5 Lacs PA|0-2 Yrs|linux,iot,python,communication|Tata Communications is looking for fresh graduates and early-career candidates for the Network Engineer Trainee role in the telecommunications space. Skills typically asked for this role: linux, iot, python, communication. This is a sample role built from typical industry requirements, not a confirmed vacancy. Check the company's careers page for the real opening.|6
seed:7ad8a98728fd2ef2|Tata Communications|UI/UX Designer|FULL_TIME|Kolkata|Hybrid|3-6 Lacs PA|0-2 Yrs|figma,ui/ux,photoshop,illustrator|Tata Communications is looking for fresh graduates and early-career candidates for the UI/UX Designer role in the telecommunications space. Skills typically asked for this role: figma, ui/ux, photoshop, illustrator. This is a sample role built from typical industry requirements, not a confirmed vacancy. Check the company's careers page for the real opening.|1
seed:00f363ef45e569f2|Tata Technologies|Full Stack Developer|FULL_TIME|Bengaluru, Pune|Hybrid|5-8 Lacs PA|0-2 Yrs|javascript,react,node.js,html,css,mongodb,git|Tata Technologies is looking for fresh graduates and early-career candidates for the Full Stack Developer role in the engineering services space. Skills typically asked for this role: javascript, react, node.js, html, css, mongodb, git. This is a sample role built from typical industry requirements, not a confirmed vacancy. Check the company's careers page for the real opening.|7
seed:22b271c488a1873b|Tata Technologies|Software Development Intern|INTERNSHIP|Chennai|Onsite|₹20,000 / month|Internship|python,java,data structures,git|Tata Technologies is looking for fresh graduates and early-career candidates for the Software Development Intern role in the engineering services space. Skills typically asked for this role: python, java, data structures, git. This is a sample role built from typical industry requirements, not a confirmed vacancy. Check the company's careers page for the real opening.|6
seed:874251cd1423cd25|Tata Technologies|Software Engineer Trainee|FULL_TIME|Mumbai|Onsite|4-8 Lacs PA|0-1 Yrs|java,sql,data structures,git,rest api|Tata Technologies is looking for fresh graduates and early-career candidates for the Software Engineer Trainee role in the engineering services space. Skills typically asked for this role: java, sql, data structures, git, rest api. This is a sample role built from typical industry requirements, not a confirmed vacancy. Check the company's careers page for the real opening.|0
seed:7051f5b67c8d3d6e|Adani Enterprises|Production Engineer|FULL_TIME|Noida, Chennai|Hybrid|2-5 Lacs PA|0-2 Yrs|lean manufacturing,six sigma,quality control,cnc,cad|Adani Enterprises is looking for fresh graduates and early-career candidates for the Production Engineer role in the industrial conglomerate space. Skills typically asked for this role: lean manufacturing, six sigma, quality control, cnc, cad. This is a sample role built from typical industry requirements, not a confirmed vacancy. Check the company's careers page for the real opening.|2
seed:9edfb88f4ff2cf77|Adani Enterprises|Embedded Software Engineer|FULL_TIME|Mumbai, Bengaluru|Onsite|5-9 Lacs PA|0-2 Yrs|embedded c,c++,iot,arduino,linux|Adani Enterprises is looking for fresh graduates and early-career candidates for the Embedded Software Engineer role in the industrial conglomerate space. Skills typically asked for this role: embedded c, c++, iot, arduino, linux. This is a sample role built from typical industry requirements, not a confirmed vacancy. Check the company's careers page for the real opening.|8
seed:9709146ee511447a|Adani Ports|Management Trainee|FULL_TIME|Ahmedabad, Pune|Hybrid|4-6 Lacs PA|0-1 Yrs|sales,communication,excel,business analysis,supply chain|Adani Ports is looking for fresh graduates and early-career candidates for the Management Trainee role in the logistics and supply chain space. Skills typically asked for this role: sales, communication, excel, business analysis, supply chain. This is a sample role built from typical industry requirements, not a confirmed vacancy. Check the company's careers page for the real opening.|2
seed:0559664e8524e18d|Adani Ports|Marketing Intern|INTERNSHIP|Delhi NCR, Bengaluru, Hyderabad|Onsite|₹8,000 / month|Internship|digital marketing,seo,content writing,communication|Adani Ports is looking for fresh graduates and early-career candidates for the Marketing Intern role in the logistics and supply chain space. Skills typically asked for this role: digital marketing, seo, content writing, communication. This is a sample role built from typical industry requirements, not a confirmed vacancy. Check the company's careers page for the real opening.|11
seed:a88f71eb3108857d|Adani Green Energy|Graduate Engineer Trainee (Electrical)|FULL_TIME|Chennai, Gurugram, Ahmedabad|Onsite|4-8 Lacs PA|0-1 Yrs|plc,scada,matlab,project management|Adani Green Energy is looking for fresh graduates and early-career candidates for the Graduate Engineer Trainee (Electrical) role in the power space. Skills typically asked for this role: plc, scada, matlab, project management. This is a sample role built from typical industry requirements, not a confirmed vacancy. Check the company's careers page for the real opening.|14
seed:8c84e27060f4f99d|Adani Green Energy|Engineering Intern|INTERNSHIP|Kochi, Ahmedabad, Mumbai|Onsite|₹25,000 / month|Internship|process design,matlab,excel,project management|Adani Green Energy is looking for fresh graduates and early-career candidates for the Engineering Intern role in the power space. Skills typically asked for this role: process design, matlab, excel, project management. This is a sample role built from typical industry requirements, not a confirmed vacancy. Check the company's careers page for the real opening.|1
seed:5836d6eda111fa03|Adani Power|Process Engineer Trainee|FULL_TIME|Kochi, Gurugram|Onsite|5-7 Lacs PA|0-2 Yrs|process design,thermodynamics,aspen plus,matlab|Adani Power is looking for fresh graduates and early-career candidates for the Process Engineer Trainee role in the power space. Skills typically asked for this role: process design, thermodynamics, aspen plus, matlab. This is a sample role built from typical industry requirements, not a confirmed vacancy. Check the company's careers page for the real opening.|11
seed:fc7803825ea91534|Adani Power|Graduate Engineer Trainee (Electrical)|FULL_TIME|Noida, Pune|Hybrid|4-7 Lacs PA|0-1 Yrs|plc,scada,matlab,project management|Adani Power is looking for fresh graduates and early-career candidates for the Graduate Engineer Trainee (Electrical) role in the power space. Skills typically asked for this role: plc, scada, matlab, project management. This is a sample role built from typical industry requirements, not a confirmed vacancy. Check the company's careers page for the real opening.|10
seed:97cf3beafcdfa143|Vedanta|Quality Engineer|FULL_TIME|Hyderabad, Pune, Delhi NCR|Hybrid|3-7 Lacs PA|0-2 Yrs|quality control,six sigma,lean manufacturing,excel|Vedanta is looking for fresh graduates and early-career candidates for the Quality Engineer role in the metals and mining space. Skills typically asked for this role: quality control, six sigma, lean manufacturing, excel. This is a sample role built from typical industry requirements, not a confirmed vacancy. Check the company's careers page for the real opening.|1
seed:3a3f81d9971da0bd|Vedanta|R&D Chemist|FULL_TIME|Gurugram, Pune, Kolkata|Onsite|3-7 Lacs PA|0-2 Yrs|research,lab techniques,spectroscopy,quality control|Vedanta is looking for fresh graduates and early-career candidates for the R&D Chemist role in the metals and mining space. Skills typically asked for this role: research, lab techniques, spectroscopy, quality control. This is a sample role built from typical industry requirements, not a confirmed vacancy. Check the company's careers page for the real opening.|12
seed:53985d65396bccec|Godrej Consumer Products|Marketing Intern|INTERNSHIP|Ahmedabad, Kochi|Hybrid|₹8,000 / month|Internship|digital marketing,seo,content writing,communication|Godrej Consumer Products is looking for fresh graduates and early-career candidates for the Marketing Intern role in the consumer goods space. Skills typically asked for this role: digital marketing, seo, content writing, communication. This is a sample role built from typical industry requirements, not a confirmed vacancy. Check the company's careers page for the real opening.|9
seed:321f27793d397486|Godrej Consumer Products|Business Analyst|FULL_TIME|Hyderabad|Onsite|3-6 Lacs PA|0-2 Yrs|sql,excel,power bi,business analysis,communication|Godrej Consumer Products is looking for fresh graduates and early-career candidates for the Business Analyst role in the consumer goods space. Skills typically asked for this role: sql, excel, power bi, business analysis, communication. This is a sample role built from typical industry requirements, not a confirmed vacancy. Check the company's careers page for the real opening.|10
seed:36e9d1949bff424c|Godrej Properties|Civil Engineer Trainee|FULL_TIME|Kochi, Mumbai, Ahmedabad|Onsite|3-6 Lacs PA|0-2 Yrs|autocad,revit,staad pro,project management|Godrej Properties is looking for fresh graduates and early-career candidates for the Civil Engineer Trainee role in the real estate space. Skills typically asked for this role: autocad, revit, staad pro, project management. This is a sample role built from typical industry requirements, not a confirmed vacancy. Check the company's careers page for the real opening.|6
seed:0bb0a4c3d2f47983|Godrej Properties|Sales Executive|FULL_TIME|Mumbai, Kochi|Hybrid|1-5 Lacs PA|0-2 Yrs|sales,communication,excel|Godrej Properties is looking for fresh graduates and early-career candidates for the Sales Executive role in the real estate space. Skills typically asked for this role: sales, communication, excel. This is a sample role built from typical industry requirements, not a confirmed vacancy. Check the company's careers page for the real opening.|7
seed:ca37f16ed5059a3b|Dabur India|Digital Marketing Executive|FULL_TIME|Gurugram, Kochi|Onsite|3-7 Lacs PA|0-2 Yrs|digital marketing,seo,content writing,excel,communication|Dabur India is looking for fresh graduates and early-career candidates for the Digital Marketing Executive role in the consumer goods space. Skills typically asked for this role: digital marketing, seo, content writing, excel, communication. This is a sample role built from typical industry requirements, not a confirmed vacancy. Check the company's careers page for the real opening.|12
seed:4083d3c7780df093|Dabur India|Marketing Intern|INTERNSHIP|Kolkata, Pune, Mumbai|Hybrid|₹10,000 / month|Internship|digital marketing,seo,content writing,communication|Dabur India is looking for fresh graduates and early-career candidates for the Marketing Intern role in the consumer goods space. Skills typically asked for this role: digital marketing, seo, content writing, communication. This is a sample role built from typical industry requirements, not a confirmed vacancy. Check the company's careers page for the real opening.|3
seed:1292815ffc4e6a64|Marico|Marketing Intern|INTERNSHIP|Bengaluru|Onsite|₹10,000 / month|Internship|digital marketing,seo,content writing,communication|Marico is looking for fresh graduates and early-career candidates for the Marketing Intern role in the consumer goods space. Skills typically asked for this role: digital marketing, seo, content writing, communication. This is a sample role built from typical industry requirements, not a confirmed vacancy. Check the company's careers page for the real opening.|7
seed:3dc9eef3610396db|Marico|Supply Chain Analyst|FULL_TIME|Visakhapatnam|Onsite|2-5 Lacs PA|0-2 Yrs|supply chain,excel,sql,sap,business analysis|Marico is looking for fresh graduates and early-career candidates for the Supply Chain Analyst role in the consumer goods space. Skills typically asked for this role: supply chain, excel, sql, sap, business analysis. This is a sample role built from typical industry requirements, not a confirmed vacancy. Check the company's careers page for the real opening.|13
seed:99003b933f3f84f9|Pidilite Industries|Supply Chain Executive|FULL_TIME|Bengaluru|Onsite|4-8 Lacs PA|0-2 Yrs|supply chain,excel,sap,communication|Pidilite Industries is looking for fresh graduates and early-career candidates for the Supply Chain Executive role in the paints and coatings space. Skills typically asked for this role: supply chain, excel, sap, communication. This is a sample role built from typical industry requirements, not a confirmed vacancy. Check the company's careers page for the real opening.|10
seed:c5098f15975170ee|Pidilite Industries|Plant Intern|INTERNSHIP|Bengaluru, Noida, Hyderabad|Onsite|₹10,000 / month|Internship|process design,quality control,excel|Pidilite Industries is looking for fresh graduates and early-career candidates for the Plant Intern role in the paints and coatings space. Skills typically asked for this role: process design, quality control, excel. This is a sample role built from typical industry requirements, not a confirmed vacancy. Check the company's careers page for the real opening.|0
seed:f926096fec036ff6|Havells India|Embedded Software Engineer|FULL_TIME|Hyderabad, Ahmedabad, Pune|Hybrid|4-7 Lacs PA|0-2 Yrs|embedded c,c++,iot,arduino,linux|Havells India is looking for fresh graduates and early-career candidates for the Embedded Software Engineer role in the engineering space. Skills typically asked for this role: embedded c, c++, iot, arduino, linux. This is a sample role built from typical industry requirements, not a confirmed vacancy. Check the company's careers page for the real opening.|14
seed:815eed46659f774d|Havells India|Supply Chain Analyst|FULL_TIME|Chennai, Mumbai, Delhi NCR|Hybrid|3-7 Lacs PA|0-2 Yrs|supply chain,excel,sql,sap,business analysis|Havells India is looking for fresh graduates and early-career candidates for the Supply Chain Analyst role in the engineering space. Skills typically asked for this role: supply chain, excel, sql, sap, business analysis. This is a sample role built from typical industry requirements, not a confirmed vacancy. Check the company's careers page for the real opening.|9
seed:71ce153405ede109|Siemens Limited|Civil Site Engineer|FULL_TIME|Pune, Hyderabad|Onsite|2-6 Lacs PA|0-2 Yrs|autocad,revit,staad pro,project management|Siemens Limited is looking for fresh graduates and early-career candidates for the Civil Site Engineer role in the engineering space. Skills typically asked for this role: autocad, revit, staad pro, project management. This is a sample role built from typical industry requirements, not a confirmed vacancy. Check the company's careers page for the real opening.|10
seed:4b799976d7f2ad39|Siemens Limited|Supply Chain Analyst|FULL_TIME|Hyderabad, Ahmedabad|Onsite|4-7 Lacs PA|0-2 Yrs|supply chain,excel,sql,sap,business analysis|Siemens Limited is looking for fresh graduates and early-career candidates for the Supply Chain Analyst role in the engineering space. Skills typically asked for this role: supply chain, excel, sql, sap, business analysis. This is a sample role built from typical industry requirements, not a confirmed vacancy. Check the company's careers page for the real opening.|7
seed:11597d22e42d9a3d|ABB India|Graduate Engineer Trainee|FULL_TIME|Hyderabad, Kolkata|Onsite|3-5 Lacs PA|0-1 Yrs|autocad,solidworks,matlab,project management,quality control|ABB India is looking for fresh graduates and early-career candidates for the Graduate Engineer Trainee role in the engineering space. Skills typically asked for this role: autocad, solidworks, matlab, project management, quality control. This is a sample role built from typical industry requirements, not a confirmed vacancy. Check the company's careers page for the real opening.|9
seed:11d1f757f9465150|ABB India|Electrical Engineer Trainee|FULL_TIME|Kochi|Onsite|3-7 Lacs PA|0-2 Yrs|plc,scada,matlab,autocad,embedded c|ABB India is looking for fresh graduates and early-career candidates for the Electrical Engineer Trainee role in the engineering space. Skills typically asked for this role: plc, scada, matlab, autocad, embedded c. This is a sample role built from typical industry requirements, not a confirmed vacancy. Check the company's careers page for the real opening.|3
seed:83f83531497068e6|Bosch Limited|Engineering Intern|INTERNSHIP|Hyderabad, Pune|Onsite|₹8,000 / month|Internship|autocad,matlab,solidworks,communication|Bosch Limited is looking for fresh graduates and early-career candidates for the Engineering Intern role in the automobile space. Skills typically asked for this role: autocad, matlab, solidworks, communication. This is a sample role built from typical industry requirements, not a confirmed vacancy. Check the company's careers page for the real opening.|0
seed:c153416263bdd221|Bosch Limited|Production Engineer|FULL_TIME|Noida|Onsite|3-6 Lacs PA|0-2 Yrs|lean manufacturing,six sigma,quality control,cnc,cad|Bosch Limited is looking for fresh graduates and early-career candidates for the Production Engineer role in the automobile space. Skills typically asked for this role: lean manufacturing, six sigma, quality control, cnc, cad. This is a sample role built from typical industry requirements, not a confirmed vacancy. Check the company's careers page for the real opening.|10
seed:81c3101772d3f155|Schneider Electric India|Supply Chain Analyst|FULL_TIME|Gurugram, Kochi, Visakhapatnam|Hybrid|2-5 Lacs PA|0-2 Yrs|supply chain,excel,sql,sap,business analysis|Schneider Electric India is looking for fresh graduates and early-career candidates for the Supply Chain Analyst role in the engineering space. Skills typically asked for this role: supply chain, excel, sql, sap, business analysis. This is a sample role built from typical industry requirements, not a confirmed vacancy. Check the company's careers page for the real opening.|12
seed:abd59cb4460ac2e9|Schneider Electric India|Electrical Engineer Trainee|FULL_TIME|Gurugram, Bengaluru, Kochi|Onsite|2-6 Lacs PA|0-2 Yrs|plc,scada,matlab,autocad,embedded c|Schneider Electric India is looking for fresh graduates and early-career candidates for the Electrical Engineer Trainee role in the engineering space. Skills typically asked for this role: plc, scada, matlab, autocad, embedded c. This is a sample role built from typical industry requirements, not a confirmed vacancy. Check the company's careers page for the real opening.|10
seed:1781f97d04c8d3fb|Thermax|Engineering Intern|INTERNSHIP|Visakhapatnam, Gurugram|Onsite|₹20,000 / month|Internship|autocad,matlab,solidworks,communication|Thermax is looking for fresh graduates and early-career candidates for the Engineering Intern role in the engineering space. Skills typically asked for this role: autocad, matlab, solidworks, communication. This is a sample role built from typical industry requirements, not a confirmed vacancy. Check the company's careers page for the real opening.|0
seed:9ba6b6ff742523a9|Thermax|Electrical Engineer Trainee|FULL_TIME|Pune, Kolkata|Hybrid|3-6 Lacs PA|0-2 Yrs|plc,scada,matlab,autocad,embedded c|Thermax is looking for fresh graduates and early-career candidates for the Electrical Engineer Trainee role in the engineering space. Skills typically asked for this role: plc, scada, matlab, autocad, embedded c. This is a sample role built from typical industry requirements, not a confirmed vacancy. Check the company's careers page for the real opening.|13
seed:ff253978c88aefeb|Cummins India|Production Engineer|FULL_TIME|Delhi NCR, Mumbai|Onsite|4-7 Lacs PA|0-2 Yrs|lean manufacturing,six sigma,quality control,cnc,cad|Cummins India is looking for fresh graduates and early-career candidates for the Production Engineer role in the engineering space. Skills typically asked for this role: lean manufacturing, six sigma, quality control, cnc, cad. This is a sample role built from typical industry requirements, not a confirmed vacancy. Check the company's careers page for the real opening.|8
seed:1ba2b40db4357a0d|Cummins India|Civil Site Engineer|FULL_TIME|Gurugram, Kolkata|Onsite|3-6 Lacs PA|0-2 Yrs|autocad,revit,staad pro,project management|Cummins India is looking for fresh graduates and early-career candidates for the Civil Site Engineer role in the engineering space. Skills typically asked for this role: autocad, revit, staad pro, project management. This is a sample role built from typical industry requirements, not a confirmed vacancy. Check the company's careers page for the real opening.|4
seed:8c2aa706eab134f8|Ashok Leyland|Embedded Software Engineer|FULL_TIME|Delhi NCR|Hybrid|4-7 Lacs PA|0-2 Yrs|embedded c,c++,iot,arduino,linux|Ashok Leyland is looking for fresh graduates and early-career candidates for the Embedded Software Engineer role in the automobile space. Skills typically asked for this role: embedded c, c++, iot, arduino, linux. This is a sample role built from typical industry requirements, not a confirmed vacancy. Check the company's careers page for the real opening.|9
seed:7450ba7e282eca81|Ashok Leyland|Graduate Engineer Trainee|FULL_TIME|Ahmedabad, Hyderabad, Kolkata|Hybrid|3-6 Lacs PA|0-1 Yrs|autocad,solidworks,matlab,project management,quality control|Ashok Leyland is looking for fresh graduates and early-career candidates for the Graduate Engineer Trainee role in the automobile space. Skills typically asked for this role: autocad, solidworks, matlab, project management, quality control. This is a sample role built from typical industry requirements, not a confirmed vacancy. Check the company's careers page for the real opening.|4
seed:81d5539549a10752|TVS Motor Company|Embedded Software Engineer|FULL_TIME|Chennai, Kolkata|Onsite|3-6 Lacs PA|0-2 Yrs|embedded c,c++,iot,arduino,linux|TVS Motor Company is looking for fresh graduates and early-career candidates for the Embedded Software Engineer role in the automobile space. Skills typically asked for this role: embedded c, c++, iot, arduino, linux. This is a sample role built from typical industry requirements, not a confirmed vacancy. Check the company's careers page for the real opening.|0
seed:a4cfe729738416be|TVS Motor Company|Supply Chain Analyst|FULL_TIME|Noida, Gurugram, Mumbai|Onsite|4-6 Lacs PA|0-2 Yrs|supply chain,excel,sql,sap,business analysis|TVS Motor Company is looking for fresh graduates and early-career candidates for the Supply Chain Analyst role in the automobile space. Skills typically asked for this role: supply chain, excel, sql, sap, business analysis. This is a sample role built from typical industry requirements, not a confirmed vacancy. Check the company's careers page for the real opening.|2
seed:2da6d059e5da9108|Bajaj Finance|Financial Analyst Trainee|FULL_TIME|Chennai, Mumbai|Onsite|4-8 Lacs PA|0-2 Yrs|excel,financial modeling,accounting,statistics,communication|Bajaj Finance is looking for fresh graduates and early-career candidates for the Financial Analyst Trainee role in the banking space. Skills typically asked for this role: excel, financial modeling, accounting, statistics, communication. This is a sample role built from typical industry requirements, not a confirmed vacancy. Check the company's careers page for the real opening.|12
seed:e1c30e5bd29c2c6f|Bajaj Finance|Software Engineer (Banking Tech)|FULL_TIME|Bengaluru, Mumbai|Onsite|3-7 Lacs PA|0-2 Yrs|java,sql,spring boot,rest api,git|Bajaj Finance is looking for fresh graduates and early-career candidates for the Software Engineer (Banking Tech) role in the banking space. Skills typically asked for this role: java, sql, spring boot, rest api, git. This is a sample role built from typical industry requirements, not a confirmed vacancy. Check the company's careers page for the real opening.|7
seed:c0f8f3d2dc2d4e2c|Bajaj Finserv|Business Analyst|FULL_TIME|Ahmedabad, Chennai|Onsite|3-6 Lacs PA|0-2 Yrs|sql,excel,business analysis,power bi,communication|Bajaj Finserv is looking for fresh graduates and early-career candidates for the Business Analyst role in the banking space. Skills typically asked for this role: sql, excel, business analysis, power bi, communication. This is a sample role built from typical industry requirements, not a confirmed vacancy. Check the company's careers page for the real opening.|7
seed:1ce4f3c11f543715|Bajaj Finserv|Financial Analyst Trainee|FULL_TIME|Hyderabad, Gurugram, Bengaluru|Onsite|2-5 Lacs PA|0-2 Yrs|excel,financial modeling,accounting,statistics,communication|Bajaj Finserv is looking for fresh graduates and early-career candidates for the Financial Analyst Trainee role in the banking space. Skills typically asked for this role: excel, financial modeling, accounting, statistics, communication. This is a sample role built from typical industry requirements, not a confirmed vacancy. Check the company's careers page for the real opening.|7
seed:a5f48a9daa878ade|HDFC Life Insurance|Operations Executive|FULL_TIME|Mumbai, Gurugram|Onsite|3-6 Lacs PA|0-2 Yrs|excel,communication,accounting,tally,gst|HDFC Life Insurance is looking for fresh graduates and early-career candidates for the Operations Executive role in the insurance space. Skills typically asked for this role: excel, communication, accounting, tally, gst. This is a sample role built from typical industry requirements, not a confirmed vacancy. Check the company's careers page for the real opening.|13
seed:8b473ac93ddbcf4f|HDFC Life Insurance|Business Analyst|FULL_TIME|Bengaluru, Kolkata|Onsite|4-8 Lacs PA|0-2 Yrs|sql,excel,business analysis,power bi,communication|HDFC Life Insurance is looking for fresh graduates and early-career candidates for the Business Analyst role in the insurance space. Skills typically asked for this role: sql, excel, business analysis, power bi, communication. This is a sample role built from typical industry requirements, not a confirmed vacancy. Check the company's careers page for the real opening.|11
seed:b788b187be46b0aa|SBI Life Insurance|Financial Analyst Trainee|FULL_TIME|Kochi, Kolkata|Hybrid|3-5 Lacs PA|0-2 Yrs|excel,financial modeling,accounting,statistics,communication|SBI Life Insurance is looking for fresh graduates and early-career candidates for the Financial Analyst Trainee role in the insurance space. Skills typically asked for this role: excel, financial modeling, accounting, statistics, communication. This is a sample role built from typical industry requirements, not a confirmed vacancy. Check the company's careers page for the real opening.|11
seed:8e683f8f9d38f4bc|SBI Life Insurance|Risk Analyst|FULL_TIME|Mumbai|Onsite|3-7 Lacs PA|0-2 Yrs|excel,statistics,sql,python,financial modeling|SBI Life Insurance is looking for fresh graduates and early-career candidates for the Risk Analyst role in the insurance space. Skills typically asked for this role: excel, statistics, sql, python, financial modeling. This is a sample role built from typical industry requirements, not a confirmed vacancy. Check the company's careers page for the real opening.|11
seed:03eb70c44b2b7f23|ICICI Prudential Life Insurance|Risk Analyst|FULL_TIME|Kochi, Gurugram|Onsite|4-8 Lacs PA|0-2 Yrs|excel,statistics,sql,python,financial modeling|ICICI Prudential Life Insurance is looking for fresh graduates and early-career candidates for the Risk Analyst role in the insurance space. Skills typically asked for this role: excel, statistics, sql, python, financial modeling. This is a sample role built from typical industry requirements, not a confirmed vacancy. Check the company's careers page for the real opening.|2
seed:163e41dd58dd02a6|ICICI Prudential Life Insurance|Operations Executive|FULL_TIME|Mumbai, Gurugram, Visakhapatnam|Onsite|2-5 Lacs PA|0-2 Yrs|excel,communication,accounting,tally,gst|ICICI Prudential Life Insurance is looking for fresh graduates and early-career candidates for the Operations Executive role in the insurance space. Skills typically asked for this role: excel, communication, accounting, tally, gst. This is a sample role built from typical industry requirements, not a confirmed vacancy. Check the company's careers page for the real opening.|14
seed:d24ebbdcea3c17ee|Life Insurance Corporation of India|Finance Intern|INTERNSHIP|Visakhapatnam, Mumbai, Kochi|Onsite|₹20,000 / month|Internship|excel,accounting,financial modeling,communication|Life Insurance Corporation of India is looking for fresh graduates and early-career candidates for the Finance Intern role in the insurance space. Skills typically asked for this role: excel, accounting, financial modeling, communication. This is a sample role built from typical industry requirements, not a confirmed vacancy. Check the company's careers page for the real opening.|1
seed:0c32de6a6ea8533e|Life Insurance Corporation of India|Business Analyst|FULL_TIME|Hyderabad|Onsite|4-8 Lacs PA|0-2 Yrs|sql,excel,business analysis,power bi,communication|Life Insurance Corporation of India is looking for fresh graduates and early-career candidates for the Business Analyst role in the insurance space. Skills typically asked for this role: sql, excel, business analysis, power bi, communication. This is a sample role built from typical industry requirements, not a confirmed vacancy. Check the company's careers page for the real opening.|5
seed:53dc620567551544|Muthoot Finance|Operations Executive|FULL_TIME|Mumbai, Delhi NCR|Onsite|2-4 Lacs PA|0-2 Yrs|excel,communication,accounting,tally,gst|Muthoot Finance is looking for fresh graduates and early-career candidates for the Operations Executive role in the banking space. Skills typically asked for this role: excel, communication, accounting, tally, gst. This is a sample role built from typical industry requirements, not a confirmed vacancy. Check the company's careers page for the real opening.|11
seed:5ad0857140d9dae1|Muthoot Finance|Management Trainee|FULL_TIME|Bengaluru, Delhi NCR|Onsite|3-5 Lacs PA|0-1 Yrs|communication,excel,sales,business analysis|Muthoot Finance is looking for fresh graduates and early-career candidates for the Management Trainee role in the banking space. Skills typically asked for this role: communication, excel, sales, business analysis. This is a sample role built from typical industry requirements, not a confirmed vacancy. Check the company's careers page for the real opening.|7
seed:101f559ca5ab977b|Shriram Finance|Business Analyst|FULL_TIME|Mumbai, Delhi NCR|Onsite|4-6 Lacs PA|0-2 Yrs|sql,excel,business analysis,power bi,communication|Shriram Finance is looking for fresh graduates and early-career candidates for the Business Analyst role in the banking space. Skills typically asked for this role: sql, excel, business analysis, power bi, communication. This is a sample role built from typical industry requirements, not a confirmed vacancy. Check the company's careers page for the real opening.|13
seed:ff60f7d424b505c1|Shriram Finance|Operations Executive|FULL_TIME|Kolkata, Gurugram|Onsite|2-5 Lacs PA|0-2 Yrs|excel,communication,accounting,tally,gst|Shriram Finance is looking for fresh graduates and early-career candidates for the Operations Executive role in the banking space. Skills typically asked for this role: excel, communication, accounting, tally, gst. This is a sample role built from typical industry requirements, not a confirmed vacancy. Check the company's careers page for the real opening.|5
seed:9c116be64cff8326|IndusInd Bank|Finance Intern|INTERNSHIP|Kochi, Gurugram|Onsite|₹15,000 / month|Internship|excel,accounting,financial modeling,communication|IndusInd Bank is looking for fresh graduates and early-career candidates for the Finance Intern role in the banking space. Skills typically asked for this role: excel, accounting, financial modeling, communication. This is a sample role built from typical industry requirements, not a confirmed vacancy. Check the company's careers page for the real opening.|12
seed:454f339db9d99664|IndusInd Bank|Operations Executive|FULL_TIME|Delhi NCR|Onsite|2-5 Lacs PA|0-2 Yrs|excel,communication,accounting,tally,gst|IndusInd Bank is looking for fresh graduates and early-career candidates for the Operations Executive role in the banking space. Skills typically asked for this role: excel, communication, accounting, tally, gst. This is a sample role built from typical industry requirements, not a confirmed vacancy. Check the company's careers page for the real opening.|14
seed:7cde1eec6b84ad2b|Yes Bank|Operations Executive|FULL_TIME|Kochi, Pune, Ahmedabad|Onsite|2-5 Lacs PA|0-2 Yrs|excel,communication,accounting,tally,gst|Yes Bank is looking for fresh graduates and early-career candidates for the Operations Executive role in the banking space. Skills typically asked for this role: excel, communication, accounting, tally, gst. This is a sample role built from typical industry requirements, not a confirmed vacancy. Check the company's careers page for the real opening.|12
seed:4d028f19bae7b777|Yes Bank|Management Trainee|FULL_TIME|Kolkata|Hybrid|3-6 Lacs PA|0-1 Yrs|communication,excel,sales,business analysis|Yes Bank is looking for fresh graduates and early-career candidates for the Management Trainee role in the banking space. Skills typically asked for this role: communication, excel, sales, business analysis. This is a sample role built from typical industry requirements, not a confirmed vacancy. Check the company's careers page for the real opening.|4
seed:276fefef19166c9b|Federal Bank|Finance Intern|INTERNSHIP|Chennai, Bengaluru|Hybrid|₹20,000 / month|Internship|excel,accounting,financial modeling,communication|Federal Bank is looking for fresh graduates and early-career candidates for the Finance Intern role in the banking space. Skills typically asked for this role: excel, accounting, financial modeling, communication. This is a sample role built from typical industry requirements, not a confirmed vacancy. Check the company's careers page for the real opening.|4
seed:4ed43e093d194209|Federal Bank|Risk Analyst|FULL_TIME|Pune, Bengaluru|Hybrid|3-6 Lacs PA|0-2 Yrs|excel,statistics,sql,python,financial modeling|Federal Bank is looking for fresh graduates and early-career candidates for the Risk Analyst role in the banking space. Skills typically asked for this role: excel, statistics, sql, python, financial modeling. This is a sample role built from typical industry requirements, not a confirmed vacancy. Check the company's careers page for the real opening.|10
seed:7630a5b49cebdd47|IDFC First Bank|Risk Analyst|FULL_TIME|Gurugram, Chennai|Hybrid|4-7 Lacs PA|0-2 Yrs|excel,statistics,sql,python,financial modeling|IDFC First Bank is looking for fresh graduates and early-career candidates for the Risk Analyst role in the banking space. Skills typically asked for this role: excel, statistics, sql, python, financial modeling. This is a sample role built from typical industry requirements, not a confirmed vacancy. Check the company's careers page for the real opening.|14
seed:79f912e313f8f2ad|IDFC First Bank|Management Trainee|FULL_TIME|Ahmedabad, Pune, Visakhapatnam|Onsite|4-7 Lacs PA|0-1 Yrs|communication,excel,sales,business analysis|IDFC First Bank is looking for fresh graduates and early-career candidates for the Management Trainee role in the banking space. Skills typically asked for this role: communication, excel, sales, business analysis. This is a sample role built from typical industry requirements, not a confirmed vacancy. Check the company's careers page for the real opening.|6
seed:434a7525ed6265c9|Bank of Baroda|Business Analyst|FULL_TIME|Kochi, Hyderabad, Chennai|Onsite|3-5 Lacs PA|0-2 Yrs|sql,excel,business analysis,power bi,communication|Bank of Baroda is looking for fresh graduates and early-career candidates for the Business Analyst role in the banking space. Skills typically asked for this role: sql, excel, business analysis, power bi, communication. This is a sample role built from typical industry requirements, not a confirmed vacancy. Check the company's careers page for the real opening.|11
seed:99b9265f57e4180a|Bank of Baroda|Risk Analyst|FULL_TIME|Kolkata|Onsite|4-8 Lacs PA|0-2 Yrs|excel,statistics,sql,python,financial modeling|Bank of Baroda is looking for fresh graduates and early-career candidates for the Risk Analyst role in the banking space. Skills typically asked for this role: excel, statistics, sql, python, financial modeling. This is a sample role built from typical industry requirements, not a confirmed vacancy. Check the company's careers page for the real opening.|5
seed:91ef89d09b00cad3|Punjab National Bank|Finance Intern|INTERNSHIP|Pune, Gurugram|Hybrid|₹10,000 / month|Internship|excel,accounting,financial modeling,communication|Punjab National Bank is looking for fresh graduates and early-career candidates for the Finance Intern role in the banking space. Skills typically asked for this role: excel, accounting, financial modeling, communication. This is a sample role built from typical industry requirements, not a confirmed vacancy. Check the company's careers page for the real opening.|6
seed:9e76a8caf715eb28|Punjab National Bank|Management Trainee|FULL_TIME|Ahmedabad, Pune, Mumbai|Onsite|2-5 Lacs PA|0-1 Yrs|communication,excel,sales,business analysis|Punjab National Bank is looking for fresh graduates and early-career candidates for the Management Trainee role in the banking space. Skills typically asked for this role: communication, excel, sales, business analysis. This is a sample role built from typical industry requirements, not a confirmed vacancy. Check the company's careers page for the real opening.|1
seed:7c2128da9993eda4|Canara Bank|Financial Analyst Trainee|FULL_TIME|Bengaluru|Onsite|2-5 Lacs PA|0-2 Yrs|excel,financial modeling,accounting,statistics,communication|Canara Bank is looking for fresh graduates and early-career candidates for the Financial Analyst Trainee role in the banking space. Skills typically asked for this role: excel, financial modeling, accounting, statistics, communication. This is a sample role built from typical industry requirements, not a confirmed vacancy. Check the company's careers page for the real opening.|1
seed:4cdf2188be5dbd60|Canara Bank|Risk Analyst|FULL_TIME|Visakhapatnam, Delhi NCR, Kolkata|Onsite|3-7 Lacs PA|0-2 Yrs|excel,statistics,sql,python,financial modeling|Canara Bank is looking for fresh graduates and early-career candidates for the Risk Analyst role in the banking space. Skills typically asked for this role: excel, statistics, sql, python, financial modeling. This is a sample role built from typical industry requirements, not a confirmed vacancy. Check the company's careers page for the real opening.|14
seed:e0dc984ecd7fda8d|Union Bank of India|Financial Analyst Trainee|FULL_TIME|Bengaluru, Pune|Onsite|4-8 Lacs PA|0-2 Yrs|excel,financial modeling,accounting,statistics,communication|Union Bank of India is looking for fresh graduates and early-career candidates for the Financial Analyst Trainee role in the banking space. Skills typically asked for this role: excel, financial modeling, accounting, statistics, communication. This is a sample role built from typical industry requirements, not a confirmed vacancy. Check the company's careers page for the real opening.|8
seed:335d756ceaccb8a2|Union Bank of India|Finance Intern|INTERNSHIP|Noida, Bengaluru|Hybrid|₹20,000 / month|Internship|excel,accounting,financial modeling,communication|Union Bank of India is looking for fresh graduates and early-career candidates for the Finance Intern role in the banking space. Skills typically asked for this role: excel, accounting, financial modeling, communication. This is a sample role built from typical industry requirements, not a confirmed vacancy. Check the company's careers page for the real opening.|12
seed:99011b05ef985762|Apollo Hospitals|Quality Control Analyst|FULL_TIME|Delhi NCR, Pune|Hybrid|1-4 Lacs PA|0-2 Yrs|quality control,lab techniques,spectroscopy,research|Apollo Hospitals is looking for fresh graduates and early-career candidates for the Quality Control Analyst role in the hospitals space. Skills typically asked for this role: quality control, lab techniques, spectroscopy, research. This is a sample role built from typical industry requirements, not a confirmed vacancy. Check the company's careers page for the real opening.|1
seed:bbf1b044852e6983|Apollo Hospitals|Clinical Research Associate|FULL_TIME|Hyderabad, Delhi NCR, Gurugram|Onsite|2-6 Lacs PA|0-2 Yrs|clinical research,research,statistics,communication|Apollo Hospitals is looking for fresh graduates and early-career candidates for the Clinical Research Associate role in the hospitals space. Skills typically asked for this role: clinical research, research, statistics, communication. This is a sample role built from typical industry requirements, not a confirmed vacancy. Check the company's careers page for the real opening.|11
seed:52e267893a557b54|Fortis Healthcare|Research Intern|INTERNSHIP|Hyderabad|Hybrid|₹12,000 / month|Internship|research,lab techniques,statistics|Fortis Healthcare is looking for fresh graduates and early-career candidates for the Research Intern role in the hospitals space. Skills typically asked for this role: research, lab techniques, statistics. This is a sample role built from typical industry requirements, not a confirmed vacancy. Check the company's careers page for the real opening.|12
seed:2dac782a314e857c|Fortis Healthcare|Data Analyst (Healthcare)|FULL_TIME|Gurugram, Visakhapatnam, Pune|Hybrid|2-5 Lacs PA|0-2 Yrs|sql,excel,statistics,python,power bi|Fortis Healthcare is looking for fresh graduates and early-career candidates for the Data Analyst (Healthcare) role in the hospitals space. Skills typically asked for this role: sql, excel, statistics, python, power bi. This is a sample role built from typical industry requirements, not a confirmed vacancy. Check the company's careers page for the real opening.|9
seed:9ce88b2bb2fac77f|Max Healthcare|Quality Control Analyst|FULL_TIME|Delhi NCR, Mumbai|Onsite|2-6 Lacs PA|0-2 Yrs|quality control,lab techniques,spectroscopy,research|Max Healthcare is looking for fresh graduates and early-career candidates for the Quality Control Analyst role in the hospitals space. Skills typically asked for this role: quality control, lab techniques, spectroscopy, research. This is a sample role built from typical industry requirements, not a confirmed vacancy. Check the company's careers page for the real opening.|3
seed:eb27d0393bfd788f|Max Healthcare|Research Intern|INTERNSHIP|Hyderabad|Hybrid|₹20,000 / month|Internship|research,lab techniques,statistics|Max Healthcare is looking for fresh graduates and early-career candidates for the Research Intern role in the hospitals space. Skills typically asked for this role: research, lab techniques, statistics. This is a sample role built from typical industry requirements, not a confirmed vacancy. Check the company's careers page for the real opening.|10
seed:209336c827cb3235|Lupin|Medical Representative Trainee|FULL_TIME|Mumbai|Onsite|3-7 Lacs PA|0-1 Yrs|sales,communication,pharmacology|Lupin is looking for fresh graduates and early-career candidates for the Medical Representative Trainee role in the pharmaceuticals space. Skills typically asked for this role: sales, communication, pharmacology. This is a sample role built from typical industry requirements, not a confirmed vacancy. Check the company's careers page for the real opening.|10
seed:d07c43dfd98e3320|Lupin|Research Intern|INTERNSHIP|Chennai, Noida|Onsite|₹12,000 / month|Internship|research,lab techniques,statistics|Lupin is looking for fresh graduates and early-career candidates for the Research Intern role in the pharmaceuticals space. Skills typically asked for this role: research, lab techniques, statistics. This is a sample role built from typical industry requirements, not a confirmed vacancy. Check the company's careers page for the real opening.|8
seed:fd47037d116e7887|Zydus Lifesciences|Quality Control Analyst|FULL_TIME|Kolkata, Visakhapatnam|Onsite|2-6 Lacs PA|0-2 Yrs|quality control,lab techniques,spectroscopy,research|Zydus Lifesciences is looking for fresh graduates and early-career candidates for the Quality Control Analyst role in the pharmaceuticals space. Skills typically asked for this role: quality control, lab techniques, spectroscopy, research. This is a sample role built from typical industry requirements, not a confirmed vacancy. Check the company's careers page for the real opening.|7
seed:905980e4aa1fb9d1|Zydus Lifesciences|Medical Representative Trainee|FULL_TIME|Bengaluru, Kolkata|Hybrid|1-4 Lacs PA|0-1 Yrs|sales,communication,pharmacology|Zydus Lifesciences is looking for fresh graduates and early-career candidates for the Medical Representative Trainee role in the pharmaceuticals space. Skills typically asked for this role: sales, communication, pharmacology. This is a sample role built from typical industry requirements, not a confirmed vacancy. Check the company's careers page for the real opening.|11
seed:d2877f8605288c1a|Aurobindo Pharma|Data Analyst (Healthcare)|FULL_TIME|Noida, Mumbai, Gurugram|Onsite|3-7 Lacs PA|0-2 Yrs|sql,excel,statistics,python,power bi|Aurobindo Pharma is looking for fresh graduates and early-career candidates for the Data Analyst (Healthcare) role in the pharmaceuticals space. Skills typically asked for this role: sql, excel, statistics, python, power bi. This is a sample role built from typical industry requirements, not a confirmed vacancy. Check the company's careers page for the real opening.|5
seed:63cac49f2521f710|Aurobindo Pharma|Clinical Research Associate|FULL_TIME|Ahmedabad, Bengaluru|Onsite|3-7 Lacs PA|0-2 Yrs|clinical research,research,statistics,communication|Aurobindo Pharma is looking for fresh graduates and early-career candidates for the Clinical Research Associate role in the pharmaceuticals space. Skills typically asked for this role: clinical research, research, statistics, communication. This is a sample role built from typical industry requirements, not a confirmed vacancy. Check the company's careers page for the real opening.|8
seed:4af4d3f91ef0ee4b|Divi's Laboratories|Medical Representative Trainee|FULL_TIME|Visakhapatnam, Mumbai|Onsite|2-4 Lacs PA|0-1 Yrs|sales,communication,pharmacology|Divi's Laboratories is looking for fresh graduates and early-career candidates for the Medical Representative Trainee role in the pharmaceuticals space. Skills typically asked for this role: sales, communication, pharmacology. This is a sample role built from typical industry requirements, not a confirmed vacancy. Check the company's careers page for the real opening.|13
seed:3f5738a42b07dfae|Divi's Laboratories|Research Associate|FULL_TIME|Gurugram|Hybrid|2-6 Lacs PA|0-2 Yrs|research,lab techniques,pcr,pharmacology|Divi's Laboratories is looking for fresh graduates and early-career candidates for the Research Associate role in the pharmaceuticals space. Skills typically asked for this role: research, lab techniques, pcr, pharmacology. This is a sample role built from typical industry requirements, not a confirmed vacancy. Check the company's careers page for the real opening.|12
seed:c17aab522c513eeb|Biocon|Quality Control Analyst|FULL_TIME|Ahmedabad|Onsite|1-3 Lacs PA|0-2 Yrs|quality control,lab techniques,spectroscopy,research|Biocon is looking for fresh graduates and early-career candidates for the Quality Control Analyst role in the pharmaceuticals space. Skills typically asked for this role: quality control, lab techniques, spectroscopy, research. This is a sample role built from typical industry requirements, not a confirmed vacancy. Check the company's careers page for the real opening.|5
seed:09aef262ebe33888|Biocon|Research Intern|INTERNSHIP|Delhi NCR, Kolkata, Noida|Onsite|₹8,000 / month|Internship|research,lab techniques,statistics|Biocon is looking for fresh graduates and early-career candidates for the Research Intern role in the pharmaceuticals space. Skills typically asked for this role: research, lab techniques, statistics. This is a sample role built from typical industry requirements, not a confirmed vacancy. Check the company's careers page for the real opening.|10
seed:6fa2a00d15777c17|Torrent Pharmaceuticals|Research Associate|FULL_TIME|Hyderabad, Gurugram, Chennai|Hybrid|2-5 Lacs PA|0-2 Yrs|research,lab techniques,pcr,pharmacology|Torrent Pharmaceuticals is looking for fresh graduates and early-career candidates for the Research Associate role in the pharmaceuticals space. Skills typically asked for this role: research, lab techniques, pcr, pharmacology. This is a sample role built from typical industry requirements, not a confirmed vacancy. Check the company's careers page for the real opening.|8
seed:18a2e303af038777|Torrent Pharmaceuticals|Medical Representative Trainee|FULL_TIME|Kolkata, Visakhapatnam|Onsite|2-5 Lacs PA|0-1 Yrs|sales,communication,pharmacology|Torrent Pharmaceuticals is looking for fresh graduates and early-career candidates for the Medical Representative Trainee role in the pharmaceuticals space. Skills typically asked for this role: sales, communication, pharmacology. This is a sample role built from typical industry requirements, not a confirmed vacancy. Check the company's careers page for the real opening.|2
seed:e07b50a9421f88c3|Glenmark Pharmaceuticals|Medical Representative Trainee|FULL_TIME|Pune, Bengaluru, Visakhapatnam|Hybrid|3-5 Lacs PA|0-1 Yrs|sales,communication,pharmacology|Glenmark Pharmaceuticals is looking for fresh graduates and early-career candidates for the Medical Representative Trainee role in the pharmaceuticals space. Skills typically asked for this role: sales, communication, pharmacology. This is a sample role built from typical industry requirements, not a confirmed vacancy. Check the company's careers page for the real opening.|12
seed:0c0437b311189b6c|Glenmark Pharmaceuticals|Clinical Research Associate|FULL_TIME|Kochi, Visakhapatnam|Onsite|2-6 Lacs PA|0-2 Yrs|clinical research,research,statistics,communication|Glenmark Pharmaceuticals is looking for fresh graduates and early-career candidates for the Clinical Research Associate role in the pharmaceuticals space. Skills typically asked for this role: clinical research, research, statistics, communication. This is a sample role built from typical industry requirements, not a confirmed vacancy. Check the company's careers page for the real opening.|11
seed:1a4b6e1cc0065805|Alkem Laboratories|Research Associate|FULL_TIME|Noida|Onsite|2-5 Lacs PA|0-2 Yrs|research,lab techniques,pcr,pharmacology|Alkem Laboratories is looking for fresh graduates and early-career candidates for the Research Associate role in the pharmaceuticals space. Skills typically asked for this role: research, lab techniques, pcr, pharmacology. This is a sample role built from typical industry requirements, not a confirmed vacancy. Check the company's careers page for the real opening.|10
seed:679217ba03e404a1|Alkem Laboratories|Research Intern|INTERNSHIP|Bengaluru, Gurugram, Pune|Onsite|₹12,000 / month|Internship|research,lab techniques,statistics|Alkem Laboratories is looking for fresh graduates and early-career candidates for the Research Intern role in the pharmaceuticals space. Skills typically asked for this role: research, lab techniques, statistics. This is a sample role built from typical industry requirements, not a confirmed vacancy. Check the company's careers page for the real opening.|0
seed:57b6074447efe0bd|Syngene International|Quality Control Analyst|FULL_TIME|Chennai, Ahmedabad|Onsite|2-4 Lacs PA|0-2 Yrs|quality control,lab techniques,spectroscopy,research|Syngene International is looking for fresh graduates and early-career candidates for the Quality Control Analyst role in the pharmaceuticals space. Skills typically asked for this role: quality control, lab techniques, spectroscopy, research. This is a sample role built from typical industry requirements, not a confirmed vacancy. Check the company's careers page for the real opening.|5
seed:feccf321256e5e63|Syngene International|Research Associate|FULL_TIME|Pune, Chennai, Mumbai|Hybrid|2-5 Lacs PA|0-2 Yrs|research,lab techniques,pcr,pharmacology|Syngene International is looking for fresh graduates and early-career candidates for the Research Associate role in the pharmaceuticals space. Skills typically asked for this role: research, lab techniques, pcr, pharmacology. This is a sample role built from typical industry requirements, not a confirmed vacancy. Check the company's careers page for the real opening.|9
seed:63a5d6fb3f7660e3|Bharat Biotech|Research Associate|FULL_TIME|Gurugram, Kolkata|Hybrid|2-5 Lacs PA|0-2 Yrs|research,lab techniques,pcr,pharmacology|Bharat Biotech is looking for fresh graduates and early-career candidates for the Research Associate role in the pharmaceuticals space. Skills typically asked for this role: research, lab techniques, pcr, pharmacology. This is a sample role built from typical industry requirements, not a confirmed vacancy. Check the company's careers page for the real opening.|12
seed:88b566e0cfd9a018|Bharat Biotech|Data Analyst (Healthcare)|FULL_TIME|Visakhapatnam, Delhi NCR|Onsite|3-5 Lacs PA|0-2 Yrs|sql,excel,statistics,python,power bi|Bharat Biotech is looking for fresh graduates and early-career candidates for the Data Analyst (Healthcare) role in the pharmaceuticals space. Skills typically asked for this role: sql, excel, statistics, python, power bi. This is a sample role built from typical industry requirements, not a confirmed vacancy. Check the company's careers page for the real opening.|13
seed:8b7f7171ad31ae45|Serum Institute of India|Research Associate|FULL_TIME|Pune, Bengaluru, Chennai|Hybrid|1-5 Lacs PA|0-2 Yrs|research,lab techniques,pcr,pharmacology|Serum Institute of India is looking for fresh graduates and early-career candidates for the Research Associate role in the pharmaceuticals space. Skills typically asked for this role: research, lab techniques, pcr, pharmacology. This is a sample role built from typical industry requirements, not a confirmed vacancy. Check the company's careers page for the real opening.|0
seed:706eac5849e8523f|Serum Institute of India|Quality Control Analyst|FULL_TIME|Gurugram, Mumbai|Onsite|1-4 Lacs PA|0-2 Yrs|quality control,lab techniques,spectroscopy,research|Serum Institute of India is looking for fresh graduates and early-career candidates for the Quality Control Analyst role in the pharmaceuticals space. Skills typically asked for this role: quality control, lab techniques, spectroscopy, research. This is a sample role built from typical industry requirements, not a confirmed vacancy. Check the company's careers page for the real opening.|9
seed:5f31cf0e0c4853f5|Bharat Petroleum|Process Engineer Trainee|FULL_TIME|Ahmedabad, Gurugram|Onsite|4-7 Lacs PA|0-2 Yrs|process design,thermodynamics,aspen plus,matlab|Bharat Petroleum is looking for fresh graduates and early-career candidates for the Process Engineer Trainee role in the oil and gas space. Skills typically asked for this role: process design, thermodynamics, aspen plus, matlab. This is a sample role built from typical industry requirements, not a confirmed vacancy. Check the company's careers page for the real opening.|12
seed:25060ba99be223d4|Bharat Petroleum|Maintenance Engineer|FULL_TIME|Pune, Gurugram|Hybrid|4-6 Lacs PA|0-2 Yrs|quality control,plc,autocad,six sigma|Bharat Petroleum is looking for fresh graduates and early-career candidates for the Maintenance Engineer role in the oil and gas space. Skills typically asked for this role: quality control, plc, autocad, six sigma. This is a sample role built from typical industry requirements, not a confirmed vacancy. Check the company's careers page for the real opening.|7
seed:66dccad001ff55a3|Indian Oil Corporation|Engineering Intern|INTERNSHIP|Chennai, Hyderabad|Hybrid|₹12,000 / month|Internship|process design,matlab,excel,project management|Indian Oil Corporation is looking for fresh graduates and early-career candidates for the Engineering Intern role in the oil and gas space. Skills typically asked for this role: process design, matlab, excel, project management. This is a sample role built from typical industry requirements, not a confirmed vacancy. Check the company's careers page for the real opening.|3
seed:a8bdd625334b2c51|Indian Oil Corporation|Process Engineer Trainee|FULL_TIME|Noida, Chennai|Onsite|5-7 Lacs PA|0-2 Yrs|process design,thermodynamics,aspen plus,matlab|Indian Oil Corporation is looking for fresh graduates and early-career candidates for the Process Engineer Trainee role in the oil and gas space. Skills typically asked for this role: process design, thermodynamics, aspen plus, matlab. This is a sample role built from typical industry requirements, not a confirmed vacancy. Check the company's careers page for the real opening.|0
seed:4d75cc2cce4d5a34|Hindustan Petroleum|Process Engineer Trainee|FULL_TIME|Ahmedabad|Hybrid|4-6 Lacs PA|0-2 Yrs|process design,thermodynamics,aspen plus,matlab|Hindustan Petroleum is looking for fresh graduates and early-career candidates for the Process Engineer Trainee role in the oil and gas space. Skills typically asked for this role: process design, thermodynamics, aspen plus, matlab. This is a sample role built from typical industry requirements, not a confirmed vacancy. Check the company's careers page for the real opening.|13
seed:9e6358c6edb55620|Hindustan Petroleum|Data Analyst (Operations)|FULL_TIME|Kochi, Ahmedabad|Onsite|2-4 Lacs PA|0-2 Yrs|sql,excel,python,power bi,statistics|Hindustan Petroleum is looking for fresh graduates and early-career candidates for the Data Analyst (Operations) role in the oil and gas space. Skills typically asked for this role: sql, excel, python, power bi, statistics. This is a sample role built from typical industry requirements, not a confirmed vacancy. Check the company's careers page for the real opening.|9
seed:31bb4def2c858da6|GAIL (India)|Maintenance Engineer|FULL_TIME|Delhi NCR, Noida|Onsite|2-4 Lacs PA|0-2 Yrs|quality control,plc,autocad,six sigma|GAIL (India) is looking for fresh graduates and early-career candidates for the Maintenance Engineer role in the oil and gas space. Skills typically asked for this role: quality control, plc, autocad, six sigma. This is a sample role built from typical industry requirements, not a confirmed vacancy. Check the company's careers page for the real opening.|11
seed:ac2787fad9cb9002|GAIL (India)|Graduate Engineer Trainee (Electrical)|FULL_TIME|Hyderabad|Hybrid|4-7 Lacs PA|0-1 Yrs|plc,scada,matlab,project management|GAIL (India) is looking for fresh graduates and early-career candidates for the Graduate Engineer Trainee (Electrical) role in the oil and gas space. Skills typically asked for this role: plc, scada, matlab, project management. This is a sample role built from typical industry requirements, not a confirmed vacancy. Check the company's careers page for the real opening.|0
seed:aaf31bb29a3ee850|Oil India|Engineering Intern|INTERNSHIP|Kochi, Hyderabad, Mumbai|Onsite|₹12,000 / month|Internship|process design,matlab,excel,project management|Oil India is looking for fresh graduates and early-career candidates for the Engineering Intern role in the oil and gas space. Skills typically asked for this role: process design, matlab, excel, project management. This is a sample role built from typical industry requirements, not a confirmed vacancy. Check the company's careers page for the real opening.|13
seed:8af048a20acbd557|Oil India|Data Analyst (Operations)|FULL_TIME|Chennai, Mumbai|Onsite|4-7 Lacs PA|0-2 Yrs|sql,excel,python,power bi,statistics|Oil India is looking for fresh graduates and early-career candidates for the Data Analyst (Operations) role in the oil and gas space. Skills typically asked for this role: sql, excel, python, power bi, statistics. This is a sample role built from typical industry requirements, not a confirmed vacancy. Check the company's careers page for the real opening.|11
seed:caaf816a5eb343b0|Steel Authority of India|R&D Chemist|FULL_TIME|Ahmedabad, Kolkata|Onsite|4-6 Lacs PA|0-2 Yrs|research,lab techniques,spectroscopy,quality control|Steel Authority of India is looking for fresh graduates and early-career candidates for the R&D Chemist role in the metals and mining space. Skills typically asked for this role: research, lab techniques, spectroscopy, quality control. This is a sample role built from typical industry requirements, not a confirmed vacancy. Check the company's careers page for the real opening.|9
seed:4be5a55d8e34d705|Steel Authority of India|Plant Intern|INTERNSHIP|Noida, Pune, Chennai|Hybrid|₹25,000 / month|Internship|process design,quality control,excel|Steel Authority of India is looking for fresh graduates and early-career candidates for the Plant Intern role in the metals and mining space. Skills typically asked for this role: process design, quality control, excel. This is a sample role built from typical industry requirements, not a confirmed vacancy. Check the company's careers page for the real opening.|0
seed:17b35873d8c4bdef|NMDC|Plant Intern|INTERNSHIP|Chennai, Kolkata|Hybrid|₹25,000 / month|Internship|process design,quality control,excel|NMDC is looking for fresh graduates and early-career candidates for the Plant Intern role in the metals and mining space. Skills typically asked for this role: process design, quality control, excel. This is a sample role built from typical industry requirements, not a confirmed vacancy. Check the company's careers page for the real opening.|10
seed:3c10144b107a9826|NMDC|R&D Chemist|FULL_TIME|Bengaluru|Hybrid|2-6 Lacs PA|0-2 Yrs|research,lab techniques,spectroscopy,quality control|NMDC is looking for fresh graduates and early-career candidates for the R&D Chemist role in the metals and mining space. Skills typically asked for this role: research, lab techniques, spectroscopy, quality control. This is a sample role built from typical industry requirements, not a confirmed vacancy. Check the company's careers page for the real opening.|8
seed:464e94b7957bd14e|Jindal Steel & Power|Quality Engineer|FULL_TIME|Kochi, Bengaluru|Onsite|2-6 Lacs PA|0-2 Yrs|quality control,six sigma,lean manufacturing,excel|Jindal Steel & Power is looking for fresh graduates and early-career candidates for the Quality Engineer role in the metals and mining space. Skills typically asked for this role: quality control, six sigma, lean manufacturing, excel. This is a sample role built from typical industry requirements, not a confirmed vacancy. Check the company's careers page for the real opening.|10
seed:d9cf9be3aa482b9f|Jindal Steel & Power|Supply Chain Executive|FULL_TIME|Bengaluru, Gurugram|Onsite|2-4 Lacs PA|0-2 Yrs|supply chain,excel,sap,communication|Jindal Steel & Power is looking for fresh graduates and early-career candidates for the Supply Chain Executive role in the metals and mining space. Skills typically asked for this role: supply chain, excel, sap, communication. This is a sample role built from typical industry requirements, not a confirmed vacancy. Check the company's careers page for the real opening.|4
seed:dcdf7731949005b6|Ambuja Cements|Supply Chain Executive|FULL_TIME|Kolkata, Kochi|Onsite|3-7 Lacs PA|0-2 Yrs|supply chain,excel,sap,communication|Ambuja Cements is looking for fresh graduates and early-career candidates for the Supply Chain Executive role in the cement space. Skills typically asked for this role: supply chain, excel, sap, communication. This is a sample role built from typical industry requirements, not a confirmed vacancy. Check the company's careers page for the real opening.|8
seed:d9987518d0cd5b6b|Ambuja Cements|Process Engineer Trainee|FULL_TIME|Kolkata, Visakhapatnam|Onsite|3-6 Lacs PA|0-2 Yrs|process design,thermodynamics,quality control,six sigma|Ambuja Cements is looking for fresh graduates and early-career candidates for the Process Engineer Trainee role in the cement space. Skills typically asked for this role: process design, thermodynamics, quality control, six sigma. This is a sample role built from typical industry requirements, not a confirmed vacancy. Check the company's careers page for the real opening.|13
seed:0860f36e0cdcb400|ACC Limited|R&D Chemist|FULL_TIME|Gurugram, Visakhapatnam, Kochi|Onsite|2-6 Lacs PA|0-2 Yrs|research,lab techniques,spectroscopy,quality control|ACC Limited is looking for fresh graduates and early-career candidates for the R&D Chemist role in the cement space. Skills typically asked for this role: research, lab techniques, spectroscopy, quality control. This is a sample role built from typical industry requirements, not a confirmed vacancy. Check the company's careers page for the real opening.|10
seed:7c5a55499af2dd90|ACC Limited|Process Engineer Trainee|FULL_TIME|Delhi NCR|Onsite|3-6 Lacs PA|0-2 Yrs|process design,thermodynamics,quality control,six sigma|ACC Limited is looking for fresh graduates and early-career candidates for the Process Engineer Trainee role in the cement space. Skills typically asked for this role: process design, thermodynamics, quality control, six sigma. This is a sample role built from typical industry requirements, not a confirmed vacancy. Check the company's careers page for the real opening.|13
seed:20112e10edcd1930|Shree Cement|Plant Intern|INTERNSHIP|Delhi NCR, Chennai|Hybrid|₹12,000 / month|Internship|process design,quality control,excel|Shree Cement is looking for fresh graduates and early-career candidates for the Plant Intern role in the cement space. Skills typically asked for this role: process design, quality control, excel. This is a sample role built from typical industry requirements, not a confirmed vacancy. Check the company's careers page for the real opening.|13
seed:a20b5c1e6ec4be9e|Shree Cement|R&D Chemist|FULL_TIME|Visakhapatnam, Bengaluru|Onsite|4-6 Lacs PA|0-2 Yrs|research,lab techniques,spectroscopy,quality control|Shree Cement is looking for fresh graduates and early-career candidates for the R&D Chemist role in the cement space. Skills typically asked for this role: research, lab techniques, spectroscopy, quality control. This is a sample role built from typical industry requirements, not a confirmed vacancy. Check the company's careers page for the real opening.|10
seed:b1e4215d7dcf6e68|Grasim Industries|Plant Intern|INTERNSHIP|Kochi, Delhi NCR|Onsite|₹8,000 / month|Internship|process design,quality control,excel|Grasim Industries is looking for fresh graduates and early-career candidates for the Plant Intern role in the chemicals space. Skills typically asked for this role: process design, quality control, excel. This is a sample role built from typical industry requirements, not a confirmed vacancy. Check the company's careers page for the real opening.|12
seed:ba4d4b8ac5d3a50a|Grasim Industries|Quality Engineer|FULL_TIME|Noida, Gurugram|Onsite|2-5 Lacs PA|0-2 Yrs|quality control,six sigma,lean manufacturing,excel|Grasim Industries is looking for fresh graduates and early-career candidates for the Quality Engineer role in the chemicals space. Skills typically asked for this role: quality control, six sigma, lean manufacturing, excel. This is a sample role built from typical industry requirements, not a confirmed vacancy. Check the company's careers page for the real opening.|2
seed:6bc41e7c429cb274|UPL|Plant Intern|INTERNSHIP|Kochi, Gurugram|Onsite|₹20,000 / month|Internship|process design,quality control,excel|UPL is looking for fresh graduates and early-career candidates for the Plant Intern role in the chemicals space. Skills typically asked for this role: process design, quality control, excel. This is a sample role built from typical industry requirements, not a confirmed vacancy. Check the company's careers page for the real opening.|3
seed:2813076ae7266175|UPL|Process Engineer Trainee|FULL_TIME|Mumbai|Onsite|4-8 Lacs PA|0-2 Yrs|process design,thermodynamics,quality control,six sigma|UPL is looking for fresh graduates and early-career candidates for the Process Engineer Trainee role in the chemicals space. Skills typically asked for this role: process design, thermodynamics, quality control, six sigma. This is a sample role built from typical industry requirements, not a confirmed vacancy. Check the company's careers page for the real opening.|14
seed:f4b87c126440e222|Tata Chemicals|Plant Intern|INTERNSHIP|Visakhapatnam, Chennai|Onsite|₹10,000 / month|Internship|process design,quality control,excel|Tata Chemicals is looking for fresh graduates and early-career candidates for the Plant Intern role in the chemicals space. Skills typically asked for this role: process design, quality control, excel. This is a sample role built from typical industry requirements, not a confirmed vacancy. Check the company's careers page for the real opening.|6
seed:49baca30fdd7117d|Tata Chemicals|Process Engineer Trainee|FULL_TIME|Hyderabad|Onsite|2-4 Lacs PA|0-2 Yrs|process design,thermodynamics,quality control,six sigma|Tata Chemicals is looking for fresh graduates and early-career candidates for the Process Engineer Trainee role in the chemicals space. Skills typically asked for this role: process design, thermodynamics, quality control, six sigma. This is a sample role built from typical industry requirements, not a confirmed vacancy. Check the company's careers page for the real opening.|14
seed:fb598db59f513c99|Vodafone Idea|UI/UX Designer|FULL_TIME|Bengaluru, Hyderabad|Onsite|4-6 Lacs PA|0-2 Yrs|figma,ui/ux,photoshop,illustrator|Vodafone Idea is looking for fresh graduates and early-career candidates for the UI/UX Designer role in the telecommunications space. Skills typically asked for this role: figma, ui/ux, photoshop, illustrator. This is a sample role built from typical industry requirements, not a confirmed vacancy. Check the company's careers page for the real opening.|4
seed:ccda4fb5b38b25b8|Vodafone Idea|Network Engineer Trainee|FULL_TIME|Kolkata, Visakhapatnam|Hybrid|4-7 Lacs PA|0-2 Yrs|linux,iot,python,communication|Vodafone Idea is looking for fresh graduates and early-career candidates for the Network Engineer Trainee role in the telecommunications space. Skills typically asked for this role: linux, iot, python, communication. This is a sample role built from typical industry requirements, not a confirmed vacancy. Check the company's careers page for the real opening.|5
seed:299f4987687f2264|Jio Platforms|Network Engineer Trainee|FULL_TIME|Ahmedabad, Noida|Hybrid|3-5 Lacs PA|0-2 Yrs|linux,iot,python,communication|Jio Platforms is looking for fresh graduates and early-career candidates for the Network Engineer Trainee role in the telecommunications space. Skills typically asked for this role: linux, iot, python, communication. This is a sample role built from typical industry requirements, not a confirmed vacancy. Check the company's careers page for the real opening.|9
seed:fa4ec6babb6ccc75|Jio Platforms|Data Analyst|FULL_TIME|Visakhapatnam, Gurugram, Hyderabad|Onsite|3-6 Lacs PA|0-2 Yrs|sql,excel,python,tableau,statistics|Jio Platforms is looking for fresh graduates and early-career candidates for the Data Analyst role in the telecommunications space. Skills typically asked for this role: sql, excel, python, tableau, statistics. This is a sample role built from typical industry requirements, not a confirmed vacancy. Check the company's careers page for the real opening.|1
seed:6f39fa5484bd86cf|InterGlobe Aviation (IndiGo)|Production Engineer|FULL_TIME|Hyderabad|Hybrid|4-8 Lacs PA|0-2 Yrs|lean manufacturing,six sigma,quality control,cnc,cad|InterGlobe Aviation (IndiGo) is looking for fresh graduates and early-career candidates for the Production Engineer role in the aerospace and defence space. Skills typically asked for this role: lean manufacturing, six sigma, quality control, cnc, cad. This is a sample role built from typical industry requirements, not a confirmed vacancy. Check the company's careers page for the real opening.|7
seed:c4ed473a6a7829f0|InterGlobe Aviation (IndiGo)|Engineering Intern|INTERNSHIP|Ahmedabad, Kochi|Onsite|₹15,000 / month|Internship|autocad,matlab,solidworks,communication|InterGlobe Aviation (IndiGo) is looking for fresh graduates and early-career candidates for the Engineering Intern role in the aerospace and defence space. Skills typically asked for this role: autocad, matlab, solidworks, communication. This is a sample role built from typical industry requirements, not a confirmed vacancy. Check the company's careers page for the real opening.|1
seed:1e1448153b39c81c|DLF|Planning Engineer|FULL_TIME|Mumbai|Onsite|4-7 Lacs PA|0-2 Yrs|project management,autocad,excel,revit|DLF is looking for fresh graduates and early-career candidates for the Planning Engineer role in the real estate space. Skills typically asked for this role: project management, autocad, excel, revit. This is a sample role built from typical industry requirements, not a confirmed vacancy. Check the company's careers page for the real opening.|4
seed:96805e3b275ed292|DLF|Sales Executive|FULL_TIME|Pune|Hybrid|3-7 Lacs PA|0-2 Yrs|sales,communication,excel|DLF is looking for fresh graduates and early-career candidates for the Sales Executive role in the real estate space. Skills typically asked for this role: sales, communication, excel. This is a sample role built from typical industry requirements, not a confirmed vacancy. Check the company's careers page for the real opening.|10
seed:74bbe4e7d571c879|Prestige Estates Projects|Sales Executive|FULL_TIME|Pune, Delhi NCR|Onsite|3-6 Lacs PA|0-2 Yrs|sales,communication,excel|Prestige Estates Projects is looking for fresh graduates and early-career candidates for the Sales Executive role in the real estate space. Skills typically asked for this role: sales, communication, excel. This is a sample role built from typical industry requirements, not a confirmed vacancy. Check the company's careers page for the real opening.|12
seed:bc90c4051ab57085|Prestige Estates Projects|Civil Engineer Trainee|FULL_TIME|Pune|Hybrid|2-6 Lacs PA|0-2 Yrs|autocad,revit,staad pro,project management|Prestige Estates Projects is looking for fresh graduates and early-career candidates for the Civil Engineer Trainee role in the real estate space. Skills typically asked for this role: autocad, revit, staad pro, project management. This is a sample role built from typical industry requirements, not a confirmed vacancy. Check the company's careers page for the real opening.|13
seed:06d43fefd3b50f4f|Oberoi Realty|Planning Engineer|FULL_TIME|Kolkata, Visakhapatnam|Hybrid|2-6 Lacs PA|0-2 Yrs|project management,autocad,excel,revit|Oberoi Realty is looking for fresh graduates and early-career candidates for the Planning Engineer role in the real estate space. Skills typically asked for this role: project management, autocad, excel, revit. This is a sample role built from typical industry requirements, not a confirmed vacancy. Check the company's careers page for the real opening.|12
seed:8322b770f4aebf43|Oberoi Realty|Sales Executive|FULL_TIME|Visakhapatnam|Onsite|1-4 Lacs PA|0-2 Yrs|sales,communication,excel|Oberoi Realty is looking for fresh graduates and early-career candidates for the Sales Executive role in the real estate space. Skills typically asked for this role: sales, communication, excel. This is a sample role built from typical industry requirements, not a confirmed vacancy. Check the company's careers page for the real opening.|3
seed:ae973b65dcc5f61f|Brigade Enterprises|Civil Engineer Trainee|FULL_TIME|Delhi NCR, Kolkata|Hybrid|3-5 Lacs PA|0-2 Yrs|autocad,revit,staad pro,project management|Brigade Enterprises is looking for fresh graduates and early-career candidates for the Civil Engineer Trainee role in the real estate space. Skills typically asked for this role: autocad, revit, staad pro, project management. This is a sample role built from typical industry requirements, not a confirmed vacancy. Check the company's careers page for the real opening.|13
seed:99cfb2c65d2c7007|Brigade Enterprises|Planning Engineer|FULL_TIME|Mumbai, Delhi NCR|Hybrid|3-7 Lacs PA|0-2 Yrs|project management,autocad,excel,revit|Brigade Enterprises is looking for fresh graduates and early-career candidates for the Planning Engineer role in the real estate space. Skills typically asked for this role: project management, autocad, excel, revit. This is a sample role built from typical industry requirements, not a confirmed vacancy. Check the company's careers page for the real opening.|11
seed:54882755b438aa27|Capgemini|Cyber Security Analyst|FULL_TIME|Multiple locations|Onsite|5-7 Lacs PA|0-2 Yrs|cyber security,linux,python,communication|Capgemini is looking for fresh graduates and early-career candidates for the Cyber Security Analyst role in the it services space. Skills typically asked for this role: cyber security, linux, python, communication. This is a sample role built from typical industry requirements, not a confirmed vacancy. Check the company's careers page for the real opening.|0
seed:403a6401c0255d8a|Capgemini|Software Engineer Trainee|FULL_TIME|Multiple locations|Onsite|4-7 Lacs PA|0-1 Yrs|java,sql,data structures,git,rest api|Capgemini is looking for fresh graduates and early-career candidates for the Software Engineer Trainee role in the it services space. Skills typically asked for this role: java, sql, data structures, git, rest api. This is a sample role built from typical industry requirements, not a confirmed vacancy. Check the company's careers page for the real opening.|14
seed:23ff5dacbd9aef39|Capgemini|DevOps Engineer|FULL_TIME|Multiple locations|Remote|3-6 Lacs PA|0-2 Yrs|linux,docker,kubernetes,aws,git|Capgemini is looking for fresh graduates and early-career candidates for the DevOps Engineer role in the it services space. Skills typically asked for this role: linux, docker, kubernetes, aws, git. This is a sample role built from typical industry requirements, not a confirmed vacancy. Check the company's careers page for the real opening.|4
seed:a61b19b8f2dd90ce|Genpact|Data Analyst|FULL_TIME|Multiple locations|Onsite|3-6 Lacs PA|0-2 Yrs|sql,excel,python,power bi,statistics|Genpact is looking for fresh graduates and early-career candidates for the Data Analyst role in the it services space. Skills typically asked for this role: sql, excel, python, power bi, statistics. This is a sample role built from typical industry requirements, not a confirmed vacancy. Check the company's careers page for the real opening.|10
seed:64abdda725d28a4e|Genpact|Python Developer|FULL_TIME|Multiple locations|Hybrid|3-6 Lacs PA|0-2 Yrs|python,sql,rest api,git,pandas|Genpact is looking for fresh graduates and early-career candidates for the Python Developer role in the it services space. Skills typically asked for this role: python, sql, rest api, git, pandas. This is a sample role built from typical industry requirements, not a confirmed vacancy. Check the company's careers page for the real opening.|2
seed:27e73bc07fc246b7|Genpact|Software Engineer Trainee|FULL_TIME|Multiple locations|Remote|4-7 Lacs PA|0-1 Yrs|java,sql,data structures,git,rest api|Genpact is looking for fresh graduates and early-career candidates for the Software Engineer Trainee role in the it services space. Skills typically asked for this role: java, sql, data structures, git, rest api. This is a sample role built from typical industry requirements, not a confirmed vacancy. Check the company's careers page for the real opening.|0
seed:5741437fbeaa4518|EXL Service|Software Development Intern|INTERNSHIP|Multiple locations|Onsite|₹15,000 / month|Internship|python,java,data structures,git|EXL Service is looking for fresh graduates and early-career candidates for the Software Development Intern role in the it services space. Skills typically asked for this role: python, java, data structures, git. This is a sample role built from typical industry requirements, not a confirmed vacancy. Check the company's careers page for the real opening.|4
seed:170b63d4537bab7c|EXL Service|Cyber Security Analyst|FULL_TIME|Multiple locations|Onsite|4-7 Lacs PA|0-2 Yrs|cyber security,linux,python,communication|EXL Service is looking for fresh graduates and early-career candidates for the Cyber Security Analyst role in the it services space. Skills typically asked for this role: cyber security, linux, python, communication. This is a sample role built from typical industry requirements, not a confirmed vacancy. Check the company's careers page for the real opening.|1
seed:2e0fa0bd934b6ffe|EXL Service|Machine Learning Engineer|FULL_TIME|Multiple locations|Onsite|4-7 Lacs PA|0-2 Yrs|python,machine learning,tensorflow,pandas,numpy,scikit-learn|EXL Service is looking for fresh graduates and early-career candidates for the Machine Learning Engineer role in the it services space. Skills typically asked for this role: python, machine learning, tensorflow, pandas, numpy, scikit-learn. This is a sample role built from typical industry requirements, not a confirmed vacancy. Check the company's careers page for the real opening.|0
seed:4b299b51d5675208|WNS Global Services|Machine Learning Engineer|FULL_TIME|Kolkata, Pune|Onsite|4-6 Lacs PA|0-2 Yrs|python,machine learning,tensorflow,pandas,numpy,scikit-learn|WNS Global Services is looking for fresh graduates and early-career candidates for the Machine Learning Engineer role in the it services space. Skills typically asked for this role: python, machine learning, tensorflow, pandas, numpy, scikit-learn. This is a sample role built from typical industry requirements, not a confirmed vacancy. Check the company's careers page for the real opening.|1
seed:e83b4702114b364e|WNS Global Services|Java Developer|FULL_TIME|Chennai, Ahmedabad|Onsite|4-7 Lacs PA|0-2 Yrs|java,spring boot,mysql,rest api,git|WNS Global Services is looking for fresh graduates and early-career candidates for the Java Developer role in the it services space. Skills typically asked for this role: java, spring boot, mysql, rest api, git. This is a sample role built from typical industry requirements, not a confirmed vacancy. Check the company's careers page for the real opening.|10
seed:7dffc8b413063613|WNS Global Services|Associate Software Engineer|FULL_TIME|Kochi, Noida|Remote|3-6 Lacs PA|0-2 Yrs|python,sql,data structures,git,linux|WNS Global Services is looking for fresh graduates and early-career candidates for the Associate Software Engineer role in the it services space. Skills typically asked for this role: python, sql, data structures, git, linux. This is a sample role built from typical industry requirements, not a confirmed vacancy. Check the company's careers page for the real opening.|14
seed:e3e0272d4fcfec6c|Firstsource Solutions|DevOps Engineer|FULL_TIME|Noida, Ahmedabad, Delhi NCR|Hybrid|4-7 Lacs PA|0-2 Yrs|linux,docker,kubernetes,aws,git|Firstsource Solutions is looking for fresh graduates and early-career candidates for the DevOps Engineer role in the it services space. Skills typically asked for this role: linux, docker, kubernetes, aws, git. This is a sample role built from typical industry requirements, not a confirmed vacancy. Check the company's careers page for the real opening.|9
seed:2ba45cb16b3c14ad|Firstsource Solutions|Frontend Developer|FULL_TIME|Kochi, Noida, Visakhapatnam|Onsite|4-8 Lacs PA|0-2 Yrs|javascript,typescript,react,html,css,git|Firstsource Solutions is looking for fresh graduates and early-career candidates for the Frontend Developer role in the it services space. Skills typically asked for this role: javascript, typescript, react, html, css, git. This is a sample role built from typical industry requirements, not a confirmed vacancy. Check the company's careers page for the real opening.|5
seed:8ae023b8e0272fc6|Firstsource Solutions|Full Stack Developer|FULL_TIME|Hyderabad, Bengaluru, Mumbai|Onsite|4-8 Lacs PA|0-2 Yrs|javascript,react,node.js,html,css,mongodb,git|Firstsource Solutions is looking for fresh graduates and early-career candidates for the Full Stack Developer role in the it services space. Skills typically asked for this role: javascript, react, node.js, html, css, mongodb, git. This is a sample role built from typical industry requirements, not a confirmed vacancy. Check the company's careers page for the real opening.|0
seed:6eccdb576dd1cf27|Sasken Technologies|Associate Software Engineer|FULL_TIME|Ahmedabad, Kolkata|Remote|3-7 Lacs PA|0-2 Yrs|python,sql,data structures,git,linux|Sasken Technologies is looking for fresh graduates and early-career candidates for the Associate Software Engineer role in the engineering services space. Skills typically asked for this role: python, sql, data structures, git, linux. This is a sample role built from typical industry requirements, not a confirmed vacancy. Check the company's careers page for the real opening.|6
seed:220cf4c2466c4746|Sasken Technologies|DevOps Engineer|FULL_TIME|Mumbai|Remote|5-9 Lacs PA|0-2 Yrs|linux,docker,kubernetes,aws,git|Sasken Technologies is looking for fresh graduates and early-career candidates for the DevOps Engineer role in the engineering services space. Skills typically asked for this role: linux, docker, kubernetes, aws, git. This is a sample role built from typical industry requirements, not a confirmed vacancy. Check the company's careers page for the real opening.|9
seed:116c844e84ed8ff2|Sasken Technologies|Data Analyst|FULL_TIME|Delhi NCR|Onsite|2-5 Lacs PA|0-2 Yrs|sql,excel,python,power bi,statistics|Sasken Technologies is looking for fresh graduates and early-career candidates for the Data Analyst role in the engineering services space. Skills typically asked for this role: sql, excel, python, power bi, statistics. This is a sample role built from typical industry requirements, not a confirmed vacancy. Check the company's careers page for the real opening.|14
seed:85ea775be2bd3fc2|Quess IT Solutions|Software Engineer Trainee|FULL_TIME|Ahmedabad, Visakhapatnam|Onsite|3-5 Lacs PA|0-1 Yrs|java,sql,data structures,git,rest api|Quess IT Solutions is looking for fresh graduates and early-career candidates for the Software Engineer Trainee role in the it services space. Skills typically asked for this role: java, sql, data structures, git, rest api. This is a sample role built from typical industry requirements, not a confirmed vacancy. Check the company's careers page for the real opening.|0
seed:84a95c1d459ad377|Quess IT Solutions|Frontend Developer|FULL_TIME|Ahmedabad|Onsite|3-6 Lacs PA|0-2 Yrs|javascript,typescript,react,html,css,git|Quess IT Solutions is looking for fresh graduates and early-career candidates for the Frontend Developer role in the it services space. Skills typically asked for this role: javascript, typescript, react, html, css, git. This is a sample role built from typical industry requirements, not a confirmed vacancy. Check the company's careers page for the real opening.|6
seed:ffda56045f779e55|Quess IT Solutions|Software Development Intern|INTERNSHIP|Pune|Remote|₹20,000 / month|Internship|python,java,data structures,git|Quess IT Solutions is looking for fresh graduates and early-career candidates for the Software Development Intern role in the it services space. Skills typically asked for this role: python, java, data structures, git. This is a sample role built from typical industry requirements, not a confirmed vacancy. Check the company's careers page for the real opening.|2
seed:3d8a95363d1e784d|Hyundai Motor India|Embedded Software Engineer|FULL_TIME|Visakhapatnam, Pune|Hybrid|4-6 Lacs PA|0-2 Yrs|embedded c,c++,iot,arduino,linux|Hyundai Motor India is looking for fresh graduates and early-career candidates for the Embedded Software Engineer role in the automobile space. Skills typically asked for this role: embedded c, c++, iot, arduino, linux. This is a sample role built from typical industry requirements, not a confirmed vacancy. Check the company's careers page for the real opening.|0
seed:dbe49801af0874ff|Hyundai Motor India|Electrical Engineer Trainee|FULL_TIME|Visakhapatnam|Onsite|4-6 Lacs PA|0-2 Yrs|plc,scada,matlab,autocad,embedded c|Hyundai Motor India is looking for fresh graduates and early-career candidates for the Electrical Engineer Trainee role in the automobile space. Skills typically asked for this role: plc, scada, matlab, autocad, embedded c. This is a sample role built from typical industry requirements, not a confirmed vacancy. Check the company's careers page for the real opening.|2
seed:058d598ac16bdecc|Kia India|Civil Site Engineer|FULL_TIME|Mumbai, Chennai|Onsite|2-5 Lacs PA|0-2 Yrs|autocad,revit,staad pro,project management|Kia India is looking for fresh graduates and early-career candidates for the Civil Site Engineer role in the automobile space. Skills typically asked for this role: autocad, revit, staad pro, project management. This is a sample role built from typical industry requirements, not a confirmed vacancy. Check the company's careers page for the real opening.|9
seed:406768c5a7f50106|Kia India|Design Engineer|FULL_TIME|Delhi NCR, Ahmedabad, Bengaluru|Hybrid|3-6 Lacs PA|0-2 Yrs|autocad,solidworks,catia,cad,ansys|Kia India is looking for fresh graduates and early-career candidates for the Design Engineer role in the automobile space. Skills typically asked for this role: autocad, solidworks, catia, cad, ansys. This is a sample role built from typical industry requirements, not a confirmed vacancy. Check the company's careers page for the real opening.|5
seed:01aa8fdc8cd35575|Tata Advanced Systems|Engineering Intern|INTERNSHIP|Gurugram, Pune|Onsite|₹15,000 / month|Internship|autocad,matlab,solidworks,communication|Tata Advanced Systems is looking for fresh graduates and early-career candidates for the Engineering Intern role in the aerospace and defence space. Skills typically asked for this role: autocad, matlab, solidworks, communication. This is a sample role built from typical industry requirements, not a confirmed vacancy. Check the company's careers page for the real opening.|2
seed:75918d79ee9f72bc|Tata Advanced Systems|Production Engineer|FULL_TIME|Mumbai, Chennai|Hybrid|3-7 Lacs PA|0-2 Yrs|lean manufacturing,six sigma,quality control,cnc,cad|Tata Advanced Systems is looking for fresh graduates and early-career candidates for the Production Engineer role in the aerospace and defence space. Skills typically asked for this role: lean manufacturing, six sigma, quality control, cnc, cad. This is a sample role built from typical industry requirements, not a confirmed vacancy. Check the company's careers page for the real opening.|4
seed:d095d18ab552b090|Larsen & Toubro Infotech|Data Science Intern|INTERNSHIP|Gurugram, Pune, Mumbai|Onsite|₹20,000 / month|Internship|python,pandas,numpy,machine learning,sql|Larsen & Toubro Infotech is looking for fresh graduates and early-career candidates for the Data Science Intern role in the it services space. Skills typically asked for this role: python, pandas, numpy, machine learning, sql. This is a sample role built from typical industry requirements, not a confirmed vacancy. Check the company's careers page for the real opening.|13
seed:2045f792d219b5aa|Larsen & Toubro Infotech|Machine Learning Engineer|FULL_TIME|Kolkata, Noida|Remote|6-10 Lacs PA|0-2 Yrs|python,machine learning,tensorflow,pandas,numpy,scikit-learn|Larsen & Toubro Infotech is looking for fresh graduates and early-career candidates for the Machine Learning Engineer role in the it services space. Skills typically asked for this role: python, machine learning, tensorflow, pandas, numpy, scikit-learn. This is a sample role built from typical industry requirements, not a confirmed vacancy. Check the company's careers page for the real opening.|6
seed:8acb7e7036dae734|Larsen & Toubro Infotech|Software Development Intern|INTERNSHIP|Kolkata, Kochi|Hybrid|₹12,000 / month|Internship|python,java,data structures,git|Larsen & Toubro Infotech is looking for fresh graduates and early-career candidates for the Software Development Intern role in the it services space. Skills typically asked for this role: python, java, data structures, git. This is a sample role built from typical industry requirements, not a confirmed vacancy. Check the company's careers page for the real opening.|13
seed:4f9d55c3058e5ee1|Dr. Lal PathLabs|Research Associate|FULL_TIME|Hyderabad, Pune, Visakhapatnam|Onsite|1-3 Lacs PA|0-2 Yrs|research,lab techniques,pcr,pharmacology|Dr. Lal PathLabs is looking for fresh graduates and early-career candidates for the Research Associate role in the diagnostics space. Skills typically asked for this role: research, lab techniques, pcr, pharmacology. This is a sample role built from typical industry requirements, not a confirmed vacancy. Check the company's careers page for the real opening.|5
seed:190fad82856a5434|Dr. Lal PathLabs|Clinical Research Associate|FULL_TIME|Gurugram|Onsite|2-6 Lacs PA|0-2 Yrs|clinical research,research,statistics,communication|Dr. Lal PathLabs is looking for fresh graduates and early-career candidates for the Clinical Research Associate role in the diagnostics space. Skills typically asked for this role: clinical research, research, statistics, communication. This is a sample role built from typical industry requirements, not a confirmed vacancy. Check the company's careers page for the real opening.|7
seed:594fbb6dea889676|Metropolis Healthcare|Research Associate|FULL_TIME|Kochi|Onsite|3-5 Lacs PA|0-2 Yrs|research,lab techniques,pcr,pharmacology|Metropolis Healthcare is looking for fresh graduates and early-career candidates for the Research Associate role in the diagnostics space. Skills typically asked for this role: research, lab techniques, pcr, pharmacology. This is a sample role built from typical industry requirements, not a confirmed vacancy. Check the company's careers page for the real opening.|12
seed:20433704bb712ec5|Metropolis Healthcare|Clinical Research Associate|FULL_TIME|Ahmedabad|Onsite|3-6 Lacs PA|0-2 Yrs|clinical research,research,statistics,communication|Metropolis Healthcare is looking for fresh graduates and early-career candidates for the Clinical Research Associate role in the diagnostics space. Skills typically asked for this role: clinical research, research, statistics, communication. This is a sample role built from typical industry requirements, not a confirmed vacancy. Check the company's careers page for the real opening.|1
seed:49eb51b712fdbee6|Nuvama Wealth|Operations Executive|FULL_TIME|Delhi NCR, Ahmedabad|Hybrid|2-5 Lacs PA|0-2 Yrs|excel,communication,accounting,tally,gst|Nuvama Wealth is looking for fresh graduates and early-career candidates for the Operations Executive role in the capital markets space. Skills typically asked for this role: excel, communication, accounting, tally, gst. This is a sample role built from typical industry requirements, not a confirmed vacancy. Check the company's careers page for the real opening.|1
seed:d51a4cbe6ae87629|Nuvama Wealth|Risk Analyst|FULL_TIME|Bengaluru, Noida|Onsite|4-8 Lacs PA|0-2 Yrs|excel,statistics,sql,python,financial modeling|Nuvama Wealth is looking for fresh graduates and early-career candidates for the Risk Analyst role in the capital markets space. Skills typically asked for this role: excel, statistics, sql, python, financial modeling. This is a sample role built from typical industry requirements, not a confirmed vacancy. Check the company's careers page for the real opening.|12
seed:e023606a5b0694c1|Angel One|Financial Analyst Trainee|FULL_TIME|Visakhapatnam, Gurugram|Onsite|3-7 Lacs PA|0-2 Yrs|excel,financial modeling,accounting,statistics,communication|Angel One is looking for fresh graduates and early-career candidates for the Financial Analyst Trainee role in the capital markets space. Skills typically asked for this role: excel, financial modeling, accounting, statistics, communication. This is a sample role built from typical industry requirements, not a confirmed vacancy. Check the company's careers page for the real opening.|13
seed:6922a588274aa7c0|Angel One|Management Trainee|FULL_TIME|Pune, Hyderabad|Onsite|4-6 Lacs PA|0-1 Yrs|communication,excel,sales,business analysis|Angel One is looking for fresh graduates and early-career candidates for the Management Trainee role in the capital markets space. Skills typically asked for this role: communication, excel, sales, business analysis. This is a sample role built from typical industry requirements, not a confirmed vacancy. Check the company's careers page for the real opening.|11
seed:e2e42cc476b06d15|CAMS (Computer Age Management Services)|Management Trainee|FULL_TIME|Hyderabad, Visakhapatnam, Kochi|Hybrid|3-7 Lacs PA|0-1 Yrs|communication,excel,sales,business analysis|CAMS (Computer Age Management Services) is looking for fresh graduates and early-career candidates for the Management Trainee role in the capital markets space. Skills typically asked for this role: communication, excel, sales, business analysis. This is a sample role built from typical industry requirements, not a confirmed vacancy. Check the company's careers page for the real opening.|10
seed:84e2789b79106a79|CAMS (Computer Age Management Services)|Business Analyst|FULL_TIME|Kolkata|Onsite|3-6 Lacs PA|0-2 Yrs|sql,excel,business analysis,power bi,communication|CAMS (Computer Age Management Services) is looking for fresh graduates and early-career candidates for the Business Analyst role in the capital markets space. Skills typically asked for this role: sql, excel, business analysis, power bi, communication. This is a sample role built from typical industry requirements, not a confirmed vacancy. Check the company's careers page for the real opening.|3
seed:1cd77b30acd644a9|Policybazaar Insurance|Finance Intern|INTERNSHIP|Chennai|Onsite|₹8,000 / month|Internship|excel,accounting,financial modeling,communication|Policybazaar Insurance is looking for fresh graduates and early-career candidates for the Finance Intern role in the insurance space. Skills typically asked for this role: excel, accounting, financial modeling, communication. This is a sample role built from typical industry requirements, not a confirmed vacancy. Check the company's careers page for the real opening.|2
seed:36739610d972d795|Policybazaar Insurance|Risk Analyst|FULL_TIME|Kolkata, Pune, Delhi NCR|Hybrid|5-8 Lacs PA|0-2 Yrs|excel,statistics,sql,python,financial modeling|Policybazaar Insurance is looking for fresh graduates and early-career candidates for the Risk Analyst role in the insurance space. Skills typically asked for this role: excel, statistics, sql, python, financial modeling. This is a sample role built from typical industry requirements, not a confirmed vacancy. Check the company's careers page for the real opening.|10
